variation_id,position,type,review_status,number_submitters,clinical_significance,gene_symbol,label,in_domain
796,500.0,single nucleotide variant,"criteria provided, multiple submitters, no conflicts",5,Pathogenic,APC,1,False
797,414.0,single nucleotide variant,reviewed by expert panel,30,Benign,APC,0,False
799,280.0,single nucleotide variant,"criteria provided, multiple submitters, no conflicts",3,Pathogenic,APC,1,False
800,713.0,single nucleotide variant,"criteria provided, multiple submitters, no conflicts",4,Pathogenic,APC,1,False
801,1338.0,single nucleotide variant,"criteria provided, multiple submitters, no conflicts",4,Pathogenic,APC,1,False
803,1067.0,single nucleotide variant,"criteria provided, multiple submitters, no conflicts",4,Pathogenic,APC,1,True
806,541.0,single nucleotide variant,"criteria provided, multiple submitters, no conflicts",9,Pathogenic,APC,1,False
807,554.0,single nucleotide variant,"criteria provided, multiple submitters, no conflicts",16,Pathogenic,APC,1,False
808,564.0,single nucleotide variant,"criteria provided, multiple submitters, no conflicts",19,Pathogenic,APC,1,False
810,935.0,single nucleotide variant,"criteria provided, multiple submitters, no conflicts",21,Pathogenic,APC,1,False
813,157.0,single nucleotide variant,"criteria provided, multiple submitters, no conflicts",3,Pathogenic,APC,1,False
814,215.0,single nucleotide variant,"criteria provided, multiple submitters, no conflicts",11,Pathogenic,APC,1,False
817,1395.0,single nucleotide variant,no assertion criteria provided,1,Pathogenic,APC,1,False
824,499.0,single nucleotide variant,"criteria provided, multiple submitters, no conflicts",18,Pathogenic,APC,1,False
825,486.0,single nucleotide variant,"criteria provided, single submitter",2,Pathogenic,APC,1,False
832,698.0,single nucleotide variant,"criteria provided, single submitter",2,Pathogenic,APC,1,False
839,208.0,single nucleotide variant,"criteria provided, multiple submitters, no conflicts",4,Pathogenic,APC,1,False
1753,622.0,single nucleotide variant,reviewed by expert panel,7,Pathogenic,MSH2,1,True
1755,406.0,single nucleotide variant,reviewed by expert panel,28,Pathogenic,MSH2,1,True
1756,639.0,single nucleotide variant,reviewed by expert panel,9,Pathogenic,MSH2,1,True
1757,596.0,Deletion,reviewed by expert panel,21,Pathogenic,MSH2,1,True
1758,601.0,single nucleotide variant,reviewed by expert panel,10,Pathogenic,MSH2,1,True
1762,322.0,single nucleotide variant,reviewed by expert panel,33,Benign,MSH2,0,True
1764,636.0,single nucleotide variant,reviewed by expert panel,25,Pathogenic,MSH2,1,True
7814,157.0,single nucleotide variant,reviewed by expert panel,5,Pathogenic,PTEN,1,True
7815,170.0,single nucleotide variant,reviewed by expert panel,2,Pathogenic,PTEN,1,True
7816,123.0,single nucleotide variant,reviewed by expert panel,8,Pathogenic,PTEN,1,True
7817,124.0,single nucleotide variant,reviewed by expert panel,7,Pathogenic,PTEN,1,True
7819,130.0,single nucleotide variant,"criteria provided, multiple submitters, no conflicts",57,Pathogenic,PTEN,1,True
7825,35.0,single nucleotide variant,reviewed by expert panel,5,Pathogenic,PTEN,1,True
7827,214.0,single nucleotide variant,"criteria provided, multiple submitters, no conflicts",7,Pathogenic,PTEN,1,False
7828,256.0,single nucleotide variant,reviewed by expert panel,2,Pathogenic,PTEN,1,False
7829,130.0,single nucleotide variant,reviewed by expert panel,22,Pathogenic,PTEN,1,True
7832,112.0,single nucleotide variant,"criteria provided, multiple submitters, no conflicts",3,Pathogenic,PTEN,1,True
7833,335.0,single nucleotide variant,reviewed by expert panel,44,Pathogenic,PTEN,1,False
7836,211.0,single nucleotide variant,"criteria provided, multiple submitters, no conflicts",11,Pathogenic,PTEN,1,False
7848,93.0,single nucleotide variant,reviewed by expert panel,10,Pathogenic,PTEN,1,True
7849,252.0,single nucleotide variant,reviewed by expert panel,10,Pathogenic,PTEN,1,False
8931,878.0,single nucleotide variant,reviewed by expert panel,38,Benign,MSH6,0,True
8932,218.0,Duplication,reviewed by expert panel,20,Pathogenic,MSH6,1,False
9234,134.0,single nucleotide variant,reviewed by expert panel,23,Pathogenic,PMS2,1,True
9237,802.0,single nucleotide variant,reviewed by expert panel,24,Pathogenic,PMS2,1,True
9242,628.0,single nucleotide variant,reviewed by expert panel,23,Pathogenic,PMS2,1,True
9249,73.0,single nucleotide variant,no assertion criteria provided,1,Pathogenic,PMS2,1,True
9322,938.0,Deletion,reviewed by expert panel,66,Pathogenic,BRCA2,1,False
9324,1302.0,Microsatellite,reviewed by expert panel,3,Benign,BRCA2,0,False
9329,372.0,single nucleotide variant,reviewed by expert panel,39,Benign,BRCA2,0,False
9340,2722.0,single nucleotide variant,reviewed by expert panel,23,Pathogenic,BRCA2,1,False
9343,2740.0,single nucleotide variant,reviewed by expert panel,5,Pathogenic,BRCA2,1,False
9344,1550.0,single nucleotide variant,reviewed by expert panel,9,Pathogenic,BRCA2,1,False
9346,1882.0,single nucleotide variant,reviewed by expert panel,11,Pathogenic,BRCA2,1,False
9347,3066.0,single nucleotide variant,reviewed by expert panel,26,Pathogenic,BRCA2,1,False
12347,248.0,single nucleotide variant,reviewed by expert panel,41,Pathogenic,TP53,1,True
12349,245.0,single nucleotide variant,"criteria provided, multiple submitters, no conflicts",10,Pathogenic,TP53,1,True
12351,72.0,single nucleotide variant,reviewed by expert panel,33,Benign,TP53,0,False
12356,248.0,single nucleotide variant,reviewed by expert panel,48,Pathogenic,TP53,1,True
12357,133.0,single nucleotide variant,"criteria provided, multiple submitters, no conflicts",6,Pathogenic,TP53,1,True
12363,120.0,single nucleotide variant,"criteria provided, single submitter",2,Pathogenic,TP53,1,True
12365,245.0,single nucleotide variant,reviewed by expert panel,37,Pathogenic,TP53,1,True
12366,273.0,single nucleotide variant,reviewed by expert panel,44,Pathogenic,TP53,1,True
12374,175.0,single nucleotide variant,reviewed by expert panel,38,Pathogenic,TP53,1,True
12383,220.0,single nucleotide variant,"criteria provided, multiple submitters, no conflicts",7,Pathogenic,TP53,1,True
12384,285.0,single nucleotide variant,"criteria provided, single submitter",3,Pathogenic,TP53,1,True
17078,252.0,single nucleotide variant,"criteria provided, single submitter",2,Pathogenic,MLH1,1,True
17079,44.0,single nucleotide variant,reviewed by expert panel,5,Pathogenic,MLH1,1,True
17080,618.0,Microsatellite,reviewed by expert panel,28,Pathogenic,MLH1,1,False
17085,329.0,single nucleotide variant,reviewed by expert panel,5,Pathogenic,MLH1,1,False
17087,226.0,single nucleotide variant,reviewed by expert panel,25,Pathogenic,MLH1,1,True
17088,67.0,single nucleotide variant,reviewed by expert panel,4,Pathogenic,MLH1,1,True
17089,618.0,Indel,reviewed by expert panel,29,Benign,MLH1,0,False
17090,578.0,single nucleotide variant,reviewed by expert panel,18,Benign,MLH1,0,False
17094,117.0,single nucleotide variant,reviewed by expert panel,35,Pathogenic,MLH1,1,True
17096,132.0,single nucleotide variant,reviewed by expert panel,19,Benign,MLH1,0,True
17097,648.0,single nucleotide variant,reviewed by expert panel,7,Pathogenic,MLH1,1,False
17098,269.0,single nucleotide variant,reviewed by expert panel,7,Pathogenic,MLH1,1,True
17099,681.0,single nucleotide variant,reviewed by expert panel,27,Pathogenic,MLH1,1,False
17105,35.0,Indel,reviewed by expert panel,2,Pathogenic,MLH1,1,True
17106,67.0,single nucleotide variant,reviewed by expert panel,9,Pathogenic,MLH1,1,True
17660,64.0,single nucleotide variant,"criteria provided, multiple submitters, no conflicts",16,Pathogenic,BRCA1,1,False
17661,61.0,single nucleotide variant,reviewed by expert panel,68,Pathogenic,BRCA1,1,False
17670,1040.0,single nucleotide variant,reviewed by expert panel,43,Benign,BRCA1,0,False
17671,1203.0,single nucleotide variant,reviewed by expert panel,51,Pathogenic,BRCA1,1,False
17672,1250.0,single nucleotide variant,reviewed by expert panel,29,Pathogenic,BRCA1,1,False
17675,1443.0,single nucleotide variant,reviewed by expert panel,54,Pathogenic,BRCA1,1,False
17676,1443.0,single nucleotide variant,reviewed by expert panel,21,Benign,BRCA1,0,False
17681,841.0,single nucleotide variant,reviewed by expert panel,42,Benign,BRCA1,0,False
17682,797.0,single nucleotide variant,reviewed by expert panel,20,Pathogenic,BRCA1,1,False
17693,71.0,single nucleotide variant,reviewed by expert panel,36,Pathogenic,BRCA1,1,False
17694,1775.0,single nucleotide variant,reviewed by expert panel,28,Pathogenic,BRCA1,1,True
17695,1775.0,single nucleotide variant,reviewed by expert panel,10,Pathogenic,BRCA1,1,True
21030,1822.0,single nucleotide variant,reviewed by expert panel,26,Benign,APC,0,False
29654,265.0,single nucleotide variant,reviewed by expert panel,26,Pathogenic,MLH1,1,True
29657,622.0,single nucleotide variant,reviewed by expert panel,9,Pathogenic,MLH1,1,False
36540,461.0,single nucleotide variant,reviewed by expert panel,18,Pathogenic,MLH1,1,False
36546,653.0,single nucleotide variant,reviewed by expert panel,28,Benign,MLH1,0,False
36547,718.0,single nucleotide variant,reviewed by expert panel,32,Benign,MLH1,0,False
36550,100.0,single nucleotide variant,reviewed by expert panel,20,Pathogenic,MLH1,1,True
36557,219.0,single nucleotide variant,reviewed by expert panel,31,Benign,MLH1,0,True
36561,344.0,single nucleotide variant,reviewed by expert panel,8,Pathogenic,MSH2,1,True
36568,556.0,single nucleotide variant,reviewed by expert panel,30,Benign,MSH2,0,True
36572,680.0,single nucleotide variant,reviewed by expert panel,25,Pathogenic,MSH2,1,True
36576,113.0,single nucleotide variant,reviewed by expert panel,32,Benign,MSH2,0,False
36577,127.0,single nucleotide variant,reviewed by expert panel,31,Benign,MSH2,0,False
36581,39.0,single nucleotide variant,reviewed by expert panel,30,Benign,MSH6,0,False
36582,396.0,single nucleotide variant,reviewed by expert panel,33,Benign,MSH6,0,False
36583,449.0,single nucleotide variant,"criteria provided, multiple submitters, no conflicts",21,Benign,MSH6,0,True
36584,62.0,single nucleotide variant,reviewed by expert panel,23,Benign,MSH6,0,False
36585,751.0,single nucleotide variant,reviewed by expert panel,22,Benign,MSH6,0,True
36587,92.0,single nucleotide variant,reviewed by expert panel,23,Benign,MSH6,0,False
36589,1102.0,single nucleotide variant,reviewed by expert panel,24,Benign,MSH6,0,True
36597,180.0,single nucleotide variant,reviewed by expert panel,24,Benign,MSH6,0,False
36599,214.0,single nucleotide variant,reviewed by expert panel,25,Benign,MSH6,0,False
36685,470.0,single nucleotide variant,reviewed by expert panel,29,Benign,PMS2,0,True
36686,541.0,single nucleotide variant,reviewed by expert panel,7,Benign,PMS2,0,True
36688,751.0,single nucleotide variant,reviewed by expert panel,22,Benign,PMS2,0,True
36689,775.0,single nucleotide variant,reviewed by expert panel,29,Benign,PMS2,0,True
36690,822.0,single nucleotide variant,reviewed by expert panel,18,Benign,PMS2,0,True
36691,857.0,single nucleotide variant,reviewed by expert panel,23,Benign,PMS2,0,False
36693,260.0,single nucleotide variant,reviewed by expert panel,24,Benign,PMS2,0,True
37389,346.0,single nucleotide variant,reviewed by expert panel,16,Benign,BRCA1,0,False
37390,369.0,single nucleotide variant,reviewed by expert panel,14,Benign,BRCA1,0,False
37415,494.0,single nucleotide variant,reviewed by expert panel,20,Pathogenic,BRCA1,1,False
37416,496.0,single nucleotide variant,reviewed by expert panel,28,Benign,BRCA1,0,False
37420,512.0,single nucleotide variant,reviewed by expert panel,18,Benign,BRCA1,0,False
37421,52.0,single nucleotide variant,reviewed by expert panel,22,Benign,BRCA1,0,False
37423,550.0,single nucleotide variant,reviewed by expert panel,40,Benign,BRCA1,0,False
37426,563.0,single nucleotide variant,reviewed by expert panel,54,Pathogenic,BRCA1,1,False
37430,616.0,Microsatellite,reviewed by expert panel,25,Benign,BRCA1,0,False
37436,654.0,single nucleotide variant,reviewed by expert panel,13,Pathogenic,BRCA1,1,False
37441,668.0,single nucleotide variant,reviewed by expert panel,24,Benign,BRCA1,0,False
37451,713.0,single nucleotide variant,reviewed by expert panel,18,Pathogenic,BRCA1,1,False
37452,719.0,single nucleotide variant,reviewed by expert panel,18,Benign,BRCA1,0,False
37453,720.0,single nucleotide variant,reviewed by expert panel,10,Pathogenic,BRCA1,1,False
37454,723.0,single nucleotide variant,reviewed by expert panel,32,Benign,BRCA1,0,False
37464,784.0,single nucleotide variant,reviewed by expert panel,14,Benign,BRCA1,0,False
37473,826.0,single nucleotide variant,reviewed by expert panel,33,Benign,BRCA1,0,False
37475,855.0,single nucleotide variant,reviewed by expert panel,13,Pathogenic,BRCA1,1,False
37476,862.0,single nucleotide variant,reviewed by expert panel,19,Benign,BRCA1,0,False
37477,868.0,single nucleotide variant,reviewed by expert panel,16,Pathogenic,BRCA1,1,False
37478,879.0,single nucleotide variant,reviewed by expert panel,12,Pathogenic,BRCA1,1,False
37479,890.0,single nucleotide variant,reviewed by expert panel,15,Benign,BRCA1,0,False
37480,893.0,single nucleotide variant,reviewed by expert panel,3,Pathogenic,BRCA1,1,False
37484,904.0,single nucleotide variant,reviewed by expert panel,6,Pathogenic,BRCA1,1,False
37488,920.0,single nucleotide variant,reviewed by expert panel,17,Benign,BRCA1,0,False
37489,925.0,single nucleotide variant,reviewed by expert panel,15,Benign,BRCA1,0,False
37493,978.0,single nucleotide variant,reviewed by expert panel,16,Pathogenic,BRCA1,1,False
37505,102.0,single nucleotide variant,reviewed by expert panel,12,Benign,BRCA1,0,False
37506,1028.0,single nucleotide variant,reviewed by expert panel,13,Benign,BRCA1,0,False
37507,1028.0,single nucleotide variant,reviewed by expert panel,26,Benign,BRCA1,0,False
37509,1038.0,single nucleotide variant,reviewed by expert panel,7,Pathogenic,BRCA1,1,False
37510,1044.0,single nucleotide variant,reviewed by expert panel,13,Benign,BRCA1,0,False
37522,1109.0,single nucleotide variant,reviewed by expert panel,15,Benign,BRCA1,0,False
37524,1118.0,single nucleotide variant,reviewed by expert panel,9,Pathogenic,BRCA1,1,False
37528,1130.0,single nucleotide variant,reviewed by expert panel,11,Pathogenic,BRCA1,1,False
37529,1134.0,single nucleotide variant,reviewed by expert panel,21,Pathogenic,BRCA1,1,False
37537,1219.0,single nucleotide variant,reviewed by expert panel,16,Benign,BRCA1,0,False
37540,1230.0,single nucleotide variant,reviewed by expert panel,8,Pathogenic,BRCA1,1,False
37543,1238.0,single nucleotide variant,reviewed by expert panel,23,Benign,BRCA1,0,False
37549,1275.0,single nucleotide variant,reviewed by expert panel,25,Benign,BRCA1,0,False
37554,1290.0,single nucleotide variant,reviewed by expert panel,11,Pathogenic,BRCA1,1,False
37556,1313.0,single nucleotide variant,reviewed by expert panel,18,Pathogenic,BRCA1,1,False
37558,1331.0,single nucleotide variant,reviewed by expert panel,5,Pathogenic,BRCA1,1,False
37559,1339.0,single nucleotide variant,reviewed by expert panel,10,Pathogenic,BRCA1,1,False
37569,1373.0,single nucleotide variant,reviewed by expert panel,18,Pathogenic,BRCA1,1,False
37572,1383.0,single nucleotide variant,reviewed by expert panel,7,Pathogenic,BRCA1,1,False
37580,143.0,single nucleotide variant,reviewed by expert panel,18,Benign,BRCA1,0,False
37581,143.0,single nucleotide variant,reviewed by expert panel,28,Pathogenic,BRCA1,1,False
37597,1495.0,single nucleotide variant,"criteria provided, multiple submitters, no conflicts",17,Pathogenic,BRCA1,1,False
37598,1495.0,single nucleotide variant,"criteria provided, multiple submitters, no conflicts",31,Pathogenic,BRCA1,1,False
37604,1559.0,single nucleotide variant,reviewed by expert panel,17,Pathogenic,BRCA1,1,False
37607,1563.0,single nucleotide variant,reviewed by expert panel,44,Pathogenic,BRCA1,1,False
37612,1606.0,single nucleotide variant,reviewed by expert panel,17,Benign,BRCA1,0,False
37615,1652.0,single nucleotide variant,reviewed by expert panel,15,Benign,BRCA1,0,True
37621,1664.0,single nucleotide variant,reviewed by expert panel,11,Benign,BRCA1,0,True
37626,1690.0,single nucleotide variant,reviewed by expert panel,14,Pathogenic,BRCA1,1,True
37633,1692.0,single nucleotide variant,reviewed by expert panel,19,Pathogenic,BRCA1,1,True
37636,1699.0,single nucleotide variant,reviewed by expert panel,54,Pathogenic,BRCA1,1,True
37638,1706.0,single nucleotide variant,reviewed by expert panel,18,Pathogenic,BRCA1,1,True
37645,1727.0,single nucleotide variant,reviewed by expert panel,17,Pathogenic,BRCA1,1,True
37648,1736.0,single nucleotide variant,reviewed by expert panel,24,Pathogenic,BRCA1,1,True
37656,1766.0,single nucleotide variant,reviewed by expert panel,13,Pathogenic,BRCA1,1,True
37658,1782.0,single nucleotide variant,reviewed by expert panel,23,Pathogenic,BRCA1,1,True
37660,1788.0,single nucleotide variant,reviewed by expert panel,14,Pathogenic,BRCA1,1,True
37661,179.0,single nucleotide variant,reviewed by expert panel,39,Benign,BRCA1,0,False
37663,1796.0,single nucleotide variant,reviewed by expert panel,9,Pathogenic,BRCA1,1,True
37664,18.0,single nucleotide variant,reviewed by expert panel,21,Pathogenic,BRCA1,1,False
37679,1837.0,single nucleotide variant,reviewed by expert panel,22,Pathogenic,BRCA1,1,True
37684,191.0,single nucleotide variant,reviewed by expert panel,26,Benign,BRCA1,0,False
37689,214.0,single nucleotide variant,reviewed by expert panel,14,Benign,BRCA1,0,False
37697,261.0,single nucleotide variant,reviewed by expert panel,12,Pathogenic,BRCA1,1,False
37706,276.0,single nucleotide variant,reviewed by expert panel,17,Benign,BRCA1,0,False
37707,29.0,single nucleotide variant,reviewed by expert panel,10,Pathogenic,BRCA1,1,False
37709,316.0,single nucleotide variant,reviewed by expert panel,16,Benign,BRCA1,0,False
37712,321.0,single nucleotide variant,reviewed by expert panel,22,Pathogenic,BRCA1,1,False
37719,3349.0,single nucleotide variant,reviewed by expert panel,21,Benign,BRCA2,0,False
37732,418.0,single nucleotide variant,reviewed by expert panel,4,Pathogenic,BRCA2,1,False
37734,42.0,single nucleotide variant,reviewed by expert panel,40,Benign,BRCA2,0,False
37738,462.0,single nucleotide variant,reviewed by expert panel,30,Benign,BRCA2,0,False
37751,56.0,single nucleotide variant,reviewed by expert panel,14,Benign,BRCA2,0,False
37753,582.0,single nucleotide variant,reviewed by expert panel,20,Benign,BRCA2,0,False
37759,600.0,single nucleotide variant,reviewed by expert panel,13,Pathogenic,BRCA2,1,False
37760,604.0,single nucleotide variant,reviewed by expert panel,15,Benign,BRCA2,0,False
37764,611.0,single nucleotide variant,reviewed by expert panel,21,Pathogenic,BRCA2,1,False
37765,617.0,single nucleotide variant,reviewed by expert panel,6,Pathogenic,BRCA2,1,False
37766,617.0,single nucleotide variant,reviewed by expert panel,6,Pathogenic,BRCA2,1,False
37767,622.0,single nucleotide variant,reviewed by expert panel,10,Benign,BRCA2,0,False
37768,630.0,single nucleotide variant,reviewed by expert panel,27,Benign,BRCA2,0,False
37770,655.0,single nucleotide variant,reviewed by expert panel,32,Benign,BRCA2,0,False
37771,657.0,single nucleotide variant,reviewed by expert panel,6,Pathogenic,BRCA2,1,False
37777,744.0,single nucleotide variant,reviewed by expert panel,10,Pathogenic,BRCA2,1,False
37784,803.0,single nucleotide variant,reviewed by expert panel,16,Pathogenic,BRCA2,1,False
37786,809.0,single nucleotide variant,reviewed by expert panel,11,Pathogenic,BRCA2,1,False
37799,92.0,single nucleotide variant,reviewed by expert panel,13,Pathogenic,BRCA2,1,False
37801,935.0,single nucleotide variant,reviewed by expert panel,22,Benign,BRCA2,0,False
37804,940.0,single nucleotide variant,reviewed by expert panel,12,Pathogenic,BRCA2,1,False
37812,993.0,single nucleotide variant,reviewed by expert panel,11,Pathogenic,BRCA2,1,False
37817,1019.0,single nucleotide variant,reviewed by expert panel,22,Benign,BRCA2,0,False
37818,1025.0,single nucleotide variant,reviewed by expert panel,2,Pathogenic,BRCA2,1,False
37819,1037.0,single nucleotide variant,reviewed by expert panel,18,Pathogenic,BRCA2,1,False
37820,1053.0,single nucleotide variant,reviewed by expert panel,17,Pathogenic,BRCA2,1,False
37833,1102.0,single nucleotide variant,reviewed by expert panel,12,Benign,BRCA2,0,False
37834,1103.0,single nucleotide variant,reviewed by expert panel,5,Pathogenic,BRCA2,1,False
37852,1228.0,single nucleotide variant,reviewed by expert panel,21,Benign,BRCA2,0,False
37863,1290.0,single nucleotide variant,reviewed by expert panel,37,Benign,BRCA2,0,False
37866,1306.0,single nucleotide variant,reviewed by expert panel,17,Benign,BRCA2,0,False
37867,1308.0,single nucleotide variant,reviewed by expert panel,24,Pathogenic,BRCA2,1,False
37869,132.0,single nucleotide variant,reviewed by expert panel,8,Pathogenic,BRCA2,1,False
37871,1.0,single nucleotide variant,"criteria provided, multiple submitters, no conflicts",6,Pathogenic,BRCA2,1,False
37878,1365.0,single nucleotide variant,reviewed by expert panel,13,Benign,BRCA2,0,False
37883,1382.0,Microsatellite,reviewed by expert panel,19,Benign,BRCA2,0,False
37884,1384.0,single nucleotide variant,reviewed by expert panel,5,Pathogenic,BRCA2,1,False
37886,1396.0,single nucleotide variant,reviewed by expert panel,28,Benign,BRCA2,0,False
37889,1408.0,single nucleotide variant,reviewed by expert panel,16,Pathogenic,BRCA2,1,False
37890,1415.0,single nucleotide variant,reviewed by expert panel,15,Pathogenic,BRCA2,1,False
37910,1529.0,single nucleotide variant,reviewed by expert panel,34,Benign,BRCA2,0,False
37936,1655.0,single nucleotide variant,reviewed by expert panel,34,Pathogenic,BRCA2,1,False
37938,1667.0,single nucleotide variant,reviewed by expert panel,4,Pathogenic,BRCA2,1,False
37942,1690.0,single nucleotide variant,reviewed by expert panel,29,Benign,BRCA2,0,False
37944,1694.0,single nucleotide variant,reviewed by expert panel,9,Pathogenic,BRCA2,1,False
37949,173.0,Deletion,reviewed by expert panel,15,Pathogenic,BRCA2,1,False
37950,1733.0,single nucleotide variant,reviewed by expert panel,32,Benign,BRCA2,0,False
37954,1747.0,Duplication,reviewed by expert panel,40,Pathogenic,BRCA2,1,False
37958,1771.0,single nucleotide variant,reviewed by expert panel,37,Benign,BRCA2,0,False
37972,1851.0,single nucleotide variant,reviewed by expert panel,19,Benign,BRCA2,0,False
37979,1872.0,single nucleotide variant,reviewed by expert panel,14,Pathogenic,BRCA2,1,False
37983,1878.0,single nucleotide variant,reviewed by expert panel,16,Benign,BRCA2,0,False
37984,1882.0,single nucleotide variant,reviewed by expert panel,48,Pathogenic,BRCA2,1,False
37985,1885.0,single nucleotide variant,reviewed by expert panel,15,Pathogenic,BRCA2,1,False
37988,1894.0,Duplication,reviewed by expert panel,20,Pathogenic,BRCA2,1,False
37989,1894.0,single nucleotide variant,reviewed by expert panel,45,Pathogenic,BRCA2,1,False
37990,1904.0,single nucleotide variant,reviewed by expert panel,22,Benign,BRCA2,0,False
37995,1923.0,single nucleotide variant,reviewed by expert panel,25,Benign,BRCA2,0,False
37996,1928.0,single nucleotide variant,reviewed by expert panel,14,Pathogenic,BRCA2,1,False
37997,1929.0,single nucleotide variant,reviewed by expert panel,34,Benign,BRCA2,0,False
38000,194.0,single nucleotide variant,reviewed by expert panel,12,Pathogenic,BRCA2,1,False
38002,1952.0,single nucleotide variant,reviewed by expert panel,7,Pathogenic,BRCA2,1,False
38007,1970.0,single nucleotide variant,reviewed by expert panel,25,Pathogenic,BRCA2,1,False
38011,1994.0,single nucleotide variant,reviewed by expert panel,12,Pathogenic,BRCA2,1,False
38016,2013.0,single nucleotide variant,reviewed by expert panel,23,Pathogenic,BRCA2,1,False
38022,2048.0,single nucleotide variant,reviewed by expert panel,16,Benign,BRCA2,0,False
38026,2069.0,single nucleotide variant,reviewed by expert panel,16,Pathogenic,BRCA2,1,False
38028,2074.0,single nucleotide variant,reviewed by expert panel,29,Benign,BRCA2,0,False
38032,2097.0,single nucleotide variant,reviewed by expert panel,20,Benign,BRCA2,0,False
38037,2108.0,single nucleotide variant,reviewed by expert panel,36,Benign,BRCA2,0,False
38039,2113.0,single nucleotide variant,reviewed by expert panel,18,Benign,BRCA2,0,False
38064,2250.0,single nucleotide variant,reviewed by expert panel,19,Benign,BRCA2,0,False
38070,2285.0,single nucleotide variant,reviewed by expert panel,30,Benign,BRCA2,0,False
38072,230.0,single nucleotide variant,reviewed by expert panel,10,Pathogenic,BRCA2,1,False
38076,2318.0,single nucleotide variant,reviewed by expert panel,40,Pathogenic,BRCA2,1,False
38077,2336.0,single nucleotide variant,reviewed by expert panel,48,Pathogenic,BRCA2,1,False
38085,2378.0,single nucleotide variant,reviewed by expert panel,12,Pathogenic,BRCA2,1,False
38086,2384.0,single nucleotide variant,reviewed by expert panel,32,Benign,BRCA2,0,False
38089,2420.0,single nucleotide variant,reviewed by expert panel,5,Pathogenic,BRCA2,1,False
38099,2494.0,single nucleotide variant,reviewed by expert panel,38,Pathogenic,BRCA2,1,False
38102,2515.0,single nucleotide variant,reviewed by expert panel,35,Benign,BRCA2,0,False
38116,2586.0,single nucleotide variant,reviewed by expert panel,20,Pathogenic,BRCA2,1,False
38122,2619.0,single nucleotide variant,reviewed by expert panel,18,Pathogenic,BRCA2,1,False
38124,2626.0,single nucleotide variant,reviewed by expert panel,16,Pathogenic,BRCA2,1,False
38125,2626.0,single nucleotide variant,reviewed by expert panel,35,Pathogenic,BRCA2,1,False
38128,2655.0,single nucleotide variant,reviewed by expert panel,6,Pathogenic,BRCA2,1,False
38129,2658.0,single nucleotide variant,reviewed by expert panel,11,Pathogenic,BRCA2,1,False
38130,2659.0,single nucleotide variant,reviewed by expert panel,15,Pathogenic,BRCA2,1,False
38131,2659.0,single nucleotide variant,"criteria provided, multiple submitters, no conflicts",31,Pathogenic,BRCA2,1,False
38134,2665.0,single nucleotide variant,reviewed by expert panel,22,Benign,BRCA2,0,False
38141,2723.0,single nucleotide variant,reviewed by expert panel,21,Pathogenic,BRCA2,1,False
38142,2729.0,single nucleotide variant,reviewed by expert panel,30,Benign,BRCA2,0,False
38152,277.0,single nucleotide variant,reviewed by expert panel,27,Benign,BRCA2,0,False
38177,2893.0,single nucleotide variant,reviewed by expert panel,15,Pathogenic,BRCA2,1,True
38179,2899.0,single nucleotide variant,reviewed by expert panel,16,Pathogenic,BRCA2,1,True
38180,2901.0,single nucleotide variant,reviewed by expert panel,17,Benign,BRCA2,0,True
38186,2922.0,single nucleotide variant,reviewed by expert panel,12,Benign,BRCA2,0,True
38190,2957.0,single nucleotide variant,reviewed by expert panel,11,Pathogenic,BRCA2,1,True
38193,2973.0,single nucleotide variant,reviewed by expert panel,19,Benign,BRCA2,0,True
38197,2984.0,single nucleotide variant,reviewed by expert panel,7,Pathogenic,BRCA2,1,True
38202,3006.0,single nucleotide variant,reviewed by expert panel,9,Pathogenic,BRCA2,1,True
38205,3013.0,single nucleotide variant,reviewed by expert panel,28,Benign,BRCA2,0,True
38207,3026.0,single nucleotide variant,reviewed by expert panel,22,Pathogenic,BRCA2,1,True
38215,3039.0,single nucleotide variant,reviewed by expert panel,40,Pathogenic,BRCA2,1,True
38220,3079.0,single nucleotide variant,reviewed by expert panel,24,Benign,BRCA2,0,False
38227,3098.0,single nucleotide variant,reviewed by expert panel,28,Benign,BRCA2,0,False
38228,3098.0,single nucleotide variant,reviewed by expert panel,10,Pathogenic,BRCA2,1,False
38229,3098.0,single nucleotide variant,reviewed by expert panel,30,Pathogenic,BRCA2,1,False
38233,3124.0,single nucleotide variant,reviewed by expert panel,45,Pathogenic,BRCA2,1,False
38235,3127.0,single nucleotide variant,reviewed by expert panel,20,Pathogenic,BRCA2,1,False
38245,3174.0,single nucleotide variant,"criteria provided, single submitter",2,Benign,BRCA2,0,False
38246,3175.0,single nucleotide variant,reviewed by expert panel,8,Pathogenic,BRCA2,1,False
38252,3198.0,single nucleotide variant,reviewed by expert panel,18,Benign,BRCA2,0,False
38253,3200.0,single nucleotide variant,reviewed by expert panel,13,Pathogenic,BRCA2,1,False
38266,3326.0,single nucleotide variant,reviewed by expert panel,50,Benign,BRCA2,0,False
39669,131.0,single nucleotide variant,reviewed by expert panel,4,Pathogenic,PTEN,1,True
41514,2502.0,single nucleotide variant,"criteria provided, multiple submitters, no conflicts",24,Benign,APC,0,False
41516,2621.0,single nucleotide variant,reviewed by expert panel,25,Benign,APC,0,False
41540,3412.0,single nucleotide variant,reviewed by expert panel,44,Benign,BRCA2,0,False
41541,384.0,single nucleotide variant,reviewed by expert panel,39,Benign,BRCA2,0,False
41542,505.0,single nucleotide variant,reviewed by expert panel,34,Benign,BRCA2,0,False
41543,598.0,single nucleotide variant,reviewed by expert panel,36,Benign,BRCA2,0,False
41544,784.0,single nucleotide variant,reviewed by expert panel,27,Benign,BRCA2,0,False
41545,991.0,single nucleotide variant,reviewed by expert panel,37,Benign,BRCA2,0,False
41546,1172.0,single nucleotide variant,reviewed by expert panel,33,Benign,BRCA2,0,False
41548,1194.0,single nucleotide variant,reviewed by expert panel,23,Benign,BRCA2,0,False
41549,1420.0,single nucleotide variant,reviewed by expert panel,42,Benign,BRCA2,0,False
41551,1593.0,single nucleotide variant,reviewed by expert panel,18,Benign,BRCA2,0,False
41556,1915.0,single nucleotide variant,reviewed by expert panel,42,Benign,BRCA2,0,False
41558,2034.0,single nucleotide variant,reviewed by expert panel,50,Benign,BRCA2,0,False
41559,2108.0,single nucleotide variant,reviewed by expert panel,30,Benign,BRCA2,0,False
41561,2116.0,single nucleotide variant,reviewed by expert panel,35,Benign,BRCA2,0,False
41562,2440.0,single nucleotide variant,reviewed by expert panel,35,Benign,BRCA2,0,False
41564,2717.0,single nucleotide variant,reviewed by expert panel,40,Benign,BRCA2,0,False
41565,2728.0,single nucleotide variant,reviewed by expert panel,40,Benign,BRCA2,0,False
41567,289.0,single nucleotide variant,reviewed by expert panel,38,Benign,BRCA2,0,False
41569,2944.0,single nucleotide variant,reviewed by expert panel,37,Benign,BRCA2,0,True
41570,2951.0,single nucleotide variant,reviewed by expert panel,46,Benign,BRCA2,0,True
41572,3244.0,single nucleotide variant,reviewed by expert panel,35,Benign,BRCA2,0,False
41596,144.0,single nucleotide variant,reviewed by expert panel,31,Benign,MSH6,0,False
41632,384.0,single nucleotide variant,reviewed by expert panel,28,Benign,MLH1,0,False
41634,406.0,single nucleotide variant,reviewed by expert panel,33,Benign,MLH1,0,False
41639,716.0,single nucleotide variant,reviewed by expert panel,31,Benign,MLH1,0,False
41640,213.0,single nucleotide variant,reviewed by expert panel,30,Benign,MLH1,0,True
41641,390.0,single nucleotide variant,reviewed by expert panel,20,Benign,MSH2,0,True
41651,272.0,single nucleotide variant,reviewed by expert panel,23,Benign,MSH2,0,True
41682,79.0,single nucleotide variant,reviewed by expert panel,23,Benign,PTEN,0,True
41702,485.0,single nucleotide variant,reviewed by expert panel,23,Benign,PMS2,0,True
41703,511.0,single nucleotide variant,reviewed by expert panel,28,Benign,PMS2,0,True
41704,511.0,single nucleotide variant,reviewed by expert panel,29,Benign,PMS2,0,True
41707,597.0,single nucleotide variant,reviewed by expert panel,28,Benign,PMS2,0,True
41708,622.0,single nucleotide variant,reviewed by expert panel,31,Benign,PMS2,0,True
41716,20.0,single nucleotide variant,reviewed by expert panel,25,Benign,PMS2,0,True
41803,356.0,single nucleotide variant,reviewed by expert panel,48,Benign,BRCA1,0,False
41804,411.0,single nucleotide variant,reviewed by expert panel,14,Benign,BRCA1,0,False
41805,496.0,single nucleotide variant,reviewed by expert panel,37,Benign,BRCA1,0,False
41806,597.0,single nucleotide variant,reviewed by expert panel,19,Benign,BRCA1,0,False
41808,693.0,single nucleotide variant,reviewed by expert panel,36,Benign,BRCA1,0,False
41809,772.0,single nucleotide variant,reviewed by expert panel,31,Benign,BRCA1,0,False
41810,820.0,single nucleotide variant,reviewed by expert panel,34,Benign,BRCA1,0,False
41811,866.0,single nucleotide variant,reviewed by expert panel,30,Benign,BRCA1,0,False
41812,871.0,single nucleotide variant,reviewed by expert panel,39,Benign,BRCA1,0,False
41814,1008.0,single nucleotide variant,reviewed by expert panel,33,Benign,BRCA1,0,False
41815,1038.0,single nucleotide variant,reviewed by expert panel,41,Benign,BRCA1,0,False
41816,1099.0,single nucleotide variant,reviewed by expert panel,29,Benign,BRCA1,0,False
41817,1140.0,single nucleotide variant,reviewed by expert panel,34,Benign,BRCA1,0,False
41818,1183.0,single nucleotide variant,reviewed by expert panel,37,Benign,BRCA1,0,False
41821,1347.0,single nucleotide variant,reviewed by expert panel,49,Benign,BRCA1,0,False
41823,142.0,single nucleotide variant,reviewed by expert panel,14,Benign,BRCA1,0,False
41825,1507.0,single nucleotide variant,reviewed by expert panel,14,Benign,BRCA1,0,False
41826,1512.0,single nucleotide variant,reviewed by expert panel,42,Benign,BRCA1,0,False
41827,1613.0,single nucleotide variant,reviewed by expert panel,38,Benign,BRCA1,0,False
41828,1628.0,single nucleotide variant,reviewed by expert panel,32,Benign,BRCA1,0,False
41830,1652.0,single nucleotide variant,reviewed by expert panel,47,Benign,BRCA1,0,True
41833,1860.0,single nucleotide variant,no assertion criteria provided,1,Benign,BRCA1,0,False
41835,246.0,single nucleotide variant,reviewed by expert panel,36,Benign,BRCA1,0,False
42238,486.0,single nucleotide variant,reviewed by expert panel,24,Benign,APC,0,False
42239,545.0,single nucleotide variant,reviewed by expert panel,22,Benign,APC,0,False
42242,1493.0,single nucleotide variant,"criteria provided, multiple submitters, no conflicts",21,Benign,APC,0,False
42243,1678.0,single nucleotide variant,"criteria provided, multiple submitters, no conflicts",19,Benign,APC,0,False
42245,1756.0,single nucleotide variant,"criteria provided, multiple submitters, no conflicts",19,Benign,APC,0,False
42247,1960.0,single nucleotide variant,"criteria provided, multiple submitters, no conflicts",19,Benign,APC,0,False
42248,232.0,single nucleotide variant,reviewed by expert panel,22,Pathogenic,APC,1,False
42249,2401.0,single nucleotide variant,"criteria provided, multiple submitters, no conflicts",25,Benign,APC,0,False
42250,2568.0,single nucleotide variant,"criteria provided, multiple submitters, no conflicts",22,Benign,APC,0,False
42467,388.0,single nucleotide variant,reviewed by expert panel,21,Benign,MSH6,0,False
42468,758.0,single nucleotide variant,reviewed by expert panel,21,Benign,MSH6,0,True
42470,1082.0,single nucleotide variant,reviewed by expert panel,31,Benign,MSH6,0,True
42472,1331.0,single nucleotide variant,reviewed by expert panel,26,Pathogenic,MSH6,1,True
42496,326.0,single nucleotide variant,reviewed by expert panel,33,Benign,MLH1,0,False
43587,347.0,single nucleotide variant,reviewed by expert panel,8,Pathogenic,TP53,1,False
43588,47.0,single nucleotide variant,reviewed by expert panel,26,Benign,TP53,0,False
43589,196.0,single nucleotide variant,"criteria provided, multiple submitters, no conflicts",25,Pathogenic,TP53,1,True
43590,213.0,single nucleotide variant,"criteria provided, multiple submitters, no conflicts",18,Pathogenic,TP53,1,True
43591,213.0,single nucleotide variant,"criteria provided, multiple submitters, no conflicts",26,Benign,TP53,0,True
51041,34.0,single nucleotide variant,reviewed by expert panel,18,Pathogenic,BRCA2,1,False
51043,3370.0,single nucleotide variant,reviewed by expert panel,32,Benign,BRCA2,0,False
51047,3374.0,single nucleotide variant,reviewed by expert panel,19,Benign,BRCA2,0,False
51060,347.0,single nucleotide variant,reviewed by expert panel,24,Benign,BRCA2,0,False
51063,4.0,single nucleotide variant,reviewed by expert panel,10,Pathogenic,BRCA2,1,False
51064,368.0,single nucleotide variant,reviewed by expert panel,13,Pathogenic,BRCA2,1,False
51065,373.0,single nucleotide variant,reviewed by expert panel,4,Pathogenic,BRCA2,1,False
51066,375.0,single nucleotide variant,reviewed by expert panel,15,Benign,BRCA2,0,False
51073,385.0,single nucleotide variant,reviewed by expert panel,7,Pathogenic,BRCA2,1,False
51076,394.0,single nucleotide variant,reviewed by expert panel,2,Pathogenic,BRCA2,1,False
51077,394.0,single nucleotide variant,reviewed by expert panel,19,Benign,BRCA2,0,False
51081,401.0,single nucleotide variant,reviewed by expert panel,7,Pathogenic,BRCA2,1,False
51085,41.0,single nucleotide variant,reviewed by expert panel,13,Benign,BRCA2,0,False
51089,414.0,single nucleotide variant,reviewed by expert panel,2,Pathogenic,BRCA2,1,False
51092,421.0,single nucleotide variant,reviewed by expert panel,12,Pathogenic,BRCA2,1,False
51093,425.0,single nucleotide variant,reviewed by expert panel,25,Benign,BRCA2,0,False
51102,443.0,single nucleotide variant,reviewed by expert panel,6,Pathogenic,BRCA2,1,False
51104,45.0,single nucleotide variant,reviewed by expert panel,2,Pathogenic,BRCA2,1,False
51107,452.0,single nucleotide variant,reviewed by expert panel,10,Benign,BRCA2,0,False
51108,454.0,single nucleotide variant,reviewed by expert panel,17,Benign,BRCA2,0,False
51118,467.0,single nucleotide variant,reviewed by expert panel,17,Pathogenic,BRCA2,1,False
51120,471.0,single nucleotide variant,reviewed by expert panel,13,Pathogenic,BRCA2,1,False
51121,472.0,single nucleotide variant,reviewed by expert panel,13,Pathogenic,BRCA2,1,False
51123,475.0,single nucleotide variant,reviewed by expert panel,8,Pathogenic,BRCA2,1,False
51128,486.0,single nucleotide variant,reviewed by expert panel,14,Pathogenic,BRCA2,1,False
51129,49.0,single nucleotide variant,reviewed by expert panel,26,Pathogenic,BRCA2,1,False
51139,510.0,single nucleotide variant,reviewed by expert panel,12,Pathogenic,BRCA2,1,False
51149,532.0,single nucleotide variant,reviewed by expert panel,2,Pathogenic,BRCA2,1,False
51164,548.0,single nucleotide variant,reviewed by expert panel,12,Benign,BRCA2,0,False
51169,554.0,single nucleotide variant,reviewed by expert panel,19,Benign,BRCA2,0,False
51170,557.0,single nucleotide variant,reviewed by expert panel,16,Pathogenic,BRCA2,1,False
51174,561.0,single nucleotide variant,reviewed by expert panel,5,Pathogenic,BRCA2,1,False
51175,563.0,single nucleotide variant,reviewed by expert panel,15,Pathogenic,BRCA2,1,False
51177,57.0,Duplication,reviewed by expert panel,6,Pathogenic,BRCA2,1,False
51179,57.0,single nucleotide variant,reviewed by expert panel,10,Pathogenic,BRCA2,1,False
51180,58.0,single nucleotide variant,reviewed by expert panel,5,Pathogenic,BRCA2,1,False
51182,583.0,single nucleotide variant,reviewed by expert panel,8,Pathogenic,BRCA2,1,False
51192,596.0,single nucleotide variant,reviewed by expert panel,39,Benign,BRCA2,0,False
51193,596.0,single nucleotide variant,reviewed by expert panel,27,Benign,BRCA2,0,False
51194,597.0,single nucleotide variant,reviewed by expert panel,2,Pathogenic,BRCA2,1,False
51197,600.0,single nucleotide variant,reviewed by expert panel,22,Benign,BRCA2,0,False
51199,600.0,single nucleotide variant,reviewed by expert panel,13,Pathogenic,BRCA2,1,False
51200,602.0,single nucleotide variant,reviewed by expert panel,19,Benign,BRCA2,0,False
51209,609.0,single nucleotide variant,reviewed by expert panel,4,Pathogenic,BRCA2,1,False
51212,615.0,Duplication,reviewed by expert panel,11,Pathogenic,BRCA2,1,False
51216,619.0,single nucleotide variant,reviewed by expert panel,13,Pathogenic,BRCA2,1,False
51230,646.0,single nucleotide variant,reviewed by expert panel,31,Benign,BRCA2,0,False
51233,66.0,single nucleotide variant,reviewed by expert panel,8,Pathogenic,BRCA2,1,False
51234,66.0,single nucleotide variant,reviewed by expert panel,24,Benign,BRCA2,0,False
51240,688.0,single nucleotide variant,reviewed by expert panel,4,Pathogenic,BRCA2,1,False
51257,742.0,single nucleotide variant,reviewed by expert panel,16,Pathogenic,BRCA2,1,False
51258,75.0,single nucleotide variant,reviewed by expert panel,30,Benign,BRCA2,0,False
51265,76.0,single nucleotide variant,reviewed by expert panel,3,Pathogenic,BRCA2,1,False
51269,77.0,single nucleotide variant,reviewed by expert panel,25,Benign,BRCA2,0,False
51273,791.0,single nucleotide variant,reviewed by expert panel,2,Pathogenic,BRCA2,1,False
51274,792.0,single nucleotide variant,reviewed by expert panel,13,Pathogenic,BRCA2,1,False
51278,806.0,single nucleotide variant,reviewed by expert panel,24,Benign,BRCA2,0,False
51288,82.0,single nucleotide variant,reviewed by expert panel,4,Pathogenic,BRCA2,1,False
51290,819.0,single nucleotide variant,reviewed by expert panel,2,Pathogenic,BRCA2,1,False
51294,824.0,single nucleotide variant,reviewed by expert panel,8,Pathogenic,BRCA2,1,False
51298,84.0,single nucleotide variant,reviewed by expert panel,17,Pathogenic,BRCA2,1,False
51299,839.0,single nucleotide variant,reviewed by expert panel,12,Pathogenic,BRCA2,1,False
51301,846.0,single nucleotide variant,reviewed by expert panel,6,Pathogenic,BRCA2,1,False
51302,846.0,single nucleotide variant,reviewed by expert panel,25,Benign,BRCA2,0,False
51315,871.0,single nucleotide variant,reviewed by expert panel,13,Pathogenic,BRCA2,1,False
51326,894.0,single nucleotide variant,reviewed by expert panel,21,Benign,BRCA2,0,False
51328,900.0,single nucleotide variant,reviewed by expert panel,13,Benign,BRCA2,0,False
51334,91.0,single nucleotide variant,reviewed by expert panel,2,Pathogenic,BRCA2,1,False
51335,91.0,single nucleotide variant,reviewed by expert panel,3,Pathogenic,BRCA2,1,False
51336,916.0,single nucleotide variant,reviewed by expert panel,4,Pathogenic,BRCA2,1,False
51343,929.0,single nucleotide variant,reviewed by expert panel,24,Benign,BRCA2,0,False
51355,944.0,single nucleotide variant,reviewed by expert panel,44,Pathogenic,BRCA2,1,False
51365,961.0,single nucleotide variant,reviewed by expert panel,8,Pathogenic,BRCA2,1,False
51366,961.0,single nucleotide variant,reviewed by expert panel,32,Benign,BRCA2,0,False
51368,97.0,single nucleotide variant,reviewed by expert panel,13,Pathogenic,BRCA2,1,False
51369,971.0,single nucleotide variant,reviewed by expert panel,3,Pathogenic,BRCA2,1,False
51370,973.0,single nucleotide variant,reviewed by expert panel,24,Benign,BRCA2,0,False
51376,984.0,single nucleotide variant,reviewed by expert panel,3,Pathogenic,BRCA2,1,False
51379,987.0,single nucleotide variant,reviewed by expert panel,24,Benign,BRCA2,0,False
51381,996.0,single nucleotide variant,reviewed by expert panel,15,Benign,BRCA2,0,False
51382,100.0,single nucleotide variant,reviewed by expert panel,4,Pathogenic,BRCA2,1,False
51383,997.0,single nucleotide variant,reviewed by expert panel,2,Pathogenic,BRCA2,1,False
51385,1.0,single nucleotide variant,"criteria provided, multiple submitters, no conflicts",11,Pathogenic,BRCA2,1,False
51388,1015.0,single nucleotide variant,reviewed by expert panel,3,Pathogenic,BRCA2,1,False
51395,1026.0,single nucleotide variant,reviewed by expert panel,9,Pathogenic,BRCA2,1,False
51400,1035.0,single nucleotide variant,reviewed by expert panel,22,Pathogenic,BRCA2,1,False
51406,105.0,single nucleotide variant,reviewed by expert panel,10,Pathogenic,BRCA2,1,False
51412,1056.0,single nucleotide variant,reviewed by expert panel,14,Pathogenic,BRCA2,1,False
51428,108.0,single nucleotide variant,reviewed by expert panel,20,Benign,BRCA2,0,False
51435,1088.0,single nucleotide variant,reviewed by expert panel,33,Benign,BRCA2,0,False
51438,1089.0,single nucleotide variant,reviewed by expert panel,11,Pathogenic,BRCA2,1,False
51444,1095.0,single nucleotide variant,reviewed by expert panel,8,Pathogenic,BRCA2,1,False
51446,1099.0,single nucleotide variant,reviewed by expert panel,5,Pathogenic,BRCA2,1,False
51449,1107.0,single nucleotide variant,reviewed by expert panel,7,Pathogenic,BRCA2,1,False
51453,1121.0,single nucleotide variant,reviewed by expert panel,12,Pathogenic,BRCA2,1,False
51461,1140.0,single nucleotide variant,reviewed by expert panel,17,Benign,BRCA2,0,False
51464,1148.0,single nucleotide variant,reviewed by expert panel,6,Pathogenic,BRCA2,1,False
51470,1152.0,single nucleotide variant,reviewed by expert panel,12,Pathogenic,BRCA2,1,False
51473,1157.0,single nucleotide variant,reviewed by expert panel,4,Pathogenic,BRCA2,1,False
51481,1172.0,single nucleotide variant,reviewed by expert panel,33,Benign,BRCA2,0,False
51488,1190.0,single nucleotide variant,reviewed by expert panel,19,Benign,BRCA2,0,False
51490,1192.0,single nucleotide variant,reviewed by expert panel,12,Benign,BRCA2,0,False
51509,13.0,Duplication,reviewed by expert panel,14,Pathogenic,BRCA2,1,False
51514,1250.0,single nucleotide variant,reviewed by expert panel,2,Pathogenic,BRCA2,1,False
51525,1262.0,single nucleotide variant,reviewed by expert panel,21,Pathogenic,BRCA2,1,False
51527,13.0,single nucleotide variant,reviewed by expert panel,13,Pathogenic,BRCA2,1,False
51529,1271.0,single nucleotide variant,reviewed by expert panel,3,Pathogenic,BRCA2,1,False
51537,1280.0,single nucleotide variant,reviewed by expert panel,16,Benign,BRCA2,0,False
51550,1291.0,single nucleotide variant,reviewed by expert panel,8,Pathogenic,BRCA2,1,False
51551,1294.0,single nucleotide variant,reviewed by expert panel,5,Pathogenic,BRCA2,1,False
51569,1313.0,single nucleotide variant,reviewed by expert panel,5,Pathogenic,BRCA2,1,False
51573,1320.0,single nucleotide variant,reviewed by expert panel,7,Pathogenic,BRCA2,1,False
51577,1323.0,single nucleotide variant,reviewed by expert panel,12,Pathogenic,BRCA2,1,False
51579,1.0,single nucleotide variant,reviewed by expert panel,17,Pathogenic,BRCA2,1,False
51580,1334.0,single nucleotide variant,reviewed by expert panel,5,Pathogenic,BRCA2,1,False
51586,1349.0,single nucleotide variant,reviewed by expert panel,10,Benign,BRCA2,0,False
51588,1354.0,single nucleotide variant,reviewed by expert panel,28,Benign,BRCA2,0,False
51589,1356.0,single nucleotide variant,reviewed by expert panel,38,Benign,BRCA2,0,False
51592,1364.0,single nucleotide variant,reviewed by expert panel,33,Benign,BRCA2,0,False
51593,1365.0,single nucleotide variant,reviewed by expert panel,10,Pathogenic,BRCA2,1,False
51599,1371.0,single nucleotide variant,reviewed by expert panel,17,Pathogenic,BRCA2,1,False
51616,1414.0,single nucleotide variant,reviewed by expert panel,29,Benign,BRCA2,0,False
51623,1424.0,single nucleotide variant,reviewed by expert panel,15,Benign,BRCA2,0,False
51627,1429.0,single nucleotide variant,reviewed by expert panel,7,Pathogenic,BRCA2,1,False
51633,1442.0,single nucleotide variant,reviewed by expert panel,13,Pathogenic,BRCA2,1,False
51641,147.0,single nucleotide variant,reviewed by expert panel,6,Pathogenic,BRCA2,1,False
51644,147.0,single nucleotide variant,reviewed by expert panel,26,Benign,BRCA2,0,False
51649,1480.0,single nucleotide variant,reviewed by expert panel,9,Pathogenic,BRCA2,1,False
51659,1509.0,single nucleotide variant,reviewed by expert panel,11,Pathogenic,BRCA2,1,False
51663,1514.0,Duplication,reviewed by expert panel,2,Pathogenic,BRCA2,1,False
51670,1518.0,single nucleotide variant,reviewed by expert panel,4,Pathogenic,BRCA2,1,False
51676,1524.0,single nucleotide variant,reviewed by expert panel,19,Benign,BRCA2,0,False
51678,1530.0,single nucleotide variant,reviewed by expert panel,19,Pathogenic,BRCA2,1,False
51686,1547.0,Duplication,reviewed by expert panel,6,Pathogenic,BRCA2,1,False
51696,1562.0,single nucleotide variant,reviewed by expert panel,2,Pathogenic,BRCA2,1,False
51730,1620.0,single nucleotide variant,reviewed by expert panel,11,Pathogenic,BRCA2,1,False
51731,1630.0,single nucleotide variant,reviewed by expert panel,7,Pathogenic,BRCA2,1,False
51732,1630.0,single nucleotide variant,reviewed by expert panel,24,Pathogenic,BRCA2,1,False
51740,164.0,single nucleotide variant,reviewed by expert panel,4,Pathogenic,BRCA2,1,False
51744,1645.0,single nucleotide variant,reviewed by expert panel,2,Pathogenic,BRCA2,1,False
51750,1655.0,single nucleotide variant,reviewed by expert panel,20,Pathogenic,BRCA2,1,False
51757,168.0,single nucleotide variant,reviewed by expert panel,11,Benign,BRCA2,0,False
51767,1701.0,single nucleotide variant,reviewed by expert panel,10,Pathogenic,BRCA2,1,False
51770,1703.0,single nucleotide variant,reviewed by expert panel,4,Pathogenic,BRCA2,1,False
51782,1720.0,single nucleotide variant,reviewed by expert panel,5,Pathogenic,BRCA2,1,False
51813,1733.0,single nucleotide variant,reviewed by expert panel,36,Benign,BRCA2,0,False
51819,1739.0,single nucleotide variant,reviewed by expert panel,5,Pathogenic,BRCA2,1,False
51833,1760.0,single nucleotide variant,reviewed by expert panel,15,Pathogenic,BRCA2,1,False
51836,1762.0,single nucleotide variant,reviewed by expert panel,9,Pathogenic,BRCA2,1,False
51837,1764.0,single nucleotide variant,reviewed by expert panel,7,Pathogenic,BRCA2,1,False
51842,1782.0,single nucleotide variant,reviewed by expert panel,11,Pathogenic,BRCA2,1,False
51847,1786.0,Duplication,reviewed by expert panel,2,Pathogenic,BRCA2,1,False
51855,18.0,single nucleotide variant,reviewed by expert panel,11,Benign,BRCA2,0,False
51856,1802.0,single nucleotide variant,reviewed by expert panel,8,Pathogenic,BRCA2,1,False
51862,1812.0,single nucleotide variant,reviewed by expert panel,8,Pathogenic,BRCA2,1,False
51865,1819.0,single nucleotide variant,reviewed by expert panel,21,Benign,BRCA2,0,False
51866,1823.0,Duplication,reviewed by expert panel,2,Pathogenic,BRCA2,1,False
51880,1857.0,single nucleotide variant,reviewed by expert panel,8,Pathogenic,BRCA2,1,False
51890,1870.0,Indel,reviewed by expert panel,17,Pathogenic,BRCA2,1,False
51894,1876.0,single nucleotide variant,reviewed by expert panel,4,Pathogenic,BRCA2,1,False
51896,1880.0,single nucleotide variant,reviewed by expert panel,32,Benign,BRCA2,0,False
51900,1886.0,single nucleotide variant,reviewed by expert panel,16,Pathogenic,BRCA2,1,False
51910,1900.0,single nucleotide variant,reviewed by expert panel,3,Pathogenic,BRCA2,1,False
51923,1912.0,single nucleotide variant,reviewed by expert panel,6,Pathogenic,BRCA2,1,False
51924,1913.0,single nucleotide variant,reviewed by expert panel,1,Pathogenic,BRCA2,1,False
51927,1918.0,single nucleotide variant,reviewed by expert panel,16,Benign,BRCA2,0,False
51928,1918.0,single nucleotide variant,reviewed by expert panel,11,Benign,BRCA2,0,False
51933,1925.0,single nucleotide variant,reviewed by expert panel,9,Pathogenic,BRCA2,1,False
51937,1930.0,single nucleotide variant,reviewed by expert panel,3,Pathogenic,BRCA2,1,False
51939,1931.0,single nucleotide variant,reviewed by expert panel,12,Pathogenic,BRCA2,1,False
51943,194.0,single nucleotide variant,reviewed by expert panel,19,Pathogenic,BRCA2,1,False
51947,1948.0,Duplication,reviewed by expert panel,2,Pathogenic,BRCA2,1,False
51951,1952.0,Duplication,reviewed by expert panel,10,Pathogenic,BRCA2,1,False
51952,1953.0,single nucleotide variant,reviewed by expert panel,35,Pathogenic,BRCA2,1,False
51954,1955.0,single nucleotide variant,reviewed by expert panel,29,Pathogenic,BRCA2,1,False
51955,1955.0,single nucleotide variant,reviewed by expert panel,8,Pathogenic,BRCA2,1,False
51964,1975.0,single nucleotide variant,reviewed by expert panel,4,Pathogenic,BRCA2,1,False
51973,1987.0,single nucleotide variant,reviewed by expert panel,12,Pathogenic,BRCA2,1,False
51983,1998.0,single nucleotide variant,reviewed by expert panel,7,Pathogenic,BRCA2,1,False
51990,2009.0,single nucleotide variant,reviewed by expert panel,10,Pathogenic,BRCA2,1,False
51996,2020.0,single nucleotide variant,reviewed by expert panel,6,Pathogenic,BRCA2,1,False
51998,2022.0,single nucleotide variant,reviewed by expert panel,16,Pathogenic,BRCA2,1,False
52000,2024.0,single nucleotide variant,reviewed by expert panel,8,Pathogenic,BRCA2,1,False
52006,2028.0,single nucleotide variant,reviewed by expert panel,3,Pathogenic,BRCA2,1,False
52008,2029.0,single nucleotide variant,reviewed by expert panel,4,Pathogenic,BRCA2,1,False
52014,205.0,Duplication,reviewed by expert panel,1,Pathogenic,BRCA2,1,False
52017,2042.0,single nucleotide variant,reviewed by expert panel,14,Pathogenic,BRCA2,1,False
52023,2057.0,single nucleotide variant,reviewed by expert panel,4,Pathogenic,BRCA2,1,False
52039,2080.0,single nucleotide variant,reviewed by expert panel,4,Pathogenic,BRCA2,1,False
52052,2103.0,single nucleotide variant,reviewed by expert panel,13,Pathogenic,BRCA2,1,False
52058,211.0,single nucleotide variant,"criteria provided, multiple submitters, no conflicts",15,Pathogenic,BRCA2,1,False
52073,2120.0,single nucleotide variant,reviewed by expert panel,6,Pathogenic,BRCA2,1,False
52077,2128.0,single nucleotide variant,reviewed by expert panel,2,Pathogenic,BRCA2,1,False
52079,2131.0,Duplication,reviewed by expert panel,4,Pathogenic,BRCA2,1,False
52108,2152.0,single nucleotide variant,reviewed by expert panel,14,Benign,BRCA2,0,False
52111,2154.0,single nucleotide variant,reviewed by expert panel,5,Pathogenic,BRCA2,1,False
52112,2157.0,single nucleotide variant,reviewed by expert panel,8,Pathogenic,BRCA2,1,False
52113,2164.0,single nucleotide variant,reviewed by expert panel,7,Pathogenic,BRCA2,1,False
52121,218.0,single nucleotide variant,reviewed by expert panel,5,Pathogenic,BRCA2,1,False
52125,2183.0,single nucleotide variant,reviewed by expert panel,7,Pathogenic,BRCA2,1,False
52128,2186.0,single nucleotide variant,reviewed by expert panel,9,Pathogenic,BRCA2,1,False
52146,2215.0,Duplication,reviewed by expert panel,8,Pathogenic,BRCA2,1,False
52149,2219.0,single nucleotide variant,reviewed by expert panel,18,Pathogenic,BRCA2,1,False
52168,2239.0,single nucleotide variant,reviewed by expert panel,6,Pathogenic,BRCA2,1,False
52180,2256.0,single nucleotide variant,reviewed by expert panel,6,Pathogenic,BRCA2,1,False
52190,2267.0,single nucleotide variant,reviewed by expert panel,4,Pathogenic,BRCA2,1,False
52220,2312.0,single nucleotide variant,reviewed by expert panel,25,Benign,BRCA2,0,False
52225,2318.0,single nucleotide variant,reviewed by expert panel,15,Benign,BRCA2,0,False
52249,2339.0,single nucleotide variant,reviewed by expert panel,36,Benign,BRCA2,0,False
52250,2342.0,single nucleotide variant,reviewed by expert panel,19,Pathogenic,BRCA2,1,False
52260,2353.0,single nucleotide variant,reviewed by expert panel,25,Benign,BRCA2,0,False
52261,2354.0,single nucleotide variant,reviewed by expert panel,11,Pathogenic,BRCA2,1,False
52271,2372.0,single nucleotide variant,reviewed by expert panel,11,Pathogenic,BRCA2,1,False
52279,2394.0,single nucleotide variant,reviewed by expert panel,17,Pathogenic,BRCA2,1,False
52285,24.0,single nucleotide variant,reviewed by expert panel,5,Pathogenic,BRCA2,1,False
52294,2411.0,single nucleotide variant,reviewed by expert panel,19,Benign,BRCA2,0,False
52296,2414.0,single nucleotide variant,reviewed by expert panel,7,Pathogenic,BRCA2,1,False
52301,2421.0,single nucleotide variant,reviewed by expert panel,9,Pathogenic,BRCA2,1,False
52305,2435.0,single nucleotide variant,reviewed by expert panel,5,Pathogenic,BRCA2,1,False
52306,2436.0,single nucleotide variant,reviewed by expert panel,10,Benign,BRCA2,0,False
52311,245.0,single nucleotide variant,reviewed by expert panel,7,Pathogenic,BRCA2,1,False
52314,2459.0,single nucleotide variant,reviewed by expert panel,4,Pathogenic,BRCA2,1,False
52317,2466.0,single nucleotide variant,reviewed by expert panel,15,Benign,BRCA2,0,False
52322,2472.0,single nucleotide variant,reviewed by expert panel,10,Benign,BRCA2,0,False
52339,2491.0,single nucleotide variant,reviewed by expert panel,9,Pathogenic,BRCA2,1,False
52345,2502.0,single nucleotide variant,reviewed by expert panel,19,Benign,BRCA2,0,False
52349,2512.0,single nucleotide variant,reviewed by expert panel,24,Benign,BRCA2,0,False
52353,2520.0,single nucleotide variant,reviewed by expert panel,41,Pathogenic,BRCA2,1,False
52361,2538.0,single nucleotide variant,reviewed by expert panel,3,Pathogenic,BRCA2,1,False
52371,2542.0,single nucleotide variant,"criteria provided, single submitter",2,Benign,BRCA2,0,False
52372,2542.0,single nucleotide variant,reviewed by expert panel,25,Benign,BRCA2,0,False
52377,2549.0,single nucleotide variant,reviewed by expert panel,3,Pathogenic,BRCA2,1,False
52386,2561.0,single nucleotide variant,reviewed by expert panel,12,Pathogenic,BRCA2,1,False
52394,2574.0,single nucleotide variant,reviewed by expert panel,11,Pathogenic,BRCA2,1,False
52395,258.0,single nucleotide variant,reviewed by expert panel,9,Pathogenic,BRCA2,1,False
52396,2580.0,single nucleotide variant,reviewed by expert panel,12,Pathogenic,BRCA2,1,False
52401,2586.0,single nucleotide variant,reviewed by expert panel,22,Pathogenic,BRCA2,1,False
52402,259.0,single nucleotide variant,reviewed by expert panel,3,Pathogenic,BRCA2,1,False
52415,2602.0,single nucleotide variant,"criteria provided, single submitter",1,Pathogenic,BRCA2,1,False
52427,2619.0,single nucleotide variant,reviewed by expert panel,7,Pathogenic,BRCA2,1,False
52428,2621.0,single nucleotide variant,reviewed by expert panel,4,Pathogenic,BRCA2,1,False
52430,2627.0,single nucleotide variant,reviewed by expert panel,27,Pathogenic,BRCA2,1,False
52432,2629.0,single nucleotide variant,reviewed by expert panel,8,Pathogenic,BRCA2,1,False
52433,2636.0,single nucleotide variant,reviewed by expert panel,6,Pathogenic,BRCA2,1,False
52455,2659.0,single nucleotide variant,reviewed by expert panel,3,Pathogenic,BRCA2,1,False
52459,2660.0,single nucleotide variant,reviewed by expert panel,5,Pathogenic,BRCA2,1,False
52462,2663.0,single nucleotide variant,reviewed by expert panel,29,Pathogenic,BRCA2,1,False
52465,2666.0,single nucleotide variant,reviewed by expert panel,3,Pathogenic,BRCA2,1,False
52468,2668.0,single nucleotide variant,reviewed by expert panel,11,Pathogenic,BRCA2,1,False
52469,2670.0,Duplication,reviewed by expert panel,2,Pathogenic,BRCA2,1,False
52470,2670.0,single nucleotide variant,reviewed by expert panel,7,Pathogenic,BRCA2,1,False
52475,2675.0,single nucleotide variant,reviewed by expert panel,19,Pathogenic,BRCA2,1,False
52493,2689.0,single nucleotide variant,reviewed by expert panel,18,Pathogenic,BRCA2,1,False
52499,2695.0,single nucleotide variant,reviewed by expert panel,4,Pathogenic,BRCA2,1,False
52501,2696.0,single nucleotide variant,reviewed by expert panel,7,Pathogenic,BRCA2,1,False
52505,270.0,single nucleotide variant,reviewed by expert panel,6,Pathogenic,BRCA2,1,False
52511,2714.0,single nucleotide variant,reviewed by expert panel,6,Pathogenic,BRCA2,1,False
52515,2723.0,single nucleotide variant,reviewed by expert panel,37,Pathogenic,BRCA2,1,False
52516,2723.0,single nucleotide variant,reviewed by expert panel,10,Pathogenic,BRCA2,1,False
52519,2725.0,single nucleotide variant,reviewed by expert panel,7,Pathogenic,BRCA2,1,False
52523,273.0,single nucleotide variant,reviewed by expert panel,9,Pathogenic,BRCA2,1,False
52524,273.0,single nucleotide variant,reviewed by expert panel,7,Pathogenic,BRCA2,1,False
52525,2731.0,single nucleotide variant,reviewed by expert panel,5,Pathogenic,BRCA2,1,False
52526,2732.0,single nucleotide variant,reviewed by expert panel,6,Pathogenic,BRCA2,1,False
52535,2748.0,single nucleotide variant,reviewed by expert panel,26,Pathogenic,BRCA2,1,False
52542,2770.0,single nucleotide variant,reviewed by expert panel,4,Benign,BRCA2,0,False
52543,2772.0,single nucleotide variant,reviewed by expert panel,4,Pathogenic,BRCA2,1,False
52548,2776.0,single nucleotide variant,reviewed by expert panel,3,Pathogenic,BRCA2,1,False
52564,2788.0,single nucleotide variant,reviewed by expert panel,11,Pathogenic,BRCA2,1,False
52566,2788.0,single nucleotide variant,reviewed by expert panel,15,Pathogenic,BRCA2,1,False
52591,2817.0,single nucleotide variant,reviewed by expert panel,2,Pathogenic,BRCA2,1,True
52594,2820.0,single nucleotide variant,reviewed by expert panel,28,Benign,BRCA2,0,True
52600,2829.0,single nucleotide variant,reviewed by expert panel,10,Pathogenic,BRCA2,1,True
52605,2830.0,single nucleotide variant,reviewed by expert panel,12,Pathogenic,BRCA2,1,True
52606,2835.0,single nucleotide variant,reviewed by expert panel,32,Benign,BRCA2,0,True
52607,2835.0,single nucleotide variant,reviewed by expert panel,10,Pathogenic,BRCA2,1,True
52611,2842.0,single nucleotide variant,reviewed by expert panel,21,Benign,BRCA2,0,True
52621,2854.0,Duplication,reviewed by expert panel,2,Pathogenic,BRCA2,1,True
52624,2858.0,single nucleotide variant,reviewed by expert panel,9,Pathogenic,BRCA2,1,True
52626,2859.0,single nucleotide variant,reviewed by expert panel,12,Pathogenic,BRCA2,1,True
52630,2865.0,single nucleotide variant,reviewed by expert panel,2,Pathogenic,BRCA2,1,True
52633,2868.0,Duplication,reviewed by expert panel,2,Pathogenic,BRCA2,1,True
52635,2874.0,single nucleotide variant,reviewed by expert panel,2,Pathogenic,BRCA2,1,True
52636,2877.0,single nucleotide variant,reviewed by expert panel,6,Pathogenic,BRCA2,1,True
52648,2882.0,single nucleotide variant,reviewed by expert panel,4,Pathogenic,BRCA2,1,True
52658,2894.0,single nucleotide variant,reviewed by expert panel,8,Pathogenic,BRCA2,1,True
52675,2924.0,single nucleotide variant,reviewed by expert panel,12,Pathogenic,BRCA2,1,True
52676,2925.0,single nucleotide variant,reviewed by expert panel,9,Pathogenic,BRCA2,1,True
52683,294.0,single nucleotide variant,reviewed by expert panel,10,Pathogenic,BRCA2,1,False
52686,2941.0,single nucleotide variant,reviewed by expert panel,5,Pathogenic,BRCA2,1,True
52694,2960.0,single nucleotide variant,reviewed by expert panel,24,Pathogenic,BRCA2,1,True
52697,2969.0,single nucleotide variant,reviewed by expert panel,23,Benign,BRCA2,0,True
52704,2978.0,single nucleotide variant,reviewed by expert panel,10,Pathogenic,BRCA2,1,True
52716,2990.0,single nucleotide variant,reviewed by expert panel,7,Pathogenic,BRCA2,1,True
52717,2993.0,single nucleotide variant,reviewed by expert panel,2,Pathogenic,BRCA2,1,True
52722,2997.0,single nucleotide variant,reviewed by expert panel,8,Pathogenic,BRCA2,1,True
52724,3000.0,single nucleotide variant,reviewed by expert panel,3,Pathogenic,BRCA2,1,True
52726,3003.0,single nucleotide variant,reviewed by expert panel,2,Pathogenic,BRCA2,1,True
52728,3006.0,single nucleotide variant,reviewed by expert panel,8,Pathogenic,BRCA2,1,True
52733,3014.0,single nucleotide variant,reviewed by expert panel,4,Pathogenic,BRCA2,1,True
52749,3034.0,single nucleotide variant,reviewed by expert panel,10,Pathogenic,BRCA2,1,True
52752,3037.0,single nucleotide variant,reviewed by expert panel,9,Pathogenic,BRCA2,1,True
52762,3050.0,single nucleotide variant,reviewed by expert panel,13,Pathogenic,BRCA2,1,True
52763,3052.0,single nucleotide variant,reviewed by expert panel,40,Pathogenic,BRCA2,1,True
52767,3059.0,single nucleotide variant,reviewed by expert panel,11,Benign,BRCA2,0,False
52769,3061.0,single nucleotide variant,reviewed by expert panel,12,Pathogenic,BRCA2,1,False
52771,307.0,Duplication,reviewed by expert panel,2,Pathogenic,BRCA2,1,False
52776,3069.0,single nucleotide variant,reviewed by expert panel,5,Pathogenic,BRCA2,1,False
52783,3083.0,single nucleotide variant,reviewed by expert panel,4,Pathogenic,BRCA2,1,False
52788,3086.0,single nucleotide variant,reviewed by expert panel,3,Pathogenic,BRCA2,1,False
52803,3092.0,single nucleotide variant,reviewed by expert panel,7,Pathogenic,BRCA2,1,False
52805,3095.0,single nucleotide variant,"criteria provided, multiple submitters, no conflicts",15,Pathogenic,BRCA2,1,False
52806,3096.0,single nucleotide variant,reviewed by expert panel,6,Pathogenic,BRCA2,1,False
52807,3097.0,single nucleotide variant,reviewed by expert panel,4,Pathogenic,BRCA2,1,False
52808,31.0,single nucleotide variant,reviewed by expert panel,11,Pathogenic,BRCA2,1,False
52814,3106.0,single nucleotide variant,reviewed by expert panel,11,Pathogenic,BRCA2,1,False
52816,3111.0,single nucleotide variant,reviewed by expert panel,8,Pathogenic,BRCA2,1,False
52819,3119.0,single nucleotide variant,reviewed by expert panel,6,Pathogenic,BRCA2,1,False
52825,3126.0,single nucleotide variant,reviewed by expert panel,9,Pathogenic,BRCA2,1,False
52826,3128.0,single nucleotide variant,reviewed by expert panel,58,Pathogenic,BRCA2,1,False
52829,31.0,single nucleotide variant,reviewed by expert panel,6,Pathogenic,BRCA2,1,False
52844,3156.0,single nucleotide variant,reviewed by expert panel,2,Pathogenic,BRCA2,1,False
52848,3161.0,single nucleotide variant,reviewed by expert panel,10,Pathogenic,BRCA2,1,False
52850,3167.0,Duplication,reviewed by expert panel,2,Pathogenic,BRCA2,1,False
52855,3167.0,single nucleotide variant,no assertion criteria provided,1,Pathogenic,BRCA2,1,False
52861,3170.0,single nucleotide variant,reviewed by expert panel,19,Benign,BRCA2,0,False
52863,318.0,single nucleotide variant,reviewed by expert panel,5,Pathogenic,BRCA2,1,False
52865,3180.0,single nucleotide variant,reviewed by expert panel,13,Benign,BRCA2,0,False
52871,3191.0,single nucleotide variant,reviewed by expert panel,4,Pathogenic,BRCA2,1,False
52876,321.0,single nucleotide variant,reviewed by expert panel,11,Pathogenic,BRCA2,1,False
52896,3246.0,single nucleotide variant,reviewed by expert panel,11,Benign,BRCA2,0,False
52898,326.0,single nucleotide variant,reviewed by expert panel,34,Benign,BRCA2,0,False
52900,33.0,single nucleotide variant,reviewed by expert panel,3,Pathogenic,BRCA2,1,False
52908,3281.0,single nucleotide variant,reviewed by expert panel,15,Benign,BRCA2,0,False
52910,3292.0,single nucleotide variant,reviewed by expert panel,25,Benign,BRCA2,0,False
52911,3295.0,single nucleotide variant,reviewed by expert panel,11,Pathogenic,BRCA2,1,False
52916,3308.0,single nucleotide variant,reviewed by expert panel,17,Pathogenic,BRCA2,1,False
52917,3308.0,single nucleotide variant,reviewed by expert panel,18,Benign,BRCA2,0,False
54099,334.0,single nucleotide variant,reviewed by expert panel,11,Benign,BRCA1,0,False
54101,338.0,single nucleotide variant,reviewed by expert panel,8,Pathogenic,BRCA1,1,False
54107,349.0,single nucleotide variant,reviewed by expert panel,5,Pathogenic,BRCA1,1,False
54108,352.0,single nucleotide variant,reviewed by expert panel,10,Pathogenic,BRCA1,1,False
54109,353.0,single nucleotide variant,reviewed by expert panel,14,Pathogenic,BRCA1,1,False
54110,353.0,single nucleotide variant,reviewed by expert panel,18,Pathogenic,BRCA1,1,False
54111,355.0,single nucleotide variant,reviewed by expert panel,3,Pathogenic,BRCA1,1,False
54114,356.0,single nucleotide variant,reviewed by expert panel,19,Pathogenic,BRCA1,1,False
54121,361.0,single nucleotide variant,reviewed by expert panel,4,Pathogenic,BRCA1,1,False
54128,368.0,single nucleotide variant,reviewed by expert panel,8,Pathogenic,BRCA1,1,False
54130,369.0,Deletion,reviewed by expert panel,14,Benign,BRCA1,0,False
54131,37.0,single nucleotide variant,reviewed by expert panel,7,Pathogenic,BRCA1,1,False
54134,372.0,single nucleotide variant,reviewed by expert panel,6,Pathogenic,BRCA1,1,False
54135,372.0,single nucleotide variant,reviewed by expert panel,13,Pathogenic,BRCA1,1,False
54144,380.0,single nucleotide variant,reviewed by expert panel,7,Pathogenic,BRCA1,1,False
54145,381.0,single nucleotide variant,reviewed by expert panel,8,Pathogenic,BRCA1,1,False
54146,38.0,single nucleotide variant,reviewed by expert panel,35,Benign,BRCA1,0,False
54152,39.0,single nucleotide variant,reviewed by expert panel,18,Pathogenic,BRCA1,1,False
54159,398.0,single nucleotide variant,reviewed by expert panel,5,Pathogenic,BRCA1,1,False
54160,398.0,single nucleotide variant,reviewed by expert panel,5,Pathogenic,BRCA1,1,False
54161,402.0,single nucleotide variant,reviewed by expert panel,9,Pathogenic,BRCA1,1,False
54164,405.0,single nucleotide variant,reviewed by expert panel,4,Pathogenic,BRCA1,1,False
54166,41.0,single nucleotide variant,reviewed by expert panel,11,Pathogenic,BRCA1,1,False
54176,418.0,single nucleotide variant,reviewed by expert panel,9,Pathogenic,BRCA1,1,False
54182,422.0,Duplication,reviewed by expert panel,2,Pathogenic,BRCA1,1,False
54183,422.0,single nucleotide variant,reviewed by expert panel,7,Pathogenic,BRCA1,1,False
54185,427.0,single nucleotide variant,reviewed by expert panel,2,Pathogenic,BRCA1,1,False
54187,431.0,single nucleotide variant,reviewed by expert panel,5,Pathogenic,BRCA1,1,False
54191,44.0,single nucleotide variant,reviewed by expert panel,17,Pathogenic,BRCA1,1,False
54192,44.0,single nucleotide variant,"criteria provided, single submitter",3,Pathogenic,BRCA1,1,False
54199,44.0,single nucleotide variant,reviewed by expert panel,14,Pathogenic,BRCA1,1,False
54200,44.0,single nucleotide variant,reviewed by expert panel,28,Pathogenic,BRCA1,1,False
54202,442.0,single nucleotide variant,reviewed by expert panel,9,Pathogenic,BRCA1,1,False
54204,445.0,single nucleotide variant,reviewed by expert panel,5,Pathogenic,BRCA1,1,False
54217,451.0,single nucleotide variant,reviewed by expert panel,3,Pathogenic,BRCA1,1,False
54218,451.0,single nucleotide variant,reviewed by expert panel,5,Pathogenic,BRCA1,1,False
54228,461.0,single nucleotide variant,reviewed by expert panel,8,Benign,BRCA1,0,False
54241,467.0,single nucleotide variant,reviewed by expert panel,2,Pathogenic,BRCA1,1,False
54246,47.0,single nucleotide variant,reviewed by expert panel,11,Pathogenic,BRCA1,1,False
54248,473.0,single nucleotide variant,reviewed by expert panel,9,Benign,BRCA1,0,False
54249,473.0,single nucleotide variant,reviewed by expert panel,11,Benign,BRCA1,0,False
54250,474.0,single nucleotide variant,reviewed by expert panel,8,Pathogenic,BRCA1,1,False
54257,484.0,single nucleotide variant,reviewed by expert panel,12,Pathogenic,BRCA1,1,False
54258,486.0,single nucleotide variant,reviewed by expert panel,38,Benign,BRCA1,0,False
54262,489.0,single nucleotide variant,reviewed by expert panel,6,Pathogenic,BRCA1,1,False
54264,491.0,single nucleotide variant,reviewed by expert panel,15,Pathogenic,BRCA1,1,False
54278,504.0,single nucleotide variant,reviewed by expert panel,21,Benign,BRCA1,0,False
54280,505.0,single nucleotide variant,reviewed by expert panel,6,Pathogenic,BRCA1,1,False
54283,507.0,single nucleotide variant,reviewed by expert panel,2,Pathogenic,BRCA1,1,False
54286,510.0,single nucleotide variant,reviewed by expert panel,12,Pathogenic,BRCA1,1,False
54299,526.0,single nucleotide variant,reviewed by expert panel,6,Pathogenic,BRCA1,1,False
54303,534.0,single nucleotide variant,reviewed by expert panel,11,Pathogenic,BRCA1,1,False
54307,54.0,single nucleotide variant,reviewed by expert panel,6,Pathogenic,BRCA1,1,False
54309,538.0,single nucleotide variant,reviewed by expert panel,17,Pathogenic,BRCA1,1,False
54310,539.0,single nucleotide variant,reviewed by expert panel,18,Benign,BRCA1,0,False
54311,541.0,single nucleotide variant,reviewed by expert panel,20,Pathogenic,BRCA1,1,False
54313,544.0,single nucleotide variant,reviewed by expert panel,9,Pathogenic,BRCA1,1,False
54320,554.0,single nucleotide variant,reviewed by expert panel,2,Pathogenic,BRCA1,1,False
54329,568.0,single nucleotide variant,reviewed by expert panel,17,Benign,BRCA1,0,False
54335,577.0,single nucleotide variant,reviewed by expert panel,8,Pathogenic,BRCA1,1,False
54339,581.0,single nucleotide variant,reviewed by expert panel,4,Pathogenic,BRCA1,1,False
54341,583.0,single nucleotide variant,reviewed by expert panel,4,Pathogenic,BRCA1,1,False
54348,597.0,single nucleotide variant,reviewed by expert panel,10,Pathogenic,BRCA1,1,False
54349,60.0,single nucleotide variant,reviewed by expert panel,14,Pathogenic,BRCA1,1,False
54351,598.0,single nucleotide variant,reviewed by expert panel,12,Pathogenic,BRCA1,1,False
54352,598.0,single nucleotide variant,reviewed by expert panel,10,Pathogenic,BRCA1,1,False
54356,603.0,single nucleotide variant,reviewed by expert panel,4,Pathogenic,BRCA1,1,False
54358,607.0,single nucleotide variant,reviewed by expert panel,3,Pathogenic,BRCA1,1,False
54359,61.0,single nucleotide variant,"criteria provided, multiple submitters, no conflicts",3,Pathogenic,BRCA1,1,False
54364,61.0,single nucleotide variant,"criteria provided, multiple submitters, no conflicts",12,Pathogenic,BRCA1,1,False
54367,612.0,single nucleotide variant,reviewed by expert panel,10,Benign,BRCA1,0,False
54369,614.0,single nucleotide variant,reviewed by expert panel,7,Pathogenic,BRCA1,1,False
54371,622.0,single nucleotide variant,reviewed by expert panel,24,Benign,BRCA1,0,False
54375,624.0,single nucleotide variant,reviewed by expert panel,5,Pathogenic,BRCA1,1,False
54381,63.0,single nucleotide variant,reviewed by expert panel,23,Pathogenic,BRCA1,1,False
54394,64.0,single nucleotide variant,"criteria provided, multiple submitters, no conflicts",19,Pathogenic,BRCA1,1,False
54397,638.0,single nucleotide variant,reviewed by expert panel,5,Pathogenic,BRCA1,1,False
54399,639.0,single nucleotide variant,reviewed by expert panel,10,Pathogenic,BRCA1,1,False
54400,64.0,single nucleotide variant,reviewed by expert panel,30,Pathogenic,BRCA1,1,False
54401,642.0,single nucleotide variant,reviewed by expert panel,12,Benign,BRCA1,0,False
54402,643.0,single nucleotide variant,reviewed by expert panel,9,Benign,BRCA1,0,False
54408,649.0,single nucleotide variant,reviewed by expert panel,3,Pathogenic,BRCA1,1,False
54419,655.0,Insertion,reviewed by expert panel,1,Pathogenic,BRCA1,1,False
54423,657.0,single nucleotide variant,reviewed by expert panel,8,Pathogenic,BRCA1,1,False
54424,657.0,single nucleotide variant,reviewed by expert panel,29,Benign,BRCA1,0,False
54430,667.0,single nucleotide variant,reviewed by expert panel,7,Pathogenic,BRCA1,1,False
54431,67.0,single nucleotide variant,reviewed by expert panel,24,Benign,BRCA1,0,False
54435,672.0,single nucleotide variant,reviewed by expert panel,11,Pathogenic,BRCA1,1,False
54436,673.0,single nucleotide variant,reviewed by expert panel,11,Pathogenic,BRCA1,1,False
54442,679.0,single nucleotide variant,reviewed by expert panel,27,Pathogenic,BRCA1,1,False
54448,687.0,single nucleotide variant,reviewed by expert panel,11,Pathogenic,BRCA1,1,False
54456,695.0,single nucleotide variant,reviewed by expert panel,16,Benign,BRCA1,0,False
54460,702.0,single nucleotide variant,reviewed by expert panel,7,Pathogenic,BRCA1,1,False
54461,703.0,single nucleotide variant,reviewed by expert panel,22,Benign,BRCA1,0,False
54471,71.0,single nucleotide variant,"criteria provided, multiple submitters, no conflicts",11,Pathogenic,BRCA1,1,False
54476,719.0,single nucleotide variant,reviewed by expert panel,2,Pathogenic,BRCA1,1,False
54486,727.0,single nucleotide variant,reviewed by expert panel,10,Benign,BRCA1,0,False
54488,730.0,single nucleotide variant,reviewed by expert panel,5,Pathogenic,BRCA1,1,False
54492,732.0,single nucleotide variant,reviewed by expert panel,11,Pathogenic,BRCA1,1,False
54494,733.0,single nucleotide variant,reviewed by expert panel,12,Pathogenic,BRCA1,1,False
54499,74.0,single nucleotide variant,reviewed by expert panel,17,Pathogenic,BRCA1,1,False
54503,739.0,single nucleotide variant,reviewed by expert panel,11,Pathogenic,BRCA1,1,False
54508,744.0,single nucleotide variant,reviewed by expert panel,14,Benign,BRCA1,0,False
54516,755.0,single nucleotide variant,reviewed by expert panel,15,Pathogenic,BRCA1,1,False
54519,759.0,single nucleotide variant,reviewed by expert panel,7,Pathogenic,BRCA1,1,False
54522,762.0,single nucleotide variant,reviewed by expert panel,18,Benign,BRCA1,0,False
54523,771.0,Duplication,reviewed by expert panel,2,Pathogenic,BRCA1,1,False
54524,765.0,single nucleotide variant,reviewed by expert panel,10,Pathogenic,BRCA1,1,False
54527,770.0,single nucleotide variant,reviewed by expert panel,16,Pathogenic,BRCA1,1,False
54538,777.0,single nucleotide variant,reviewed by expert panel,3,Pathogenic,BRCA1,1,False
54540,780.0,single nucleotide variant,reviewed by expert panel,33,Pathogenic,BRCA1,1,False
54545,785.0,single nucleotide variant,reviewed by expert panel,3,Pathogenic,BRCA1,1,False
54557,801.0,single nucleotide variant,reviewed by expert panel,7,Pathogenic,BRCA1,1,False
54560,804.0,single nucleotide variant,reviewed by expert panel,5,Pathogenic,BRCA1,1,False
54561,804.0,single nucleotide variant,reviewed by expert panel,24,Benign,BRCA1,0,False
54565,81.0,single nucleotide variant,reviewed by expert panel,13,Pathogenic,BRCA1,1,False
54567,810.0,single nucleotide variant,reviewed by expert panel,18,Benign,BRCA1,0,False
54569,812.0,single nucleotide variant,reviewed by expert panel,2,Pathogenic,BRCA1,1,False
54570,813.0,single nucleotide variant,reviewed by expert panel,6,Pathogenic,BRCA1,1,False
54585,830.0,Duplication,reviewed by expert panel,5,Pathogenic,BRCA1,1,False
54586,833.0,Duplication,reviewed by expert panel,5,Pathogenic,BRCA1,1,False
54595,849.0,single nucleotide variant,reviewed by expert panel,6,Pathogenic,BRCA1,1,False
54598,853.0,Duplication,reviewed by expert panel,3,Pathogenic,BRCA1,1,False
54604,856.0,single nucleotide variant,reviewed by expert panel,32,Benign,BRCA1,0,False
54606,856.0,single nucleotide variant,reviewed by expert panel,8,Pathogenic,BRCA1,1,False
54607,858.0,single nucleotide variant,reviewed by expert panel,7,Pathogenic,BRCA1,1,False
54610,864.0,single nucleotide variant,reviewed by expert panel,7,Pathogenic,BRCA1,1,False
54613,866.0,single nucleotide variant,reviewed by expert panel,18,Benign,BRCA1,0,False
54616,868.0,single nucleotide variant,reviewed by expert panel,3,Pathogenic,BRCA1,1,False
54625,881.0,single nucleotide variant,reviewed by expert panel,13,Pathogenic,BRCA1,1,False
54644,895.0,single nucleotide variant,reviewed by expert panel,4,Pathogenic,BRCA1,1,False
54655,905.0,single nucleotide variant,reviewed by expert panel,9,Pathogenic,BRCA1,1,False
54657,908.0,single nucleotide variant,reviewed by expert panel,35,Pathogenic,BRCA1,1,False
54662,910.0,single nucleotide variant,reviewed by expert panel,3,Pathogenic,BRCA1,1,False
54667,914.0,single nucleotide variant,reviewed by expert panel,6,Pathogenic,BRCA1,1,False
54669,916.0,Duplication,reviewed by expert panel,2,Pathogenic,BRCA1,1,False
54673,921.0,single nucleotide variant,reviewed by expert panel,12,Pathogenic,BRCA1,1,False
54683,934.0,single nucleotide variant,reviewed by expert panel,21,Pathogenic,BRCA1,1,False
54688,938.0,single nucleotide variant,reviewed by expert panel,22,Benign,BRCA1,0,False
54691,944.0,single nucleotide variant,reviewed by expert panel,5,Pathogenic,BRCA1,1,False
54701,955.0,single nucleotide variant,reviewed by expert panel,16,Pathogenic,BRCA1,1,False
54703,957.0,single nucleotide variant,reviewed by expert panel,8,Pathogenic,BRCA1,1,False
54709,962.0,single nucleotide variant,reviewed by expert panel,10,Benign,BRCA1,0,False
54715,972.0,single nucleotide variant,reviewed by expert panel,2,Pathogenic,BRCA1,1,False
54719,974.0,single nucleotide variant,reviewed by expert panel,7,Pathogenic,BRCA1,1,False
54722,975.0,single nucleotide variant,reviewed by expert panel,8,Pathogenic,BRCA1,1,False
54732,988.0,single nucleotide variant,reviewed by expert panel,5,Pathogenic,BRCA1,1,False
54745,1.0,single nucleotide variant,"criteria provided, multiple submitters, no conflicts",6,Pathogenic,BRCA1,1,False
54746,1.0,single nucleotide variant,"criteria provided, multiple submitters, no conflicts",5,Pathogenic,BRCA1,1,False
54754,1007.0,single nucleotide variant,reviewed by expert panel,5,Pathogenic,BRCA1,1,False
54755,1008.0,single nucleotide variant,reviewed by expert panel,22,Benign,BRCA1,0,False
54756,1009.0,single nucleotide variant,reviewed by expert panel,5,Pathogenic,BRCA1,1,False
54758,101.0,single nucleotide variant,reviewed by expert panel,12,Pathogenic,BRCA1,1,False
54764,1017.0,single nucleotide variant,reviewed by expert panel,9,Pathogenic,BRCA1,1,False
54769,1033.0,single nucleotide variant,reviewed by expert panel,6,Pathogenic,BRCA1,1,False
54772,1037.0,Duplication,reviewed by expert panel,12,Pathogenic,BRCA1,1,False
54773,1041.0,single nucleotide variant,reviewed by expert panel,5,Pathogenic,BRCA1,1,False
54777,1048.0,single nucleotide variant,reviewed by expert panel,9,Benign,BRCA1,0,False
54780,105.0,single nucleotide variant,reviewed by expert panel,25,Benign,BRCA1,0,False
54789,1060.0,single nucleotide variant,reviewed by expert panel,19,Pathogenic,BRCA1,1,False
54804,1080.0,single nucleotide variant,reviewed by expert panel,6,Pathogenic,BRCA1,1,False
54808,1086.0,single nucleotide variant,reviewed by expert panel,6,Pathogenic,BRCA1,1,False
54810,1086.0,single nucleotide variant,reviewed by expert panel,22,Pathogenic,BRCA1,1,False
54815,1090.0,single nucleotide variant,reviewed by expert panel,8,Pathogenic,BRCA1,1,False
54818,1096.0,single nucleotide variant,reviewed by expert panel,10,Pathogenic,BRCA1,1,False
54830,1101.0,single nucleotide variant,reviewed by expert panel,25,Benign,BRCA1,0,False
54833,1103.0,single nucleotide variant,reviewed by expert panel,4,Pathogenic,BRCA1,1,False
54836,1107.0,single nucleotide variant,reviewed by expert panel,13,Pathogenic,BRCA1,1,False
54845,1111.0,single nucleotide variant,reviewed by expert panel,7,Pathogenic,BRCA1,1,False
54848,1113.0,single nucleotide variant,reviewed by expert panel,4,Pathogenic,BRCA1,1,False
54849,1114.0,single nucleotide variant,reviewed by expert panel,7,Pathogenic,BRCA1,1,False
54852,1115.0,Microsatellite,reviewed by expert panel,11,Benign,BRCA1,0,False
54866,1133.0,single nucleotide variant,reviewed by expert panel,5,Pathogenic,BRCA1,1,False
54867,1133.0,single nucleotide variant,reviewed by expert panel,4,Pathogenic,BRCA1,1,False
54868,1135.0,single nucleotide variant,reviewed by expert panel,12,Pathogenic,BRCA1,1,False
54873,1139.0,single nucleotide variant,reviewed by expert panel,15,Benign,BRCA1,0,False
54883,1144.0,single nucleotide variant,reviewed by expert panel,5,Pathogenic,BRCA1,1,False
54887,1150.0,single nucleotide variant,reviewed by expert panel,18,Benign,BRCA1,0,False
54889,1151.0,Duplication,reviewed by expert panel,2,Pathogenic,BRCA1,1,False
54891,1155.0,single nucleotide variant,reviewed by expert panel,5,Benign,BRCA1,0,False
54894,1158.0,single nucleotide variant,reviewed by expert panel,4,Pathogenic,BRCA1,1,False
54902,12.0,single nucleotide variant,reviewed by expert panel,22,Pathogenic,BRCA1,1,False
54906,1172.0,single nucleotide variant,reviewed by expert panel,6,Pathogenic,BRCA1,1,False
54911,1181.0,single nucleotide variant,reviewed by expert panel,15,Benign,BRCA1,0,False
54913,1182.0,single nucleotide variant,reviewed by expert panel,16,Pathogenic,BRCA1,1,False
54916,1185.0,single nucleotide variant,reviewed by expert panel,5,Pathogenic,BRCA1,1,False
54927,1198.0,single nucleotide variant,reviewed by expert panel,2,Pathogenic,BRCA1,1,False
54929,1200.0,single nucleotide variant,reviewed by expert panel,24,Pathogenic,BRCA1,1,False
54931,1200.0,single nucleotide variant,reviewed by expert panel,17,Benign,BRCA1,0,False
54935,1203.0,single nucleotide variant,reviewed by expert panel,19,Benign,BRCA1,0,False
54938,1207.0,single nucleotide variant,reviewed by expert panel,6,Pathogenic,BRCA1,1,False
54948,1214.0,single nucleotide variant,reviewed by expert panel,18,Benign,BRCA1,0,False
54949,1214.0,single nucleotide variant,reviewed by expert panel,20,Pathogenic,BRCA1,1,False
54951,1216.0,single nucleotide variant,reviewed by expert panel,3,Pathogenic,BRCA1,1,False
54957,1221.0,single nucleotide variant,reviewed by expert panel,21,Pathogenic,BRCA1,1,False
54959,1222.0,single nucleotide variant,reviewed by expert panel,15,Pathogenic,BRCA1,1,False
54970,1236.0,single nucleotide variant,reviewed by expert panel,37,Benign,BRCA1,0,False
54971,124.0,single nucleotide variant,reviewed by expert panel,8,Benign,BRCA1,0,False
54978,1240.0,single nucleotide variant,reviewed by expert panel,21,Pathogenic,BRCA1,1,False
54982,1242.0,single nucleotide variant,reviewed by expert panel,9,Benign,BRCA1,0,False
54985,1247.0,single nucleotide variant,reviewed by expert panel,18,Benign,BRCA1,0,False
54987,1250.0,single nucleotide variant,reviewed by expert panel,35,Benign,BRCA1,0,False
54988,1251.0,single nucleotide variant,reviewed by expert panel,4,Pathogenic,BRCA1,1,False
54992,1254.0,Duplication,reviewed by expert panel,18,Pathogenic,BRCA1,1,False
55000,1258.0,single nucleotide variant,reviewed by expert panel,5,Pathogenic,BRCA1,1,False
55003,1261.0,single nucleotide variant,reviewed by expert panel,2,Pathogenic,BRCA1,1,False
55006,1262.0,single nucleotide variant,reviewed by expert panel,8,Pathogenic,BRCA1,1,False
55009,1266.0,single nucleotide variant,reviewed by expert panel,11,Benign,BRCA1,0,False
55013,1272.0,Duplication,reviewed by expert panel,5,Pathogenic,BRCA1,1,False
55015,1273.0,single nucleotide variant,reviewed by expert panel,17,Pathogenic,BRCA1,1,False
55022,1281.0,single nucleotide variant,reviewed by expert panel,18,Pathogenic,BRCA1,1,False
55039,1298.0,single nucleotide variant,reviewed by expert panel,11,Pathogenic,BRCA1,1,False
55040,1299.0,single nucleotide variant,reviewed by expert panel,11,Pathogenic,BRCA1,1,False
55045,1302.0,single nucleotide variant,reviewed by expert panel,15,Pathogenic,BRCA1,1,False
55046,130.0,single nucleotide variant,reviewed by expert panel,11,Pathogenic,BRCA1,1,False
55050,131.0,single nucleotide variant,reviewed by expert panel,10,Pathogenic,BRCA1,1,False
55059,1322.0,single nucleotide variant,reviewed by expert panel,5,Pathogenic,BRCA1,1,False
55062,1323.0,single nucleotide variant,reviewed by expert panel,12,Pathogenic,BRCA1,1,False
55064,132.0,single nucleotide variant,reviewed by expert panel,20,Benign,BRCA1,0,False
55067,133.0,single nucleotide variant,reviewed by expert panel,12,Benign,BRCA1,0,False
55072,1.0,single nucleotide variant,reviewed by expert panel,12,Pathogenic,BRCA1,1,False
55085,1349.0,single nucleotide variant,reviewed by expert panel,14,Benign,BRCA1,0,False
55087,1351.0,single nucleotide variant,reviewed by expert panel,5,Pathogenic,BRCA1,1,False
55090,1353.0,single nucleotide variant,reviewed by expert panel,7,Pathogenic,BRCA1,1,False
55098,1359.0,single nucleotide variant,reviewed by expert panel,9,Pathogenic,BRCA1,1,False
55099,1361.0,single nucleotide variant,reviewed by expert panel,11,Benign,BRCA1,0,False
55106,1372.0,single nucleotide variant,reviewed by expert panel,2,Pathogenic,BRCA1,1,False
55108,1375.0,single nucleotide variant,reviewed by expert panel,7,Pathogenic,BRCA1,1,False
55111,1378.0,single nucleotide variant,reviewed by expert panel,19,Benign,BRCA1,0,False
55114,139.0,single nucleotide variant,reviewed by expert panel,7,Pathogenic,BRCA1,1,False
55125,1395.0,single nucleotide variant,reviewed by expert panel,30,Pathogenic,BRCA1,1,False
55131,1395.0,single nucleotide variant,reviewed by expert panel,10,Pathogenic,BRCA1,1,False
55135,1396.0,single nucleotide variant,reviewed by expert panel,10,Pathogenic,BRCA1,1,False
55139,1401.0,single nucleotide variant,reviewed by expert panel,9,Pathogenic,BRCA1,1,False
55140,1402.0,single nucleotide variant,reviewed by expert panel,15,Benign,BRCA1,0,False
55145,1408.0,single nucleotide variant,reviewed by expert panel,21,Pathogenic,BRCA1,1,False
55146,1410.0,single nucleotide variant,reviewed by expert panel,2,Pathogenic,BRCA1,1,False
55148,1413.0,single nucleotide variant,reviewed by expert panel,3,Pathogenic,BRCA1,1,False
55153,1418.0,single nucleotide variant,reviewed by expert panel,2,Pathogenic,BRCA1,1,False
55154,1419.0,single nucleotide variant,reviewed by expert panel,11,Benign,BRCA1,0,False
55155,1420.0,single nucleotide variant,reviewed by expert panel,18,Pathogenic,BRCA1,1,False
55161,1429.0,single nucleotide variant,reviewed by expert panel,3,Pathogenic,BRCA1,1,False
55173,1447.0,single nucleotide variant,reviewed by expert panel,11,Pathogenic,BRCA1,1,False
55182,1457.0,single nucleotide variant,reviewed by expert panel,3,Pathogenic,BRCA1,1,False
55183,1458.0,single nucleotide variant,reviewed by expert panel,12,Pathogenic,BRCA1,1,False
55187,1463.0,single nucleotide variant,reviewed by expert panel,19,Pathogenic,BRCA1,1,False
55191,1467.0,single nucleotide variant,reviewed by expert panel,8,Pathogenic,BRCA1,1,False
55193,1468.0,single nucleotide variant,reviewed by expert panel,12,Benign,BRCA1,0,False
55209,1494.0,single nucleotide variant,reviewed by expert panel,5,Pathogenic,BRCA1,1,False
55215,1496.0,single nucleotide variant,reviewed by expert panel,6,Pathogenic,BRCA1,1,False
55216,1496.0,single nucleotide variant,reviewed by expert panel,4,Pathogenic,BRCA1,1,False
55219,1503.0,single nucleotide variant,reviewed by expert panel,18,Pathogenic,BRCA1,1,False
55221,1508.0,single nucleotide variant,reviewed by expert panel,31,Pathogenic,BRCA1,1,False
55226,1518.0,single nucleotide variant,reviewed by expert panel,5,Pathogenic,BRCA1,1,False
55235,1534.0,single nucleotide variant,reviewed by expert panel,28,Benign,BRCA1,0,False
55236,1535.0,single nucleotide variant,reviewed by expert panel,16,Pathogenic,BRCA1,1,False
55237,1537.0,single nucleotide variant,reviewed by expert panel,14,Pathogenic,BRCA1,1,False
55239,1538.0,single nucleotide variant,reviewed by expert panel,13,Pathogenic,BRCA1,1,False
55240,1540.0,single nucleotide variant,reviewed by expert panel,6,Pathogenic,BRCA1,1,False
55241,1541.0,single nucleotide variant,reviewed by expert panel,2,Pathogenic,BRCA1,1,False
55245,1546.0,single nucleotide variant,reviewed by expert panel,30,Benign,BRCA1,0,False
55246,1546.0,single nucleotide variant,reviewed by expert panel,9,Benign,BRCA1,0,False
55247,155.0,single nucleotide variant,reviewed by expert panel,11,Benign,BRCA1,0,False
55248,155.0,single nucleotide variant,reviewed by expert panel,7,Pathogenic,BRCA1,1,False
55253,1552.0,single nucleotide variant,reviewed by expert panel,6,Pathogenic,BRCA1,1,False
55257,1560.0,single nucleotide variant,reviewed by expert panel,10,Pathogenic,BRCA1,1,False
55262,1564.0,single nucleotide variant,reviewed by expert panel,19,Benign,BRCA1,0,False
55276,1581.0,single nucleotide variant,reviewed by expert panel,5,Pathogenic,BRCA1,1,False
55281,1587.0,single nucleotide variant,reviewed by expert panel,4,Pathogenic,BRCA1,1,False
55290,1601.0,single nucleotide variant,reviewed by expert panel,11,Pathogenic,BRCA1,1,False
55291,1604.0,single nucleotide variant,reviewed by expert panel,7,Pathogenic,BRCA1,1,False
55293,1604.0,single nucleotide variant,reviewed by expert panel,29,Benign,BRCA1,0,False
55301,1614.0,single nucleotide variant,reviewed by expert panel,16,Benign,BRCA1,0,False
55311,1635.0,single nucleotide variant,reviewed by expert panel,7,Pathogenic,BRCA1,1,False
55314,1637.0,single nucleotide variant,reviewed by expert panel,17,Benign,BRCA1,0,False
55317,1644.0,single nucleotide variant,reviewed by expert panel,7,Pathogenic,BRCA1,1,False
55338,1661.0,single nucleotide variant,reviewed by expert panel,7,Pathogenic,BRCA1,1,True
55339,1662.0,single nucleotide variant,reviewed by expert panel,11,Benign,BRCA1,0,True
55353,1667.0,single nucleotide variant,reviewed by expert panel,9,Pathogenic,BRCA1,1,True
55361,1682.0,single nucleotide variant,reviewed by expert panel,7,Benign,BRCA1,0,True
55363,1683.0,single nucleotide variant,reviewed by expert panel,6,Pathogenic,BRCA1,1,True
55364,1685.0,single nucleotide variant,reviewed by expert panel,11,Pathogenic,BRCA1,1,True
55365,1685.0,single nucleotide variant,reviewed by expert panel,11,Pathogenic,BRCA1,1,True
55367,169.0,single nucleotide variant,reviewed by expert panel,15,Pathogenic,BRCA1,1,False
55368,1688.0,Microsatellite,reviewed by expert panel,17,Pathogenic,BRCA1,1,True
55376,1692.0,single nucleotide variant,"criteria provided, single submitter",3,Pathogenic,BRCA1,1,True
55387,1694.0,single nucleotide variant,reviewed by expert panel,20,Pathogenic,BRCA1,1,True
55392,1697.0,single nucleotide variant,reviewed by expert panel,15,Pathogenic,BRCA1,1,True
55393,170.0,single nucleotide variant,reviewed by expert panel,12,Benign,BRCA1,0,False
55396,1699.0,single nucleotide variant,reviewed by expert panel,46,Pathogenic,BRCA1,1,True
55403,1703.0,single nucleotide variant,reviewed by expert panel,20,Pathogenic,BRCA1,1,True
55406,1706.0,single nucleotide variant,reviewed by expert panel,27,Benign,BRCA1,0,True
55407,1708.0,single nucleotide variant,reviewed by expert panel,40,Pathogenic,BRCA1,1,True
55409,1710.0,single nucleotide variant,reviewed by expert panel,3,Pathogenic,BRCA1,1,True
55410,1712.0,single nucleotide variant,reviewed by expert panel,16,Pathogenic,BRCA1,1,True
55414,1715.0,single nucleotide variant,reviewed by expert panel,10,Pathogenic,BRCA1,1,True
55416,1715.0,single nucleotide variant,reviewed by expert panel,11,Pathogenic,BRCA1,1,True
55419,1716.0,single nucleotide variant,reviewed by expert panel,3,Pathogenic,BRCA1,1,True
55420,172.0,single nucleotide variant,reviewed by expert panel,16,Pathogenic,BRCA1,1,False
55432,1718.0,single nucleotide variant,reviewed by expert panel,10,Pathogenic,BRCA1,1,True
55434,1718.0,single nucleotide variant,reviewed by expert panel,18,Pathogenic,BRCA1,1,True
55438,1720.0,single nucleotide variant,reviewed by expert panel,24,Benign,BRCA1,0,True
55442,1725.0,single nucleotide variant,reviewed by expert panel,8,Pathogenic,BRCA1,1,True
55453,1733.0,single nucleotide variant,reviewed by expert panel,15,Benign,BRCA1,0,True
55454,1734.0,single nucleotide variant,"criteria provided, single submitter",3,Pathogenic,BRCA1,1,True
55458,1737.0,single nucleotide variant,reviewed by expert panel,5,Pathogenic,BRCA1,1,True
55461,1738.0,single nucleotide variant,reviewed by expert panel,17,Pathogenic,BRCA1,1,True
55473,1747.0,single nucleotide variant,reviewed by expert panel,11,Pathogenic,BRCA1,1,True
55479,1749.0,single nucleotide variant,"criteria provided, single submitter",3,Pathogenic,BRCA1,1,True
55480,1751.0,single nucleotide variant,reviewed by expert panel,50,Pathogenic,BRCA1,1,True
55481,1751.0,single nucleotide variant,reviewed by expert panel,20,Benign,BRCA1,0,True
55489,1754.0,single nucleotide variant,reviewed by expert panel,8,Pathogenic,BRCA1,1,True
55490,1756.0,single nucleotide variant,reviewed by expert panel,9,Pathogenic,BRCA1,1,True
55505,1761.0,single nucleotide variant,reviewed by expert panel,9,Pathogenic,BRCA1,1,True
55510,1764.0,single nucleotide variant,reviewed by expert panel,12,Pathogenic,BRCA1,1,True
55511,1765.0,single nucleotide variant,reviewed by expert panel,4,Pathogenic,BRCA1,1,True
55514,1769.0,single nucleotide variant,reviewed by expert panel,6,Pathogenic,BRCA1,1,True
55530,1778.0,single nucleotide variant,reviewed by expert panel,13,Pathogenic,BRCA1,1,True
55540,1779.0,single nucleotide variant,reviewed by expert panel,8,Pathogenic,BRCA1,1,True
55542,1781.0,single nucleotide variant,reviewed by expert panel,6,Pathogenic,BRCA1,1,True
55544,1782.0,single nucleotide variant,reviewed by expert panel,12,Pathogenic,BRCA1,1,True
55546,1785.0,single nucleotide variant,reviewed by expert panel,16,Pathogenic,BRCA1,1,True
55549,1787.0,Indel,reviewed by expert panel,5,Pathogenic,BRCA1,1,True
55556,1793.0,single nucleotide variant,reviewed by expert panel,4,Pathogenic,BRCA1,1,True
55568,1804.0,single nucleotide variant,reviewed by expert panel,19,Benign,BRCA1,0,True
55577,1811.0,single nucleotide variant,reviewed by expert panel,19,Pathogenic,BRCA1,1,True
55580,1815.0,single nucleotide variant,reviewed by expert panel,36,Pathogenic,BRCA1,1,True
55581,1815.0,single nucleotide variant,reviewed by expert panel,12,Pathogenic,BRCA1,1,True
55583,1817.0,single nucleotide variant,reviewed by expert panel,6,Pathogenic,BRCA1,1,True
55601,1835.0,single nucleotide variant,reviewed by expert panel,57,Pathogenic,BRCA1,1,True
55606,1836.0,single nucleotide variant,reviewed by expert panel,4,Pathogenic,BRCA1,1,True
55607,1837.0,single nucleotide variant,reviewed by expert panel,8,Pathogenic,BRCA1,1,True
55608,1837.0,single nucleotide variant,reviewed by expert panel,13,Pathogenic,BRCA1,1,True
55609,1837.0,single nucleotide variant,reviewed by expert panel,10,Pathogenic,BRCA1,1,True
55611,1838.0,single nucleotide variant,reviewed by expert panel,9,Pathogenic,BRCA1,1,True
55615,1844.0,single nucleotide variant,reviewed by expert panel,16,Benign,BRCA1,0,True
55619,1845.0,single nucleotide variant,reviewed by expert panel,5,Pathogenic,BRCA1,1,True
55620,1846.0,single nucleotide variant,reviewed by expert panel,9,Pathogenic,BRCA1,1,True
55622,1847.0,single nucleotide variant,reviewed by expert panel,8,Pathogenic,BRCA1,1,True
55628,1853.0,Duplication,reviewed by expert panel,16,Pathogenic,BRCA1,1,True
55629,1853.0,single nucleotide variant,reviewed by expert panel,4,Pathogenic,BRCA1,1,True
55630,1853.0,single nucleotide variant,reviewed by expert panel,5,Pathogenic,BRCA1,1,True
55634,1859.0,single nucleotide variant,reviewed by expert panel,15,Benign,BRCA1,0,False
55635,186.0,single nucleotide variant,reviewed by expert panel,36,Benign,BRCA1,0,False
55638,19.0,single nucleotide variant,reviewed by expert panel,9,Pathogenic,BRCA1,1,False
55642,197.0,single nucleotide variant,reviewed by expert panel,36,Benign,BRCA1,0,False
55656,22.0,single nucleotide variant,reviewed by expert panel,16,Pathogenic,BRCA1,1,False
55665,226.0,single nucleotide variant,reviewed by expert panel,3,Pathogenic,BRCA1,1,False
55677,239.0,single nucleotide variant,reviewed by expert panel,10,Benign,BRCA1,0,False
55693,255.0,single nucleotide variant,reviewed by expert panel,7,Pathogenic,BRCA1,1,False
55708,265.0,single nucleotide variant,reviewed by expert panel,12,Benign,BRCA1,0,False
55713,267.0,single nucleotide variant,reviewed by expert panel,6,Pathogenic,BRCA1,1,False
55720,271.0,single nucleotide variant,reviewed by expert panel,22,Benign,BRCA1,0,False
55724,274.0,single nucleotide variant,reviewed by expert panel,2,Pathogenic,BRCA1,1,False
55725,275.0,single nucleotide variant,reviewed by expert panel,21,Benign,BRCA1,0,False
55726,275.0,single nucleotide variant,reviewed by expert panel,20,Benign,BRCA1,0,False
55731,280.0,single nucleotide variant,reviewed by expert panel,9,Benign,BRCA1,0,False
55736,283.0,single nucleotide variant,reviewed by expert panel,3,Pathogenic,BRCA1,1,False
55737,283.0,single nucleotide variant,reviewed by expert panel,5,Pathogenic,BRCA1,1,False
55738,284.0,single nucleotide variant,reviewed by expert panel,11,Pathogenic,BRCA1,1,False
55743,297.0,single nucleotide variant,reviewed by expert panel,8,Benign,BRCA1,0,False
55745,30.0,single nucleotide variant,reviewed by expert panel,6,Pathogenic,BRCA1,1,False
55746,3.0,single nucleotide variant,reviewed by expert panel,4,Pathogenic,BRCA1,1,False
55758,310.0,single nucleotide variant,reviewed by expert panel,10,Pathogenic,BRCA1,1,False
55762,317.0,single nucleotide variant,reviewed by expert panel,5,Pathogenic,BRCA1,1,False
55771,327.0,single nucleotide variant,reviewed by expert panel,27,Benign,BRCA1,0,False
55790,442.0,single nucleotide variant,reviewed by expert panel,4,Pathogenic,BRCA2,1,False
82631,837.0,single nucleotide variant,"criteria provided, multiple submitters, no conflicts",3,Pathogenic,APC,1,False
82875,64.0,single nucleotide variant,"criteria provided, single submitter",3,Pathogenic,APC,1,False
82876,104.0,single nucleotide variant,"criteria provided, single submitter",2,Pathogenic,APC,1,False
89179,398.0,single nucleotide variant,reviewed by expert panel,1,Pathogenic,MSH6,1,False
89185,433.0,single nucleotide variant,reviewed by expert panel,3,Pathogenic,MSH6,1,True
89189,449.0,single nucleotide variant,reviewed by expert panel,14,Pathogenic,MSH6,1,True
89194,482.0,single nucleotide variant,reviewed by expert panel,22,Pathogenic,MSH6,1,True
89196,493.0,single nucleotide variant,reviewed by expert panel,3,Pathogenic,MSH6,1,True
89197,495.0,single nucleotide variant,reviewed by expert panel,26,Pathogenic,MSH6,1,True
89202,524.0,single nucleotide variant,reviewed by expert panel,9,Pathogenic,MSH6,1,True
89205,533.0,Duplication,reviewed by expert panel,2,Pathogenic,MSH6,1,True
89227,612.0,single nucleotide variant,reviewed by expert panel,5,Pathogenic,MSH6,1,True
89246,687.0,single nucleotide variant,reviewed by expert panel,12,Pathogenic,MSH6,1,True
89253,702.0,single nucleotide variant,reviewed by expert panel,5,Pathogenic,MSH6,1,True
89255,709.0,single nucleotide variant,reviewed by expert panel,6,Pathogenic,MSH6,1,True
89261,731.0,single nucleotide variant,reviewed by expert panel,4,Pathogenic,MSH6,1,True
89262,732.0,single nucleotide variant,reviewed by expert panel,17,Pathogenic,MSH6,1,True
89267,772.0,single nucleotide variant,reviewed by expert panel,16,Pathogenic,MSH6,1,True
89271,777.0,single nucleotide variant,reviewed by expert panel,3,Pathogenic,MSH6,1,True
89285,835.0,single nucleotide variant,reviewed by expert panel,6,Pathogenic,MSH6,1,True
89286,846.0,Duplication,reviewed by expert panel,9,Pathogenic,MSH6,1,True
89310,905.0,single nucleotide variant,reviewed by expert panel,1,Pathogenic,MSH6,1,True
89312,911.0,single nucleotide variant,reviewed by expert panel,33,Pathogenic,MSH6,1,True
89314,922.0,single nucleotide variant,reviewed by expert panel,15,Pathogenic,MSH6,1,True
89318,939.0,single nucleotide variant,reviewed by expert panel,4,Pathogenic,MSH6,1,True
89323,977.0,single nucleotide variant,reviewed by expert panel,10,Pathogenic,MSH6,1,True
89328,995.0,single nucleotide variant,reviewed by expert panel,9,Pathogenic,MSH6,1,True
89330,1005.0,single nucleotide variant,reviewed by expert panel,23,Pathogenic,MSH6,1,True
89331,1007.0,single nucleotide variant,reviewed by expert panel,4,Pathogenic,MSH6,1,True
89336,1023.0,single nucleotide variant,reviewed by expert panel,8,Pathogenic,MSH6,1,True
89338,1035.0,single nucleotide variant,reviewed by expert panel,29,Pathogenic,MSH6,1,True
89352,1068.0,single nucleotide variant,reviewed by expert panel,35,Pathogenic,MSH6,1,True
89367,1092.0,Duplication,reviewed by expert panel,1,Pathogenic,MSH6,1,True
89375,1119.0,single nucleotide variant,reviewed by expert panel,1,Pathogenic,MSH6,1,True
89376,1123.0,single nucleotide variant,reviewed by expert panel,3,Pathogenic,MSH6,1,True
89382,1146.0,single nucleotide variant,reviewed by expert panel,5,Pathogenic,MSH6,1,True
89399,1163.0,single nucleotide variant,reviewed by expert panel,11,Pathogenic,MSH6,1,True
89444,1236.0,Duplication,reviewed by expert panel,2,Pathogenic,MSH6,1,True
89458,1256.0,single nucleotide variant,reviewed by expert panel,13,Pathogenic,MSH6,1,True
89459,1258.0,single nucleotide variant,reviewed by expert panel,3,Pathogenic,MSH6,1,True
89471,1275.0,Microsatellite,reviewed by expert panel,1,Pathogenic,MSH6,1,True
89472,1280.0,single nucleotide variant,reviewed by expert panel,8,Pathogenic,MSH6,1,True
89480,1307.0,Duplication,reviewed by expert panel,2,Pathogenic,MSH6,1,True
89486,1320.0,Duplication,reviewed by expert panel,22,Pathogenic,MSH6,1,True
89506,1334.0,single nucleotide variant,reviewed by expert panel,20,Pathogenic,MSH6,1,True
89519,142.0,single nucleotide variant,reviewed by expert panel,6,Pathogenic,MSH6,1,False
89534,156.0,single nucleotide variant,reviewed by expert panel,20,Pathogenic,MSH6,1,False
89539,200.0,single nucleotide variant,reviewed by expert panel,3,Pathogenic,MSH6,1,False
89546,214.0,single nucleotide variant,reviewed by expert panel,4,Pathogenic,MSH6,1,False
89547,214.0,single nucleotide variant,reviewed by expert panel,11,Pathogenic,MSH6,1,False
89550,218.0,single nucleotide variant,reviewed by expert panel,4,Pathogenic,MSH6,1,False
89556,232.0,single nucleotide variant,reviewed by expert panel,11,Pathogenic,MSH6,1,False
89557,236.0,single nucleotide variant,reviewed by expert panel,2,Pathogenic,MSH6,1,False
89559,240.0,single nucleotide variant,reviewed by expert panel,18,Pathogenic,MSH6,1,False
89560,244.0,single nucleotide variant,reviewed by expert panel,6,Pathogenic,MSH6,1,False
89561,247.0,Insertion,reviewed by expert panel,1,Pathogenic,MSH6,1,False
89563,248.0,single nucleotide variant,reviewed by expert panel,15,Pathogenic,MSH6,1,False
89566,252.0,single nucleotide variant,reviewed by expert panel,3,Pathogenic,MSH6,1,False
89569,272.0,single nucleotide variant,reviewed by expert panel,3,Pathogenic,MSH6,1,False
89574,298.0,single nucleotide variant,reviewed by expert panel,18,Pathogenic,MSH6,1,False
89610,346.0,single nucleotide variant,reviewed by expert panel,3,Pathogenic,MLH1,1,False
89616,346.0,single nucleotide variant,reviewed by expert panel,10,Pathogenic,MLH1,1,False
89617,346.0,single nucleotide variant,reviewed by expert panel,3,Pathogenic,MLH1,1,False
89618,346.0,single nucleotide variant,reviewed by expert panel,2,Pathogenic,MLH1,1,False
89629,347.0,single nucleotide variant,reviewed by expert panel,19,Benign,MLH1,0,False
89631,35.0,single nucleotide variant,reviewed by expert panel,5,Pathogenic,MLH1,1,True
89641,37.0,single nucleotide variant,reviewed by expert panel,1,Pathogenic,MLH1,1,True
89643,376.0,single nucleotide variant,reviewed by expert panel,12,Benign,MLH1,0,False
89645,38.0,single nucleotide variant,reviewed by expert panel,5,Pathogenic,MLH1,1,True
89648,38.0,single nucleotide variant,reviewed by expert panel,3,Pathogenic,MLH1,1,True
89651,38.0,single nucleotide variant,reviewed by expert panel,5,Pathogenic,MLH1,1,True
89672,391.0,single nucleotide variant,reviewed by expert panel,5,Pathogenic,MLH1,1,False
89674,398.0,single nucleotide variant,reviewed by expert panel,4,Pathogenic,MLH1,1,False
89682,41.0,single nucleotide variant,reviewed by expert panel,4,Pathogenic,MLH1,1,True
89683,409.0,single nucleotide variant,reviewed by expert panel,6,Pathogenic,MLH1,1,False
89684,41.0,single nucleotide variant,reviewed by expert panel,5,Pathogenic,MLH1,1,True
89691,426.0,single nucleotide variant,reviewed by expert panel,9,Pathogenic,MLH1,1,False
89696,441.0,single nucleotide variant,reviewed by expert panel,30,Benign,MLH1,0,False
89727,471.0,Deletion,reviewed by expert panel,8,Pathogenic,MLH1,1,False
89738,48.0,single nucleotide variant,reviewed by expert panel,8,Pathogenic,MLH1,1,True
89744,487.0,single nucleotide variant,reviewed by expert panel,27,Pathogenic,MLH1,1,False
89746,488.0,single nucleotide variant,reviewed by expert panel,2,Pathogenic,MLH1,1,False
89749,49.0,single nucleotide variant,reviewed by expert panel,2,Pathogenic,MLH1,1,True
89761,510.0,single nucleotide variant,reviewed by expert panel,4,Pathogenic,MLH1,1,False
89762,512.0,single nucleotide variant,reviewed by expert panel,5,Pathogenic,MLH1,1,False
89763,52.0,Duplication,reviewed by expert panel,1,Pathogenic,MLH1,1,True
89764,515.0,Duplication,reviewed by expert panel,1,Pathogenic,MLH1,1,False
89765,517.0,single nucleotide variant,reviewed by expert panel,2,Pathogenic,MLH1,1,False
89768,519.0,Duplication,reviewed by expert panel,7,Pathogenic,MLH1,1,False
89797,525.0,single nucleotide variant,reviewed by expert panel,4,Pathogenic,MLH1,1,False
89798,530.0,Deletion,reviewed by expert panel,4,Pathogenic,MLH1,1,False
89801,537.0,single nucleotide variant,reviewed by expert panel,5,Pathogenic,MLH1,1,False
89802,538.0,single nucleotide variant,reviewed by expert panel,4,Pathogenic,MLH1,1,False
89803,538.0,single nucleotide variant,reviewed by expert panel,3,Pathogenic,MLH1,1,False
89809,542.0,single nucleotide variant,reviewed by expert panel,8,Pathogenic,MLH1,1,False
89814,547.0,single nucleotide variant,reviewed by expert panel,3,Pathogenic,MLH1,1,False
89815,548.0,single nucleotide variant,reviewed by expert panel,2,Pathogenic,MLH1,1,False
89818,550.0,single nucleotide variant,reviewed by expert panel,4,Pathogenic,MLH1,1,False
89825,556.0,single nucleotide variant,reviewed by expert panel,1,Pathogenic,MLH1,1,False
89834,557.0,single nucleotide variant,reviewed by expert panel,5,Pathogenic,MLH1,1,False
89835,558.0,single nucleotide variant,reviewed by expert panel,3,Pathogenic,MLH1,1,False
89838,561.0,single nucleotide variant,reviewed by expert panel,4,Pathogenic,MLH1,1,False
89839,562.0,single nucleotide variant,reviewed by expert panel,6,Pathogenic,MLH1,1,False
89857,577.0,single nucleotide variant,reviewed by expert panel,22,Pathogenic,MLH1,1,False
89871,582.0,single nucleotide variant,reviewed by expert panel,2,Pathogenic,MLH1,1,False
89889,597.0,single nucleotide variant,reviewed by expert panel,9,Pathogenic,MLH1,1,False
89890,600.0,single nucleotide variant,reviewed by expert panel,1,Benign,MLH1,0,False
89893,604.0,single nucleotide variant,reviewed by expert panel,4,Pathogenic,MLH1,1,False
89902,62.0,single nucleotide variant,reviewed by expert panel,9,Pathogenic,MLH1,1,True
89904,618.0,single nucleotide variant,reviewed by expert panel,1,Pathogenic,MLH1,1,False
89906,618.0,single nucleotide variant,reviewed by expert panel,24,Benign,MLH1,0,False
89911,622.0,single nucleotide variant,reviewed by expert panel,3,Pathogenic,MLH1,1,False
89914,625.0,single nucleotide variant,reviewed by expert panel,1,Pathogenic,MLH1,1,False
89930,632.0,single nucleotide variant,reviewed by expert panel,16,Pathogenic,MLH1,1,False
89934,63.0,single nucleotide variant,reviewed by expert panel,2,Pathogenic,MLH1,1,True
89942,643.0,Duplication,reviewed by expert panel,5,Pathogenic,MLH1,1,False
89943,648.0,Duplication,reviewed by expert panel,1,Pathogenic,MLH1,1,False
89959,654.0,single nucleotide variant,reviewed by expert panel,12,Pathogenic,MLH1,1,False
89962,659.0,single nucleotide variant,reviewed by expert panel,15,Pathogenic,MLH1,1,False
89965,659.0,single nucleotide variant,reviewed by expert panel,6,Pathogenic,MLH1,1,False
89966,659.0,single nucleotide variant,reviewed by expert panel,5,Pathogenic,MLH1,1,False
89979,663.0,single nucleotide variant,reviewed by expert panel,5,Pathogenic,MLH1,1,False
89980,663.0,single nucleotide variant,reviewed by expert panel,7,Pathogenic,MLH1,1,False
89991,666.0,single nucleotide variant,reviewed by expert panel,4,Pathogenic,MLH1,1,False
89992,67.0,single nucleotide variant,reviewed by expert panel,26,Pathogenic,MLH1,1,True
89994,1.0,single nucleotide variant,reviewed by expert panel,7,Pathogenic,MLH1,1,False
89999,671.0,single nucleotide variant,reviewed by expert panel,5,Pathogenic,MLH1,1,False
90005,679.0,single nucleotide variant,reviewed by expert panel,6,Pathogenic,MLH1,1,False
90009,680.0,single nucleotide variant,reviewed by expert panel,6,Pathogenic,MLH1,1,False
90014,687.0,single nucleotide variant,reviewed by expert panel,26,Pathogenic,MLH1,1,False
90016,689.0,single nucleotide variant,reviewed by expert panel,23,Benign,MLH1,0,False
90038,695.0,single nucleotide variant,reviewed by expert panel,6,Pathogenic,MLH1,1,False
90040,698.0,single nucleotide variant,reviewed by expert panel,6,Pathogenic,MLH1,1,False
90043,701.0,single nucleotide variant,reviewed by expert panel,7,Pathogenic,MLH1,1,False
90049,701.0,single nucleotide variant,reviewed by expert panel,9,Pathogenic,MLH1,1,False
90063,71.0,single nucleotide variant,reviewed by expert panel,2,Pathogenic,MLH1,1,True
90065,712.0,single nucleotide variant,reviewed by expert panel,12,Pathogenic,MLH1,1,False
90066,712.0,single nucleotide variant,reviewed by expert panel,5,Pathogenic,MLH1,1,False
90067,71.0,Microsatellite,reviewed by expert panel,9,Pathogenic,MLH1,1,True
90068,714.0,single nucleotide variant,reviewed by expert panel,12,Pathogenic,MLH1,1,False
90079,721.0,single nucleotide variant,reviewed by expert panel,1,Pathogenic,MLH1,1,False
90087,732.0,single nucleotide variant,reviewed by expert panel,6,Pathogenic,MLH1,1,False
90094,742.0,single nucleotide variant,reviewed by expert panel,5,Pathogenic,MLH1,1,False
90097,749.0,single nucleotide variant,reviewed by expert panel,14,Pathogenic,MLH1,1,False
90107,757.0,Duplication,reviewed by expert panel,8,Pathogenic,MLH1,1,False
90109,757.0,Duplication,reviewed by expert panel,2,Pathogenic,MLH1,1,False
90110,77.0,single nucleotide variant,reviewed by expert panel,5,Pathogenic,MLH1,1,True
90112,77.0,single nucleotide variant,reviewed by expert panel,13,Pathogenic,MLH1,1,True
90118,82.0,single nucleotide variant,reviewed by expert panel,10,Pathogenic,MLH1,1,True
90121,86.0,single nucleotide variant,reviewed by expert panel,7,Pathogenic,MLH1,1,True
90124,89.0,single nucleotide variant,reviewed by expert panel,2,Pathogenic,MLH1,1,True
90133,100.0,single nucleotide variant,reviewed by expert panel,7,Pathogenic,MLH1,1,True
90134,1.0,single nucleotide variant,reviewed by expert panel,2,Pathogenic,MLH1,1,False
90135,1.0,single nucleotide variant,reviewed by expert panel,6,Pathogenic,MLH1,1,False
90136,1.0,single nucleotide variant,reviewed by expert panel,2,Pathogenic,MLH1,1,False
90150,102.0,single nucleotide variant,reviewed by expert panel,5,Pathogenic,MLH1,1,True
90167,107.0,single nucleotide variant,reviewed by expert panel,3,Pathogenic,MLH1,1,True
90181,123.0,single nucleotide variant,reviewed by expert panel,2,Pathogenic,MLH1,1,True
90186,126.0,single nucleotide variant,reviewed by expert panel,3,Pathogenic,MLH1,1,True
90189,13.0,single nucleotide variant,reviewed by expert panel,4,Pathogenic,MLH1,1,True
90194,127.0,single nucleotide variant,reviewed by expert panel,5,Pathogenic,MLH1,1,True
90199,128.0,single nucleotide variant,reviewed by expert panel,2,Pathogenic,MLH1,1,True
90208,131.0,single nucleotide variant,reviewed by expert panel,3,Pathogenic,MLH1,1,True
90209,133.0,single nucleotide variant,reviewed by expert panel,3,Pathogenic,MLH1,1,True
90211,1.0,single nucleotide variant,reviewed by expert panel,7,Pathogenic,MLH1,1,False
90217,146.0,single nucleotide variant,reviewed by expert panel,4,Pathogenic,MLH1,1,True
90219,149.0,single nucleotide variant,reviewed by expert panel,3,Pathogenic,MLH1,1,True
90241,155.0,single nucleotide variant,reviewed by expert panel,4,Pathogenic,MLH1,1,True
90243,158.0,single nucleotide variant,reviewed by expert panel,25,Benign,MLH1,0,True
90246,166.0,single nucleotide variant,reviewed by expert panel,1,Pathogenic,MLH1,1,True
90255,178.0,Indel,reviewed by expert panel,3,Pathogenic,MLH1,1,True
90258,182.0,single nucleotide variant,reviewed by expert panel,6,Pathogenic,MLH1,1,True
90264,182.0,single nucleotide variant,reviewed by expert panel,5,Pathogenic,MLH1,1,True
90272,185.0,single nucleotide variant,reviewed by expert panel,5,Pathogenic,MLH1,1,True
90274,19.0,single nucleotide variant,reviewed by expert panel,8,Pathogenic,MLH1,1,True
90278,193.0,single nucleotide variant,reviewed by expert panel,5,Pathogenic,MLH1,1,True
90279,196.0,single nucleotide variant,reviewed by expert panel,1,Pathogenic,MLH1,1,True
90295,2.0,single nucleotide variant,reviewed by expert panel,4,Pathogenic,MLH1,1,False
90297,21.0,single nucleotide variant,reviewed by expert panel,3,Pathogenic,MLH1,1,True
90298,21.0,single nucleotide variant,reviewed by expert panel,8,Pathogenic,MLH1,1,True
90305,219.0,single nucleotide variant,reviewed by expert panel,1,Benign,MLH1,0,True
90306,22.0,single nucleotide variant,reviewed by expert panel,24,Benign,MLH1,0,True
90318,226.0,single nucleotide variant,reviewed by expert panel,23,Pathogenic,MLH1,1,True
90331,23.0,single nucleotide variant,reviewed by expert panel,10,Pathogenic,MLH1,1,True
90339,244.0,single nucleotide variant,reviewed by expert panel,8,Pathogenic,MLH1,1,True
90342,247.0,single nucleotide variant,reviewed by expert panel,4,Pathogenic,MLH1,1,True
90347,26.0,single nucleotide variant,reviewed by expert panel,10,Pathogenic,MLH1,1,True
90350,260.0,single nucleotide variant,reviewed by expert panel,4,Pathogenic,MLH1,1,True
90352,262.0,Microsatellite,reviewed by expert panel,2,Pathogenic,MLH1,1,True
90380,265.0,single nucleotide variant,reviewed by expert panel,10,Pathogenic,MLH1,1,True
90382,268.0,single nucleotide variant,reviewed by expert panel,16,Benign,MLH1,0,True
90388,28.0,single nucleotide variant,reviewed by expert panel,9,Pathogenic,MLH1,1,True
90389,280.0,single nucleotide variant,reviewed by expert panel,1,Pathogenic,MLH1,1,True
90390,281.0,single nucleotide variant,reviewed by expert panel,3,Pathogenic,MLH1,1,True
90393,284.0,single nucleotide variant,reviewed by expert panel,2,Pathogenic,MLH1,1,True
90403,29.0,single nucleotide variant,reviewed by expert panel,5,Pathogenic,MLH1,1,True
90407,294.0,single nucleotide variant,reviewed by expert panel,8,Pathogenic,MLH1,1,True
90408,295.0,single nucleotide variant,reviewed by expert panel,6,Pathogenic,MLH1,1,True
90409,295.0,single nucleotide variant,reviewed by expert panel,6,Pathogenic,MLH1,1,True
90415,295.0,single nucleotide variant,reviewed by expert panel,5,Pathogenic,MLH1,1,True
90430,296.0,single nucleotide variant,reviewed by expert panel,7,Pathogenic,MLH1,1,True
90434,297.0,single nucleotide variant,reviewed by expert panel,3,Pathogenic,MLH1,1,True
90435,301.0,single nucleotide variant,reviewed by expert panel,8,Pathogenic,MLH1,1,True
90441,306.0,single nucleotide variant,reviewed by expert panel,4,Pathogenic,MLH1,1,True
90453,319.0,single nucleotide variant,reviewed by expert panel,6,Pathogenic,MLH1,1,False
90458,328.0,single nucleotide variant,reviewed by expert panel,5,Pathogenic,MLH1,1,False
90498,334.0,single nucleotide variant,reviewed by expert panel,3,Pathogenic,MSH2,1,True
90502,337.0,single nucleotide variant,reviewed by expert panel,9,Pathogenic,MSH2,1,True
90504,338.0,single nucleotide variant,reviewed by expert panel,3,Pathogenic,MSH2,1,True
90509,345.0,single nucleotide variant,reviewed by expert panel,6,Pathogenic,MSH2,1,True
90510,345.0,single nucleotide variant,reviewed by expert panel,9,Pathogenic,MSH2,1,True
90513,349.0,single nucleotide variant,reviewed by expert panel,8,Pathogenic,MSH2,1,True
90514,349.0,single nucleotide variant,reviewed by expert panel,6,Pathogenic,MSH2,1,True
90517,359.0,single nucleotide variant,reviewed by expert panel,1,Pathogenic,MSH2,1,True
90539,359.0,single nucleotide variant,reviewed by expert panel,3,Pathogenic,MSH2,1,True
90548,374.0,single nucleotide variant,reviewed by expert panel,8,Pathogenic,MSH2,1,True
90550,377.0,single nucleotide variant,reviewed by expert panel,6,Pathogenic,MSH2,1,True
90554,383.0,single nucleotide variant,reviewed by expert panel,27,Pathogenic,MSH2,1,True
90557,389.0,single nucleotide variant,reviewed by expert panel,28,Pathogenic,MSH2,1,True
90558,395.0,single nucleotide variant,reviewed by expert panel,3,Pathogenic,MSH2,1,True
90559,397.0,single nucleotide variant,reviewed by expert panel,6,Pathogenic,MSH2,1,True
90565,402.0,single nucleotide variant,reviewed by expert panel,6,Pathogenic,MSH2,1,True
90567,405.0,single nucleotide variant,reviewed by expert panel,4,Pathogenic,MSH2,1,True
90584,419.0,single nucleotide variant,reviewed by expert panel,9,Pathogenic,MSH2,1,True
90587,422.0,single nucleotide variant,reviewed by expert panel,3,Pathogenic,MSH2,1,True
90616,429.0,single nucleotide variant,reviewed by expert panel,12,Pathogenic,MSH2,1,True
90618,430.0,single nucleotide variant,reviewed by expert panel,2,Pathogenic,MSH2,1,True
90620,431.0,single nucleotide variant,reviewed by expert panel,2,Pathogenic,MSH2,1,True
90621,43.0,single nucleotide variant,reviewed by expert panel,1,Pathogenic,MSH2,1,False
90625,440.0,single nucleotide variant,reviewed by expert panel,4,Pathogenic,MSH2,1,True
90632,449.0,single nucleotide variant,reviewed by expert panel,4,Pathogenic,MSH2,1,True
90636,452.0,single nucleotide variant,reviewed by expert panel,5,Pathogenic,MSH2,1,True
90638,453.0,single nucleotide variant,reviewed by expert panel,1,Pathogenic,MSH2,1,True
90640,458.0,single nucleotide variant,reviewed by expert panel,5,Pathogenic,MSH2,1,True
90656,467.0,single nucleotide variant,reviewed by expert panel,4,Pathogenic,MSH2,1,True
90659,473.0,single nucleotide variant,reviewed by expert panel,4,Pathogenic,MSH2,1,True
90662,48.0,single nucleotide variant,reviewed by expert panel,10,Pathogenic,MSH2,1,False
90664,482.0,single nucleotide variant,reviewed by expert panel,4,Pathogenic,MSH2,1,True
90668,483.0,single nucleotide variant,reviewed by expert panel,7,Pathogenic,MSH2,1,True
90677,493.0,single nucleotide variant,reviewed by expert panel,10,Pathogenic,MSH2,1,True
90678,496.0,single nucleotide variant,reviewed by expert panel,1,Pathogenic,MSH2,1,True
90693,510.0,single nucleotide variant,reviewed by expert panel,4,Pathogenic,MSH2,1,True
90696,518.0,single nucleotide variant,reviewed by expert panel,9,Pathogenic,MSH2,1,True
90699,522.0,single nucleotide variant,reviewed by expert panel,6,Pathogenic,MSH2,1,True
90717,554.0,single nucleotide variant,reviewed by expert panel,5,Pathogenic,MSH2,1,True
90718,554.0,single nucleotide variant,reviewed by expert panel,1,Pathogenic,MSH2,1,True
90724,554.0,single nucleotide variant,reviewed by expert panel,6,Pathogenic,MSH2,1,True
90741,56.0,single nucleotide variant,reviewed by expert panel,5,Pathogenic,MSH2,1,False
90750,564.0,single nucleotide variant,reviewed by expert panel,17,Benign,MSH2,0,True
90751,565.0,single nucleotide variant,reviewed by expert panel,1,Pathogenic,MSH2,1,True
90753,567.0,single nucleotide variant,reviewed by expert panel,4,Pathogenic,MSH2,1,True
90760,574.0,single nucleotide variant,reviewed by expert panel,4,Pathogenic,MSH2,1,True
90763,580.0,single nucleotide variant,reviewed by expert panel,9,Pathogenic,MSH2,1,True
90771,587.0,single nucleotide variant,reviewed by expert panel,4,Pathogenic,MSH2,1,True
90779,587.0,Deletion,reviewed by expert panel,1,Pathogenic,MSH2,1,True
90780,588.0,single nucleotide variant,reviewed by expert panel,3,Pathogenic,MSH2,1,True
90783,593.0,single nucleotide variant,reviewed by expert panel,8,Pathogenic,MSH2,1,True
90794,61.0,single nucleotide variant,reviewed by expert panel,11,Pathogenic,MSH2,1,False
90799,612.0,single nucleotide variant,reviewed by expert panel,10,Pathogenic,MSH2,1,True
90802,619.0,single nucleotide variant,reviewed by expert panel,4,Pathogenic,MSH2,1,True
90804,621.0,single nucleotide variant,reviewed by expert panel,21,Pathogenic,MSH2,1,True
90811,629.0,single nucleotide variant,reviewed by expert panel,6,Pathogenic,MSH2,1,True
90812,629.0,single nucleotide variant,reviewed by expert panel,23,Benign,MSH2,0,True
90825,656.0,single nucleotide variant,reviewed by expert panel,5,Pathogenic,MSH2,1,True
90854,669.0,single nucleotide variant,reviewed by expert panel,7,Pathogenic,MSH2,1,True
90868,683.0,single nucleotide variant,reviewed by expert panel,10,Pathogenic,MSH2,1,True
90870,704.0,Duplication,reviewed by expert panel,1,Pathogenic,MSH2,1,True
90874,688.0,single nucleotide variant,reviewed by expert panel,6,Pathogenic,MSH2,1,True
90881,696.0,single nucleotide variant,reviewed by expert panel,7,Pathogenic,MSH2,1,True
90882,697.0,single nucleotide variant,reviewed by expert panel,8,Pathogenic,MSH2,1,True
90883,697.0,single nucleotide variant,reviewed by expert panel,4,Pathogenic,MSH2,1,True
90884,697.0,single nucleotide variant,reviewed by expert panel,3,Pathogenic,MSH2,1,True
90885,699.0,single nucleotide variant,reviewed by expert panel,8,Pathogenic,MSH2,1,True
90903,711.0,single nucleotide variant,reviewed by expert panel,26,Pathogenic,MSH2,1,True
90909,718.0,single nucleotide variant,reviewed by expert panel,14,Pathogenic,MSH2,1,True
90915,731.0,single nucleotide variant,reviewed by expert panel,3,Pathogenic,MSH2,1,True
90932,743.0,single nucleotide variant,reviewed by expert panel,6,Pathogenic,MSH2,1,True
90933,743.0,single nucleotide variant,reviewed by expert panel,9,Pathogenic,MSH2,1,True
90935,744.0,single nucleotide variant,reviewed by expert panel,2,Pathogenic,MSH2,1,True
90943,751.0,single nucleotide variant,reviewed by expert panel,4,Pathogenic,MSH2,1,True
90945,76.0,single nucleotide variant,reviewed by expert panel,8,Pathogenic,MSH2,1,False
90946,759.0,single nucleotide variant,reviewed by expert panel,4,Pathogenic,MSH2,1,True
90948,764.0,single nucleotide variant,reviewed by expert panel,4,Pathogenic,MSH2,1,True
90949,764.0,single nucleotide variant,reviewed by expert panel,4,Pathogenic,MSH2,1,True
90956,778.0,single nucleotide variant,reviewed by expert panel,6,Pathogenic,MSH2,1,True
90964,8.0,single nucleotide variant,reviewed by expert panel,29,Benign,MSH2,0,False
90969,808.0,single nucleotide variant,reviewed by expert panel,2,Pathogenic,MSH2,1,True
90971,811.0,single nucleotide variant,reviewed by expert panel,4,Pathogenic,MSH2,1,True
90974,816.0,single nucleotide variant,reviewed by expert panel,5,Pathogenic,MSH2,1,True
90975,82.0,single nucleotide variant,reviewed by expert panel,1,Pathogenic,MSH2,1,False
90983,824.0,single nucleotide variant,reviewed by expert panel,7,Pathogenic,MSH2,1,True
90996,846.0,single nucleotide variant,reviewed by expert panel,5,Pathogenic,MSH2,1,True
91002,86.0,Duplication,reviewed by expert panel,2,Pathogenic,MSH2,1,False
91004,859.0,single nucleotide variant,reviewed by expert panel,7,Pathogenic,MSH2,1,False
91005,860.0,single nucleotide variant,reviewed by expert panel,6,Pathogenic,MSH2,1,False
91007,861.0,single nucleotide variant,reviewed by expert panel,7,Pathogenic,MSH2,1,False
91014,874.0,single nucleotide variant,reviewed by expert panel,2,Pathogenic,MSH2,1,False
91021,878.0,single nucleotide variant,reviewed by expert panel,6,Pathogenic,MSH2,1,False
91028,879.0,single nucleotide variant,reviewed by expert panel,5,Pathogenic,MSH2,1,False
91033,885.0,single nucleotide variant,reviewed by expert panel,10,Pathogenic,MSH2,1,False
91042,922.0,single nucleotide variant,reviewed by expert panel,21,Benign,MSH2,0,False
91050,94.0,Microsatellite,reviewed by expert panel,17,Benign,MSH2,0,False
91054,97.0,single nucleotide variant,reviewed by expert panel,10,Pathogenic,MSH2,1,False
91055,10.0,single nucleotide variant,reviewed by expert panel,7,Pathogenic,MSH2,1,False
91059,101.0,single nucleotide variant,reviewed by expert panel,5,Pathogenic,MSH2,1,False
91062,106.0,single nucleotide variant,reviewed by expert panel,14,Benign,MSH2,0,False
91070,121.0,single nucleotide variant,reviewed by expert panel,6,Pathogenic,MSH2,1,False
91096,142.0,single nucleotide variant,reviewed by expert panel,8,Pathogenic,MSH2,1,False
91102,158.0,single nucleotide variant,reviewed by expert panel,5,Pathogenic,MSH2,1,False
91103,160.0,single nucleotide variant,reviewed by expert panel,6,Pathogenic,MSH2,1,False
91104,161.0,single nucleotide variant,reviewed by expert panel,3,Pathogenic,MSH2,1,False
91105,162.0,single nucleotide variant,reviewed by expert panel,14,Pathogenic,MSH2,1,False
91107,163.0,single nucleotide variant,reviewed by expert panel,6,Pathogenic,MSH2,1,False
91108,163.0,single nucleotide variant,reviewed by expert panel,2,Pathogenic,MSH2,1,False
91109,164.0,single nucleotide variant,reviewed by expert panel,9,Pathogenic,MSH2,1,False
91112,167.0,single nucleotide variant,reviewed by expert panel,19,Benign,MSH2,0,False
91117,170.0,single nucleotide variant,reviewed by expert panel,8,Pathogenic,MSH2,1,False
91118,195.0,Duplication,reviewed by expert panel,3,Pathogenic,MSH2,1,True
91122,173.0,single nucleotide variant,reviewed by expert panel,4,Pathogenic,MSH2,1,False
91128,177.0,single nucleotide variant,reviewed by expert panel,3,Pathogenic,MSH2,1,True
91130,183.0,single nucleotide variant,reviewed by expert panel,6,Pathogenic,MSH2,1,True
91134,187.0,single nucleotide variant,reviewed by expert panel,6,Pathogenic,MSH2,1,True
91135,187.0,single nucleotide variant,reviewed by expert panel,6,Pathogenic,MSH2,1,True
91139,191.0,Microsatellite,reviewed by expert panel,11,Pathogenic,MSH2,1,True
91140,191.0,single nucleotide variant,reviewed by expert panel,24,Benign,MSH2,0,True
91141,193.0,single nucleotide variant,reviewed by expert panel,6,Pathogenic,MSH2,1,True
91145,198.0,single nucleotide variant,reviewed by expert panel,5,Benign,MSH2,0,True
91146,199.0,single nucleotide variant,reviewed by expert panel,5,Pathogenic,MSH2,1,True
91148,200.0,single nucleotide variant,reviewed by expert panel,3,Pathogenic,MSH2,1,True
91149,204.0,single nucleotide variant,reviewed by expert panel,5,Pathogenic,MSH2,1,True
91150,205.0,single nucleotide variant,reviewed by expert panel,3,Pathogenic,MSH2,1,True
91154,215.0,single nucleotide variant,reviewed by expert panel,7,Pathogenic,MSH2,1,True
91173,218.0,single nucleotide variant,reviewed by expert panel,7,Pathogenic,MSH2,1,True
91176,229.0,single nucleotide variant,reviewed by expert panel,2,Pathogenic,MSH2,1,True
91185,239.0,single nucleotide variant,reviewed by expert panel,7,Pathogenic,MSH2,1,True
91192,246.0,single nucleotide variant,reviewed by expert panel,1,Pathogenic,MSH2,1,True
91196,252.0,single nucleotide variant,reviewed by expert panel,4,Pathogenic,MSH2,1,True
91225,28.0,single nucleotide variant,reviewed by expert panel,3,Pathogenic,MSH2,1,False
91229,281.0,single nucleotide variant,reviewed by expert panel,1,Pathogenic,MSH2,1,True
91232,287.0,single nucleotide variant,reviewed by expert panel,5,Pathogenic,MSH2,1,True
91233,288.0,single nucleotide variant,reviewed by expert panel,10,Pathogenic,MSH2,1,True
91235,290.0,single nucleotide variant,reviewed by expert panel,7,Pathogenic,MSH2,1,True
91239,298.0,single nucleotide variant,reviewed by expert panel,9,Pathogenic,MSH2,1,True
91241,301.0,single nucleotide variant,reviewed by expert panel,7,Pathogenic,MSH2,1,True
91242,302.0,single nucleotide variant,reviewed by expert panel,5,Pathogenic,MSH2,1,True
91245,310.0,single nucleotide variant,reviewed by expert panel,4,Pathogenic,MSH2,1,True
91246,310.0,single nucleotide variant,"criteria provided, multiple submitters, no conflicts",3,Pathogenic,MSH2,1,True
91251,314.0,single nucleotide variant,reviewed by expert panel,5,Pathogenic,MSH2,1,True
91261,324.0,single nucleotide variant,reviewed by expert panel,7,Pathogenic,MSH2,1,True
91270,330.0,single nucleotide variant,reviewed by expert panel,4,Pathogenic,MSH2,1,True
91272,333.0,single nucleotide variant,"criteria provided, multiple submitters, no conflicts",5,Pathogenic,MSH2,1,True
91273,333.0,single nucleotide variant,reviewed by expert panel,17,Pathogenic,MSH2,1,True
91298,413.0,Deletion,no assertion criteria provided,1,Pathogenic,PMS2,1,True
91299,421.0,single nucleotide variant,reviewed by expert panel,18,Pathogenic,PMS2,1,True
91304,496.0,single nucleotide variant,reviewed by expert panel,23,Benign,PMS2,0,True
91312,580.0,single nucleotide variant,reviewed by expert panel,12,Pathogenic,PMS2,1,True
91318,614.0,single nucleotide variant,reviewed by expert panel,17,Pathogenic,PMS2,1,True
91320,643.0,single nucleotide variant,reviewed by expert panel,13,Pathogenic,PMS2,1,True
91321,647.0,single nucleotide variant,reviewed by expert panel,28,Pathogenic,PMS2,1,True
91337,780.0,single nucleotide variant,reviewed by expert panel,21,Benign,PMS2,0,True
91350,96.0,single nucleotide variant,reviewed by expert panel,17,Benign,PMS2,0,True
91362,233.0,single nucleotide variant,reviewed by expert panel,18,Pathogenic,PMS2,1,True
91363,235.0,single nucleotide variant,reviewed by expert panel,8,Pathogenic,PMS2,1,True
91382,315.0,single nucleotide variant,reviewed by expert panel,21,Pathogenic,PMS2,1,True
91383,317.0,single nucleotide variant,reviewed by expert panel,10,Pathogenic,PMS2,1,True
91451,2163.0,single nucleotide variant,reviewed by expert panel,11,Pathogenic,BRCA2,1,False
91453,2196.0,single nucleotide variant,reviewed by expert panel,3,Pathogenic,BRCA2,1,False
91454,2210.0,Microsatellite,reviewed by expert panel,5,Pathogenic,BRCA2,1,False
91515,2861.0,single nucleotide variant,reviewed by expert panel,13,Pathogenic,BRCA2,1,True
91517,3043.0,single nucleotide variant,reviewed by expert panel,11,Pathogenic,BRCA2,1,True
91529,3191.0,single nucleotide variant,reviewed by expert panel,4,Pathogenic,BRCA2,1,False
91540,365.0,single nucleotide variant,reviewed by expert panel,4,Pathogenic,BRCA1,1,False
91545,443.0,single nucleotide variant,reviewed by expert panel,8,Pathogenic,BRCA1,1,False
91553,47.0,single nucleotide variant,reviewed by expert panel,4,Pathogenic,BRCA1,1,False
91554,505.0,Duplication,reviewed by expert panel,9,Pathogenic,BRCA1,1,False
91591,84.0,single nucleotide variant,reviewed by expert panel,8,Pathogenic,BRCA1,1,False
91592,842.0,single nucleotide variant,reviewed by expert panel,13,Benign,BRCA1,0,False
91620,1352.0,single nucleotide variant,reviewed by expert panel,8,Pathogenic,BRCA1,1,False
91623,1365.0,single nucleotide variant,reviewed by expert panel,5,Pathogenic,BRCA1,1,False
91628,1452.0,single nucleotide variant,reviewed by expert panel,6,Pathogenic,BRCA1,1,False
91649,1786.0,single nucleotide variant,reviewed by expert panel,17,Pathogenic,BRCA1,1,True
91656,1839.0,single nucleotide variant,reviewed by expert panel,10,Pathogenic,BRCA1,1,True
91732,2888.0,single nucleotide variant,reviewed by expert panel,16,Benign,BRCA2,0,True
91736,2947.0,single nucleotide variant,reviewed by expert panel,10,Pathogenic,BRCA2,1,True
91737,2978.0,single nucleotide variant,reviewed by expert panel,3,Pathogenic,BRCA2,1,True
91754,548.0,single nucleotide variant,reviewed by expert panel,10,Pathogenic,BRCA2,1,False
91760,607.0,single nucleotide variant,reviewed by expert panel,8,Pathogenic,BRCA2,1,False
91764,649.0,single nucleotide variant,reviewed by expert panel,13,Pathogenic,BRCA2,1,False
91770,73.0,single nucleotide variant,reviewed by expert panel,6,Pathogenic,BRCA2,1,False
91771,738.0,single nucleotide variant,reviewed by expert panel,9,Pathogenic,BRCA2,1,False
91776,790.0,single nucleotide variant,reviewed by expert panel,13,Pathogenic,BRCA2,1,False
91820,1442.0,single nucleotide variant,reviewed by expert panel,7,Pathogenic,BRCA2,1,False
91826,1616.0,single nucleotide variant,reviewed by expert panel,4,Pathogenic,BRCA2,1,False
91830,1655.0,Duplication,reviewed by expert panel,10,Pathogenic,BRCA2,1,False
91832,1685.0,single nucleotide variant,reviewed by expert panel,8,Pathogenic,BRCA2,1,False
92340,553.0,single nucleotide variant,"criteria provided, multiple submitters, no conflicts",4,Pathogenic,APC,1,False
92341,789.0,single nucleotide variant,"criteria provided, multiple submitters, no conflicts",6,Pathogenic,APC,1,False
92343,911.0,single nucleotide variant,"criteria provided, single submitter",1,Pathogenic,APC,1,False
92346,1328.0,single nucleotide variant,"criteria provided, multiple submitters, no conflicts",10,Pathogenic,APC,1,True
92349,235.0,single nucleotide variant,reviewed by expert panel,25,Benign,APC,0,False
92819,96.0,single nucleotide variant,"criteria provided, single submitter",1,Pathogenic,PTEN,1,True
92820,111.0,single nucleotide variant,reviewed by expert panel,10,Pathogenic,PTEN,1,True
92822,132.0,single nucleotide variant,reviewed by expert panel,13,Pathogenic,PTEN,1,True
93323,298.0,single nucleotide variant,reviewed by expert panel,10,Pathogenic,TP53,1,False
96762,389.0,single nucleotide variant,reviewed by expert panel,19,Benign,BRCA2,0,False
96772,636.0,single nucleotide variant,reviewed by expert panel,7,Pathogenic,BRCA2,1,False
96782,919.0,single nucleotide variant,reviewed by expert panel,14,Benign,BRCA2,0,False
96791,1159.0,single nucleotide variant,reviewed by expert panel,6,Pathogenic,BRCA2,1,False
96801,1313.0,single nucleotide variant,reviewed by expert panel,7,Pathogenic,BRCA2,1,False
96823,1860.0,single nucleotide variant,reviewed by expert panel,5,Pathogenic,BRCA2,1,False
96844,2320.0,single nucleotide variant,reviewed by expert panel,8,Pathogenic,BRCA2,1,False
96852,2490.0,single nucleotide variant,reviewed by expert panel,40,Benign,BRCA2,0,False
96874,2946.0,single nucleotide variant,reviewed by expert panel,10,Pathogenic,BRCA2,1,True
96877,3018.0,single nucleotide variant,reviewed by expert panel,8,Pathogenic,BRCA2,1,True
96896,405.0,single nucleotide variant,reviewed by expert panel,7,Pathogenic,BRCA1,1,False
96924,1358.0,single nucleotide variant,reviewed by expert panel,6,Pathogenic,BRCA1,1,False
125504,521.0,Indel,reviewed by expert panel,3,Pathogenic,BRCA1,1,False
125511,24.0,Insertion,reviewed by expert panel,2,Pathogenic,BRCA1,1,False
125528,632.0,Insertion,reviewed by expert panel,3,Pathogenic,BRCA1,1,False
125534,693.0,single nucleotide variant,no assertion criteria provided,1,Benign,BRCA1,0,False
125536,694.0,single nucleotide variant,reviewed by expert panel,33,Benign,BRCA1,0,False
125554,771.0,single nucleotide variant,reviewed by expert panel,33,Benign,BRCA1,0,False
125597,999.0,Indel,reviewed by expert panel,8,Pathogenic,BRCA1,1,False
125620,1086.0,Insertion,reviewed by expert panel,4,Pathogenic,BRCA1,1,False
125659,1320.0,single nucleotide variant,no assertion criteria provided,1,Benign,BRCA1,0,False
125700,1429.0,Insertion,reviewed by expert panel,2,Pathogenic,BRCA1,1,False
125703,1436.0,single nucleotide variant,reviewed by expert panel,32,Benign,BRCA1,0,False
125936,397.0,Insertion,reviewed by expert panel,4,Pathogenic,BRCA2,1,False
125943,455.0,single nucleotide variant,reviewed by expert panel,31,Benign,BRCA2,0,False
125947,513.0,single nucleotide variant,reviewed by expert panel,14,Benign,BRCA2,0,False
125949,537.0,Duplication,reviewed by expert panel,2,Pathogenic,BRCA2,1,False
125973,646.0,single nucleotide variant,no assertion criteria provided,1,Benign,BRCA2,0,False
125979,743.0,single nucleotide variant,reviewed by expert panel,31,Benign,BRCA2,0,False
126001,993.0,single nucleotide variant,reviewed by expert panel,12,Pathogenic,BRCA2,1,False
126007,1121.0,single nucleotide variant,reviewed by expert panel,5,Pathogenic,BRCA2,1,False
126009,1132.0,single nucleotide variant,no assertion criteria provided,1,Benign,BRCA2,0,False
126010,1132.0,single nucleotide variant,reviewed by expert panel,32,Benign,BRCA2,0,False
126022,1269.0,single nucleotide variant,reviewed by expert panel,30,Benign,BRCA2,0,False
126037,1378.0,Insertion,reviewed by expert panel,16,Pathogenic,BRCA2,1,False
126048,1521.0,single nucleotide variant,no assertion criteria provided,1,Benign,BRCA2,0,False
126056,1655.0,single nucleotide variant,no assertion criteria provided,1,Pathogenic,BRCA2,1,False
126057,1661.0,Insertion,reviewed by expert panel,2,Pathogenic,BRCA2,1,False
126059,1692.0,Insertion,reviewed by expert panel,3,Pathogenic,BRCA2,1,False
126072,1894.0,single nucleotide variant,reviewed by expert panel,12,Pathogenic,BRCA2,1,False
126113,2215.0,single nucleotide variant,reviewed by expert panel,9,Pathogenic,BRCA2,1,False
126133,2414.0,single nucleotide variant,reviewed by expert panel,30,Benign,BRCA2,0,False
126195,2990.0,single nucleotide variant,reviewed by expert panel,9,Pathogenic,BRCA2,1,True
126203,3076.0,single nucleotide variant,reviewed by expert panel,10,Pathogenic,BRCA2,1,False
127275,405.0,single nucleotide variant,"criteria provided, multiple submitters, no conflicts",19,Pathogenic,APC,1,False
127281,805.0,single nucleotide variant,"criteria provided, multiple submitters, no conflicts",14,Pathogenic,APC,1,False
127284,1030.0,single nucleotide variant,"criteria provided, multiple submitters, no conflicts",3,Pathogenic,APC,1,True
127312,216.0,single nucleotide variant,"criteria provided, multiple submitters, no conflicts",18,Pathogenic,APC,1,False
127558,414.0,single nucleotide variant,"criteria provided, multiple submitters, no conflicts",6,Pathogenic,MSH6,1,True
127580,1048.0,single nucleotide variant,"criteria provided, multiple submitters, no conflicts",8,Pathogenic,MSH6,1,True
127621,692.0,single nucleotide variant,reviewed by expert panel,7,Benign,MLH1,0,False
127788,1.0,single nucleotide variant,"criteria provided, multiple submitters, no conflicts",11,Pathogenic,PMS2,1,False
127796,275.0,single nucleotide variant,"criteria provided, multiple submitters, no conflicts",20,Pathogenic,PMS2,1,True
127806,10.0,single nucleotide variant,reviewed by expert panel,16,Benign,TP53,0,False
127814,163.0,single nucleotide variant,reviewed by expert panel,8,Pathogenic,TP53,1,True
127819,220.0,single nucleotide variant,reviewed by expert panel,31,Pathogenic,TP53,1,True
127821,235.0,single nucleotide variant,reviewed by expert panel,25,Benign,TP53,0,True
127825,290.0,single nucleotide variant,reviewed by expert panel,24,Benign,TP53,0,False
132708,36.0,single nucleotide variant,"criteria provided, multiple submitters, no conflicts",23,Benign,TP53,0,False
132710,456.0,single nucleotide variant,"criteria provided, multiple submitters, no conflicts",6,Pathogenic,MSH6,1,True
132779,1521.0,single nucleotide variant,reviewed by expert panel,29,Benign,BRCA2,0,False
132780,2171.0,single nucleotide variant,reviewed by expert panel,30,Benign,BRCA2,0,False
132781,1806.0,single nucleotide variant,reviewed by expert panel,30,Benign,BRCA2,0,False
133505,26.0,single nucleotide variant,"criteria provided, multiple submitters, no conflicts",10,Benign,APC,0,False
133530,1474.0,single nucleotide variant,reviewed by expert panel,18,Benign,APC,0,False
133738,2466.0,single nucleotide variant,"criteria provided, multiple submitters, no conflicts",18,Benign,BRCA2,0,False
135065,541.0,single nucleotide variant,"criteria provided, multiple submitters, no conflicts",17,Benign,PMS2,0,True
135067,563.0,single nucleotide variant,"criteria provided, multiple submitters, no conflicts",19,Pathogenic,PMS2,1,True
135360,366.0,single nucleotide variant,reviewed by expert panel,14,Benign,TP53,0,False
135695,99.0,single nucleotide variant,reviewed by expert panel,25,Benign,APC,0,False
135936,459.0,single nucleotide variant,"criteria provided, multiple submitters, no conflicts",3,Pathogenic,PMS2,1,True
135948,49.0,single nucleotide variant,reviewed by expert panel,11,Benign,TP53,0,False
136409,1088.0,single nucleotide variant,"criteria provided, multiple submitters, no conflicts",14,Benign,APC,0,True
136410,1750.0,single nucleotide variant,"criteria provided, multiple submitters, no conflicts",14,Benign,APC,0,False
136537,7.0,single nucleotide variant,reviewed by expert panel,23,Benign,BRCA1,0,False
136540,269.0,single nucleotide variant,reviewed by expert panel,11,Benign,BRCA1,0,False
136541,464.0,single nucleotide variant,reviewed by expert panel,14,Benign,BRCA1,0,False
136551,1664.0,single nucleotide variant,reviewed by expert panel,20,Benign,BRCA1,0,True
136554,637.0,single nucleotide variant,reviewed by expert panel,22,Benign,BRCA2,0,False
136560,1357.0,single nucleotide variant,reviewed by expert panel,14,Benign,BRCA2,0,False
136562,2019.0,single nucleotide variant,reviewed by expert panel,21,Benign,BRCA2,0,False
140786,107.0,single nucleotide variant,reviewed by expert panel,17,Benign,TP53,0,False
140821,282.0,single nucleotide variant,"criteria provided, multiple submitters, no conflicts",6,Pathogenic,TP53,1,True
140922,978.0,single nucleotide variant,"criteria provided, multiple submitters, no conflicts",8,Pathogenic,MSH6,1,True
140972,469.0,single nucleotide variant,"criteria provided, multiple submitters, no conflicts",3,Pathogenic,MSH6,1,True
140994,2122.0,Microsatellite,reviewed by expert panel,17,Benign,APC,0,False
141058,767.0,single nucleotide variant,reviewed by expert panel,12,Pathogenic,MSH6,1,True
141070,780.0,single nucleotide variant,reviewed by expert panel,15,Pathogenic,BRCA2,1,False
141082,2279.0,Indel,reviewed by expert panel,3,Pathogenic,BRCA2,1,False
141102,312.0,single nucleotide variant,reviewed by expert panel,19,Benign,TP53,0,False
141104,3015.0,single nucleotide variant,reviewed by expert panel,9,Benign,BRCA2,0,True
141118,2626.0,single nucleotide variant,reviewed by expert panel,6,Pathogenic,BRCA2,1,False
141141,281.0,single nucleotide variant,"criteria provided, multiple submitters, no conflicts",6,Pathogenic,TP53,1,True
141162,3014.0,single nucleotide variant,reviewed by expert panel,12,Pathogenic,BRCA2,1,True
141199,973.0,single nucleotide variant,reviewed by expert panel,5,Pathogenic,BRCA2,1,False
141213,2103.0,single nucleotide variant,reviewed by expert panel,5,Pathogenic,BRCA2,1,False
141286,64.0,single nucleotide variant,reviewed by expert panel,3,Pathogenic,BRCA1,1,False
141335,2587.0,single nucleotide variant,reviewed by expert panel,20,Benign,BRCA2,0,False
141483,298.0,single nucleotide variant,reviewed by expert panel,11,Benign,TP53,0,False
141597,36.0,single nucleotide variant,reviewed by expert panel,8,Benign,TP53,0,False
141729,2396.0,single nucleotide variant,reviewed by expert panel,12,Benign,BRCA2,0,False
141787,2870.0,single nucleotide variant,reviewed by expert panel,3,Pathogenic,BRCA2,1,True
141811,2593.0,single nucleotide variant,reviewed by expert panel,5,Pathogenic,BRCA2,1,False
141872,1725.0,Microsatellite,reviewed by expert panel,4,Pathogenic,BRCA2,1,False
141901,771.0,single nucleotide variant,reviewed by expert panel,8,Pathogenic,BRCA2,1,False
141960,1552.0,Duplication,reviewed by expert panel,3,Pathogenic,BRCA1,1,False
142003,360.0,single nucleotide variant,reviewed by expert panel,22,Benign,TP53,0,False
142010,826.0,single nucleotide variant,reviewed by expert panel,15,Benign,APC,0,False
142018,130.0,single nucleotide variant,reviewed by expert panel,4,Pathogenic,PTEN,1,True
142027,16.0,single nucleotide variant,"criteria provided, multiple submitters, no conflicts",5,Pathogenic,PTEN,1,False
142144,306.0,single nucleotide variant,"criteria provided, multiple submitters, no conflicts",23,Pathogenic,TP53,1,False
142261,105.0,single nucleotide variant,reviewed by expert panel,6,Pathogenic,PTEN,1,True
142269,246.0,single nucleotide variant,reviewed by expert panel,21,Pathogenic,PTEN,1,False
142273,333.0,single nucleotide variant,reviewed by expert panel,13,Benign,TP53,0,False
142309,1099.0,single nucleotide variant,reviewed by expert panel,6,Pathogenic,BRCA2,1,False
142386,73.0,single nucleotide variant,reviewed by expert panel,11,Benign,TP53,0,False
142391,3078.0,single nucleotide variant,reviewed by expert panel,14,Benign,BRCA2,0,False
142519,1406.0,single nucleotide variant,"criteria provided, multiple submitters, no conflicts",5,Pathogenic,APC,1,False
142536,337.0,single nucleotide variant,reviewed by expert panel,14,Pathogenic,TP53,1,False
142608,1720.0,single nucleotide variant,reviewed by expert panel,10,Pathogenic,BRCA2,1,False
142620,885.0,single nucleotide variant,"criteria provided, multiple submitters, no conflicts",11,Pathogenic,MSH6,1,True
142636,165.0,single nucleotide variant,"criteria provided, multiple submitters, no conflicts",6,Pathogenic,PTEN,1,True
142640,274.0,single nucleotide variant,"criteria provided, multiple submitters, no conflicts",7,Pathogenic,PTEN,1,False
142643,53.0,Duplication,"criteria provided, single submitter",1,Pathogenic,TP53,1,False
142648,1138.0,single nucleotide variant,reviewed by expert panel,3,Pathogenic,BRCA2,1,False
142650,30.0,single nucleotide variant,"criteria provided, multiple submitters, no conflicts",13,Pathogenic,PMS2,1,True
142666,865.0,single nucleotide variant,reviewed by expert panel,2,Pathogenic,BRCA1,1,False
142714,237.0,single nucleotide variant,reviewed by expert panel,16,Pathogenic,TP53,1,True
142766,152.0,single nucleotide variant,reviewed by expert panel,22,Pathogenic,TP53,1,True
142776,686.0,single nucleotide variant,reviewed by expert panel,4,Pathogenic,BRCA1,1,False
142836,1463.0,single nucleotide variant,reviewed by expert panel,4,Pathogenic,BRCA1,1,False
142989,2825.0,single nucleotide variant,"criteria provided, single submitter",1,Benign,BRCA2,0,True
143024,1906.0,Duplication,reviewed by expert panel,6,Pathogenic,BRCA2,1,False
155722,2830.0,single nucleotide variant,reviewed by expert panel,6,Pathogenic,BRCA2,1,True
156172,2015.0,single nucleotide variant,reviewed by expert panel,5,Pathogenic,BRCA2,1,False
156475,1096.0,single nucleotide variant,"criteria provided, multiple submitters, no conflicts",7,Pathogenic,APC,1,True
162102,1094.0,single nucleotide variant,reviewed by expert panel,2,Pathogenic,BRCA2,1,False
162103,1098.0,Duplication,reviewed by expert panel,3,Pathogenic,BRCA2,1,False
162502,1490.0,single nucleotide variant,reviewed by expert panel,5,Pathogenic,BRCA1,1,False
165560,72.0,single nucleotide variant,"criteria provided, single submitter",1,Benign,TP53,0,False
181792,663.0,single nucleotide variant,"criteria provided, multiple submitters, no conflicts",6,Pathogenic,APC,1,False
181803,1201.0,single nucleotide variant,"criteria provided, multiple submitters, no conflicts",3,Pathogenic,APC,1,True
181831,96.0,single nucleotide variant,"criteria provided, multiple submitters, no conflicts",9,Pathogenic,APC,1,False
182128,290.0,single nucleotide variant,reviewed by expert panel,6,Pathogenic,BRCA1,1,False
182135,572.0,single nucleotide variant,reviewed by expert panel,8,Pathogenic,BRCA1,1,False
182196,1058.0,single nucleotide variant,reviewed by expert panel,9,Pathogenic,BRCA2,1,False
182231,2229.0,single nucleotide variant,reviewed by expert panel,5,Pathogenic,BRCA2,1,False
182257,2993.0,single nucleotide variant,reviewed by expert panel,6,Pathogenic,BRCA2,1,True
182273,2725.0,single nucleotide variant,reviewed by expert panel,10,Pathogenic,BRCA2,1,False
182284,715.0,single nucleotide variant,reviewed by expert panel,14,Benign,BRCA2,0,False
182299,2807.0,single nucleotide variant,reviewed by expert panel,16,Benign,BRCA2,0,True
182318,2091.0,Duplication,reviewed by expert panel,2,Pathogenic,BRCA2,1,False
182529,689.0,single nucleotide variant,"criteria provided, multiple submitters, no conflicts",5,Pathogenic,MLH1,1,False
182562,509.0,single nucleotide variant,"criteria provided, single submitter",1,Pathogenic,MSH2,1,True
182584,198.0,single nucleotide variant,"criteria provided, multiple submitters, no conflicts",5,Pathogenic,MSH2,1,True
182659,602.0,single nucleotide variant,"criteria provided, multiple submitters, no conflicts",11,Pathogenic,MSH6,1,True
182922,63.0,single nucleotide variant,reviewed by expert panel,10,Benign,TP53,0,False
182930,165.0,single nucleotide variant,"criteria provided, multiple submitters, no conflicts",12,Pathogenic,TP53,1,True
182970,342.0,single nucleotide variant,"criteria provided, multiple submitters, no conflicts",27,Pathogenic,TP53,1,False
183177,1171.0,single nucleotide variant,reviewed by expert panel,6,Pathogenic,BRCA1,1,False
183178,1666.0,single nucleotide variant,reviewed by expert panel,5,Pathogenic,BRCA1,1,True
183182,238.0,single nucleotide variant,reviewed by expert panel,4,Pathogenic,BRCA2,1,False
183185,2422.0,single nucleotide variant,reviewed by expert panel,6,Pathogenic,BRCA2,1,False
183716,255.0,single nucleotide variant,"criteria provided, multiple submitters, no conflicts",17,Pathogenic,PMS2,1,True
183732,270.0,single nucleotide variant,"criteria provided, multiple submitters, no conflicts",11,Pathogenic,PMS2,1,True
183736,413.0,single nucleotide variant,"criteria provided, multiple submitters, no conflicts",5,Pathogenic,MSH6,1,True
183761,451.0,single nucleotide variant,"criteria provided, multiple submitters, no conflicts",4,Pathogenic,MSH2,1,True
183766,565.0,single nucleotide variant,"criteria provided, multiple submitters, no conflicts",18,Benign,APC,0,False
183767,1244.0,single nucleotide variant,"criteria provided, multiple submitters, no conflicts",17,Benign,APC,0,True
183950,45.0,single nucleotide variant,reviewed by expert panel,12,Benign,BRCA1,0,False
183951,1858.0,single nucleotide variant,reviewed by expert panel,11,Benign,BRCA1,0,False
183987,3137.0,single nucleotide variant,reviewed by expert panel,11,Benign,BRCA2,0,False
184061,2507.0,single nucleotide variant,reviewed by expert panel,12,Benign,BRCA2,0,False
184277,277.0,single nucleotide variant,reviewed by expert panel,8,Pathogenic,PTEN,1,False
184353,1526.0,single nucleotide variant,reviewed by expert panel,13,Benign,BRCA2,0,False
184693,1228.0,single nucleotide variant,reviewed by expert panel,9,Benign,BRCA1,0,False
184709,333.0,single nucleotide variant,reviewed by expert panel,7,Benign,BRCA1,0,False
184775,709.0,single nucleotide variant,reviewed by expert panel,14,Benign,BRCA2,0,False
184841,1979.0,Duplication,reviewed by expert panel,9,Pathogenic,BRCA2,1,False
184882,247.0,single nucleotide variant,"criteria provided, multiple submitters, no conflicts",3,Pathogenic,TP53,1,True
184934,1541.0,single nucleotide variant,"criteria provided, multiple submitters, no conflicts",3,Pathogenic,APC,1,False
184937,332.0,single nucleotide variant,"criteria provided, multiple submitters, no conflicts",15,Pathogenic,APC,1,False
184999,283.0,single nucleotide variant,reviewed by expert panel,17,Pathogenic,APC,1,False
185120,72.0,single nucleotide variant,reviewed by expert panel,8,Benign,TP53,0,False
185190,631.0,Duplication,"criteria provided, multiple submitters, no conflicts",5,Pathogenic,MLH1,1,False
185195,173.0,single nucleotide variant,"criteria provided, multiple submitters, no conflicts",3,Pathogenic,PTEN,1,True
185200,24.0,single nucleotide variant,reviewed by expert panel,4,Pathogenic,PTEN,1,True
185295,1612.0,single nucleotide variant,reviewed by expert panel,10,Pathogenic,BRCA1,1,False
185498,205.0,single nucleotide variant,"criteria provided, single submitter",1,Pathogenic,TP53,1,True
185743,661.0,single nucleotide variant,"criteria provided, multiple submitters, no conflicts",6,Pathogenic,PMS2,1,True
185745,1416.0,single nucleotide variant,reviewed by expert panel,2,Pathogenic,BRCA2,1,False
185793,2052.0,single nucleotide variant,reviewed by expert panel,7,Pathogenic,BRCA2,1,False
185814,272.0,single nucleotide variant,reviewed by expert panel,12,Pathogenic,TP53,1,True
185817,124.0,single nucleotide variant,"criteria provided, multiple submitters, no conflicts",3,Pathogenic,PTEN,1,True
185961,1879.0,single nucleotide variant,reviewed by expert panel,11,Pathogenic,BRCA2,1,False
186005,24.0,single nucleotide variant,reviewed by expert panel,10,Pathogenic,PTEN,1,True
186016,1508.0,single nucleotide variant,reviewed by expert panel,8,Pathogenic,BRCA1,1,False
186058,935.0,single nucleotide variant,"criteria provided, multiple submitters, no conflicts",7,Pathogenic,APC,1,False
186153,180.0,single nucleotide variant,"criteria provided, multiple submitters, no conflicts",4,Pathogenic,PTEN,1,True
186230,267.0,single nucleotide variant,reviewed by expert panel,6,Pathogenic,BRCA2,1,False
186293,284.0,single nucleotide variant,"criteria provided, single submitter",1,Pathogenic,PTEN,1,False
186345,832.0,single nucleotide variant,reviewed by expert panel,2,Pathogenic,BRCA2,1,False
186363,49.0,single nucleotide variant,reviewed by expert panel,11,Benign,TP53,0,False
186396,245.0,single nucleotide variant,"criteria provided, multiple submitters, no conflicts",10,Pathogenic,PTEN,1,False
186398,2959.0,single nucleotide variant,reviewed by expert panel,4,Pathogenic,BRCA2,1,True
186494,991.0,single nucleotide variant,"criteria provided, multiple submitters, no conflicts",2,Pathogenic,APC,1,True
186497,1367.0,single nucleotide variant,reviewed by expert panel,2,Pathogenic,BRCA1,1,False
186554,481.0,single nucleotide variant,"criteria provided, multiple submitters, no conflicts",2,Pathogenic,MSH2,1,True
186657,850.0,single nucleotide variant,"criteria provided, multiple submitters, no conflicts",3,Pathogenic,MSH6,1,True
186784,2159.0,single nucleotide variant,reviewed by expert panel,2,Pathogenic,BRCA2,1,False
186881,739.0,Duplication,reviewed by expert panel,19,Pathogenic,BRCA1,1,False
187038,277.0,single nucleotide variant,"criteria provided, multiple submitters, no conflicts",4,Pathogenic,MSH2,1,True
187043,471.0,single nucleotide variant,"criteria provided, multiple submitters, no conflicts",2,Pathogenic,PMS2,1,True
187055,1161.0,single nucleotide variant,reviewed by expert panel,4,Pathogenic,BRCA1,1,False
187223,1144.0,single nucleotide variant,reviewed by expert panel,7,Benign,BRCA1,0,False
187251,1053.0,single nucleotide variant,reviewed by expert panel,4,Pathogenic,BRCA1,1,False
187264,189.0,single nucleotide variant,"criteria provided, multiple submitters, no conflicts",2,Pathogenic,MSH6,1,False
187368,2573.0,single nucleotide variant,reviewed by expert panel,3,Pathogenic,BRCA2,1,False
187466,1676.0,single nucleotide variant,reviewed by expert panel,3,Pathogenic,BRCA1,1,True
187587,654.0,single nucleotide variant,reviewed by expert panel,2,Pathogenic,BRCA2,1,False
187597,1833.0,Duplication,reviewed by expert panel,5,Pathogenic,BRCA2,1,False
187637,1209.0,single nucleotide variant,reviewed by expert panel,4,Pathogenic,BRCA1,1,False
187657,298.0,single nucleotide variant,reviewed by expert panel,6,Pathogenic,PTEN,1,False
187721,1165.0,single nucleotide variant,reviewed by expert panel,9,Benign,BRCA2,0,False
187740,871.0,single nucleotide variant,reviewed by expert panel,5,Pathogenic,BRCA2,1,False
187754,332.0,single nucleotide variant,reviewed by expert panel,11,Benign,APC,0,False
188167,309.0,single nucleotide variant,"criteria provided, multiple submitters, no conflicts",2,Pathogenic,APC,1,False
188240,1392.0,single nucleotide variant,"criteria provided, single submitter",1,Pathogenic,APC,1,False
188244,421.0,single nucleotide variant,"criteria provided, multiple submitters, no conflicts",4,Pathogenic,APC,1,False
188274,481.0,single nucleotide variant,"criteria provided, multiple submitters, no conflicts",2,Pathogenic,MSH2,1,True
188409,767.0,Duplication,reviewed by expert panel,2,Pathogenic,BRCA1,1,False
188440,3094.0,single nucleotide variant,reviewed by expert panel,4,Pathogenic,BRCA2,1,False
188516,662.0,single nucleotide variant,"criteria provided, multiple submitters, no conflicts",6,Pathogenic,MSH2,1,True
189398,24.0,single nucleotide variant,"criteria provided, multiple submitters, no conflicts",3,Pathogenic,PTEN,1,True
189401,47.0,single nucleotide variant,reviewed by expert panel,3,Pathogenic,PTEN,1,True
189403,95.0,single nucleotide variant,reviewed by expert panel,6,Pathogenic,PTEN,1,True
189406,136.0,single nucleotide variant,reviewed by expert panel,8,Pathogenic,PTEN,1,True
189411,171.0,single nucleotide variant,reviewed by expert panel,8,Pathogenic,PTEN,1,True
189415,204.0,single nucleotide variant,reviewed by expert panel,4,Pathogenic,PTEN,1,False
189423,307.0,single nucleotide variant,"criteria provided, multiple submitters, no conflicts",5,Pathogenic,PTEN,1,False
189458,17.0,single nucleotide variant,"criteria provided, multiple submitters, no conflicts",6,Pathogenic,PTEN,1,False
189483,97.0,single nucleotide variant,"criteria provided, multiple submitters, no conflicts",4,Pathogenic,PTEN,1,True
189488,146.0,single nucleotide variant,"criteria provided, multiple submitters, no conflicts",2,Pathogenic,PTEN,1,True
189489,150.0,single nucleotide variant,"criteria provided, multiple submitters, no conflicts",3,Pathogenic,PTEN,1,True
189500,173.0,single nucleotide variant,reviewed by expert panel,24,Pathogenic,PTEN,1,True
194585,1450.0,single nucleotide variant,"criteria provided, multiple submitters, no conflicts",12,Pathogenic,APC,1,False
209216,1052.0,single nucleotide variant,reviewed by expert panel,4,Benign,BRCA2,0,False
209217,1265.0,single nucleotide variant,reviewed by expert panel,4,Benign,BRCA2,0,False
209218,1537.0,single nucleotide variant,reviewed by expert panel,3,Benign,BRCA2,0,False
215553,414.0,single nucleotide variant,reviewed by expert panel,12,Benign,APC,0,False
215996,342.0,single nucleotide variant,reviewed by expert panel,12,Pathogenic,TP53,1,False
216010,358.0,single nucleotide variant,"criteria provided, multiple submitters, no conflicts",4,Pathogenic,APC,1,False
216014,876.0,single nucleotide variant,"criteria provided, multiple submitters, no conflicts",18,Pathogenic,APC,1,False
216017,141.0,single nucleotide variant,"criteria provided, multiple submitters, no conflicts",5,Pathogenic,APC,1,False
216018,265.0,Deletion,"criteria provided, multiple submitters, no conflicts",2,Pathogenic,APC,1,False
216026,1.0,single nucleotide variant,"criteria provided, single submitter",1,Pathogenic,BRCA2,1,False
216029,2008.0,single nucleotide variant,reviewed by expert panel,2,Pathogenic,BRCA2,1,False
216031,2624.0,single nucleotide variant,reviewed by expert panel,6,Pathogenic,BRCA2,1,False
216032,2715.0,single nucleotide variant,reviewed by expert panel,6,Pathogenic,BRCA2,1,False
216033,2807.0,single nucleotide variant,reviewed by expert panel,3,Pathogenic,BRCA2,1,True
216043,583.0,Duplication,"criteria provided, single submitter",1,Pathogenic,MSH6,1,True
216048,638.0,single nucleotide variant,"criteria provided, multiple submitters, no conflicts",2,Pathogenic,MLH1,1,False
216068,146.0,single nucleotide variant,"criteria provided, multiple submitters, no conflicts",2,Pathogenic,PTEN,1,True
216073,433.0,single nucleotide variant,"criteria provided, multiple submitters, no conflicts",8,Pathogenic,PMS2,1,True
216077,195.0,single nucleotide variant,"criteria provided, multiple submitters, no conflicts",17,Pathogenic,TP53,1,True
216102,682.0,Duplication,reviewed by expert panel,9,Pathogenic,BRCA1,1,False
216105,1492.0,single nucleotide variant,reviewed by expert panel,2,Pathogenic,BRCA1,1,False
216465,125.0,single nucleotide variant,"criteria provided, multiple submitters, no conflicts",2,Pathogenic,TP53,1,True
216472,290.0,single nucleotide variant,reviewed by expert panel,8,Benign,TP53,0,False
217918,349.0,single nucleotide variant,"criteria provided, multiple submitters, no conflicts",3,Pathogenic,APC,1,False
217921,433.0,single nucleotide variant,"criteria provided, multiple submitters, no conflicts",4,Pathogenic,APC,1,False
217928,478.0,single nucleotide variant,"criteria provided, multiple submitters, no conflicts",3,Pathogenic,APC,1,False
217929,500.0,single nucleotide variant,"criteria provided, multiple submitters, no conflicts",5,Pathogenic,APC,1,False
217935,553.0,single nucleotide variant,"criteria provided, multiple submitters, no conflicts",7,Pathogenic,APC,1,False
217954,935.0,Duplication,"criteria provided, multiple submitters, no conflicts",9,Pathogenic,APC,1,False
217957,96.0,single nucleotide variant,"criteria provided, multiple submitters, no conflicts",6,Pathogenic,APC,1,False
217958,101.0,single nucleotide variant,"criteria provided, multiple submitters, no conflicts",5,Pathogenic,APC,1,False
217964,1049.0,single nucleotide variant,"criteria provided, multiple submitters, no conflicts",5,Pathogenic,APC,1,True
217968,1201.0,single nucleotide variant,"criteria provided, single submitter",2,Pathogenic,APC,1,True
217969,1230.0,single nucleotide variant,"criteria provided, multiple submitters, no conflicts",5,Pathogenic,APC,1,True
217970,1262.0,Duplication,"criteria provided, multiple submitters, no conflicts",5,Pathogenic,APC,1,True
217972,1270.0,single nucleotide variant,"criteria provided, multiple submitters, no conflicts",9,Pathogenic,APC,1,True
217973,1272.0,single nucleotide variant,"criteria provided, multiple submitters, no conflicts",6,Pathogenic,APC,1,True
217977,1359.0,single nucleotide variant,"criteria provided, single submitter",2,Pathogenic,APC,1,False
217983,1499.0,single nucleotide variant,"criteria provided, multiple submitters, no conflicts",5,Pathogenic,APC,1,False
217985,1545.0,single nucleotide variant,"criteria provided, multiple submitters, no conflicts",3,Pathogenic,APC,1,False
217986,1549.0,single nucleotide variant,"criteria provided, multiple submitters, no conflicts",5,Pathogenic,APC,1,False
217991,163.0,single nucleotide variant,"criteria provided, multiple submitters, no conflicts",8,Pathogenic,APC,1,False
217996,181.0,single nucleotide variant,"criteria provided, multiple submitters, no conflicts",4,Pathogenic,APC,1,False
218029,393.0,single nucleotide variant,"criteria provided, multiple submitters, no conflicts",4,Pathogenic,MSH2,1,True
218030,413.0,single nucleotide variant,"criteria provided, multiple submitters, no conflicts",6,Pathogenic,MSH2,1,True
218037,494.0,single nucleotide variant,"criteria provided, multiple submitters, no conflicts",4,Pathogenic,MSH2,1,True
218043,766.0,Insertion,"criteria provided, multiple submitters, no conflicts",3,Pathogenic,MSH2,1,True
218045,767.0,single nucleotide variant,"criteria provided, multiple submitters, no conflicts",4,Pathogenic,MSH2,1,True
218046,832.0,single nucleotide variant,"criteria provided, multiple submitters, no conflicts",3,Pathogenic,MSH2,1,True
218054,628.0,single nucleotide variant,"criteria provided, multiple submitters, no conflicts",6,Pathogenic,MSH6,1,True
218061,1112.0,Duplication,"criteria provided, multiple submitters, no conflicts",10,Pathogenic,MSH6,1,True
218071,1254.0,Insertion,no assertion criteria provided,1,Benign,MSH6,0,True
218075,1314.0,Insertion,no assertion criteria provided,1,Pathogenic,MSH6,1,True
219292,755.0,single nucleotide variant,reviewed by expert panel,1,Pathogenic,MLH1,1,False
219294,1211.0,single nucleotide variant,reviewed by expert panel,9,Pathogenic,MSH6,1,True
219406,1672.0,single nucleotide variant,reviewed by expert panel,6,Pathogenic,BRCA2,1,False
219426,2085.0,single nucleotide variant,reviewed by expert panel,4,Pathogenic,BRCA2,1,False
219551,564.0,single nucleotide variant,"criteria provided, multiple submitters, no conflicts",11,Pathogenic,MSH6,1,True
219579,329.0,single nucleotide variant,reviewed by expert panel,16,Benign,BRCA2,0,False
219665,2996.0,single nucleotide variant,reviewed by expert panel,8,Pathogenic,BRCA2,1,True
219674,41.0,single nucleotide variant,"criteria provided, multiple submitters, no conflicts",4,Pathogenic,PMS2,1,True
219909,281.0,single nucleotide variant,"criteria provided, multiple submitters, no conflicts",5,Pathogenic,MSH2,1,True
220069,416.0,single nucleotide variant,"criteria provided, multiple submitters, no conflicts",6,Pathogenic,MLH1,1,False
220115,333.0,Duplication,"criteria provided, single submitter",1,Pathogenic,PTEN,1,False
220223,1176.0,single nucleotide variant,"criteria provided, multiple submitters, no conflicts",3,Pathogenic,MSH6,1,True
220241,463.0,single nucleotide variant,"criteria provided, multiple submitters, no conflicts",4,Pathogenic,MSH6,1,True
220284,726.0,single nucleotide variant,"criteria provided, multiple submitters, no conflicts",3,Pathogenic,MLH1,1,False
220329,239.0,single nucleotide variant,reviewed by expert panel,8,Benign,APC,0,False
220532,3009.0,single nucleotide variant,reviewed by expert panel,3,Pathogenic,BRCA2,1,True
220624,1064.0,single nucleotide variant,reviewed by expert panel,2,Pathogenic,BRCA2,1,False
224421,857.0,single nucleotide variant,reviewed by expert panel,2,Pathogenic,BRCA1,1,False
224444,1736.0,single nucleotide variant,reviewed by expert panel,8,Pathogenic,BRCA2,1,False
224448,3106.0,single nucleotide variant,reviewed by expert panel,7,Pathogenic,BRCA2,1,False
224515,188.0,single nucleotide variant,"criteria provided, multiple submitters, no conflicts",4,Pathogenic,APC,1,False
224532,9.0,Indel,"criteria provided, multiple submitters, no conflicts",4,Pathogenic,MLH1,1,True
224543,136.0,single nucleotide variant,reviewed by expert panel,6,Pathogenic,PTEN,1,True
224545,40.0,single nucleotide variant,"criteria provided, multiple submitters, no conflicts",2,Pathogenic,PTEN,1,True
228323,611.0,single nucleotide variant,reviewed by expert panel,5,Pathogenic,BRCA2,1,False
228324,1063.0,single nucleotide variant,reviewed by expert panel,14,Pathogenic,BRCA2,1,False
229781,1152.0,single nucleotide variant,reviewed by expert panel,6,Pathogenic,BRCA2,1,False
229997,161.0,single nucleotide variant,"criteria provided, multiple submitters, no conflicts",6,Pathogenic,APC,1,False
230061,44.0,single nucleotide variant,reviewed by expert panel,9,Pathogenic,BRCA1,1,False
230253,248.0,single nucleotide variant,reviewed by expert panel,7,Pathogenic,TP53,1,True
230269,374.0,single nucleotide variant,reviewed by expert panel,8,Benign,TP53,0,False
230285,53.0,single nucleotide variant,"criteria provided, multiple submitters, no conflicts",6,Pathogenic,TP53,1,False
230303,1843.0,single nucleotide variant,reviewed by expert panel,15,Benign,BRCA2,0,False
230485,907.0,single nucleotide variant,reviewed by expert panel,4,Pathogenic,BRCA1,1,False
230556,2506.0,single nucleotide variant,reviewed by expert panel,6,Pathogenic,BRCA2,1,False
230582,881.0,single nucleotide variant,reviewed by expert panel,9,Pathogenic,BRCA2,1,False
230610,1049.0,single nucleotide variant,"criteria provided, multiple submitters, no conflicts",4,Pathogenic,APC,1,True
230624,1712.0,single nucleotide variant,reviewed by expert panel,9,Pathogenic,BRCA1,1,True
230631,2886.0,single nucleotide variant,"criteria provided, single submitter",1,Benign,BRCA2,0,True
230733,440.0,single nucleotide variant,reviewed by expert panel,2,Pathogenic,BRCA1,1,False
230854,511.0,single nucleotide variant,"criteria provided, multiple submitters, no conflicts",2,Pathogenic,APC,1,False
230927,89.0,single nucleotide variant,"criteria provided, multiple submitters, no conflicts",7,Pathogenic,APC,1,False
230950,400.0,single nucleotide variant,"criteria provided, multiple submitters, no conflicts",2,Pathogenic,PMS2,1,True
230959,473.0,single nucleotide variant,"criteria provided, multiple submitters, no conflicts",4,Pathogenic,APC,1,False
231008,317.0,single nucleotide variant,reviewed by expert panel,11,Benign,TP53,0,False
231083,1666.0,Duplication,reviewed by expert panel,8,Pathogenic,BRCA1,1,True
231116,582.0,single nucleotide variant,reviewed by expert panel,9,Benign,APC,0,False
231203,2115.0,single nucleotide variant,"criteria provided, single submitter",1,Pathogenic,APC,1,False
231337,241.0,single nucleotide variant,reviewed by expert panel,7,Pathogenic,BRCA2,1,False
231485,354.0,single nucleotide variant,reviewed by expert panel,10,Benign,TP53,0,False
231604,1135.0,single nucleotide variant,reviewed by expert panel,10,Pathogenic,BRCA2,1,False
231643,586.0,single nucleotide variant,reviewed by expert panel,6,Pathogenic,BRCA2,1,False
231724,884.0,single nucleotide variant,reviewed by expert panel,7,Pathogenic,BRCA2,1,False
231782,296.0,single nucleotide variant,reviewed by expert panel,2,Pathogenic,BRCA2,1,False
231792,2117.0,single nucleotide variant,reviewed by expert panel,3,Pathogenic,BRCA2,1,False
231815,326.0,single nucleotide variant,"criteria provided, multiple submitters, no conflicts",6,Pathogenic,TP53,1,False
231852,387.0,single nucleotide variant,reviewed by expert panel,7,Benign,BRCA1,0,False
231916,35.0,single nucleotide variant,reviewed by expert panel,12,Pathogenic,PTEN,1,True
231951,894.0,single nucleotide variant,reviewed by expert panel,2,Pathogenic,BRCA1,1,False
231993,719.0,single nucleotide variant,"criteria provided, multiple submitters, no conflicts",7,Pathogenic,PMS2,1,True
232045,625.0,single nucleotide variant,"criteria provided, multiple submitters, no conflicts",6,Pathogenic,APC,1,False
232078,1071.0,single nucleotide variant,"criteria provided, multiple submitters, no conflicts",5,Pathogenic,APC,1,True
232190,736.0,single nucleotide variant,"criteria provided, multiple submitters, no conflicts",4,Pathogenic,MLH1,1,False
232360,1327.0,single nucleotide variant,reviewed by expert panel,4,Pathogenic,BRCA1,1,False
232467,2957.0,single nucleotide variant,"criteria provided, single submitter",1,Benign,BRCA2,0,True
232497,278.0,single nucleotide variant,"criteria provided, multiple submitters, no conflicts",5,Pathogenic,TP53,1,True
232526,3035.0,single nucleotide variant,"criteria provided, single submitter",1,Benign,BRCA2,0,True
232528,250.0,single nucleotide variant,"criteria provided, multiple submitters, no conflicts",3,Pathogenic,PTEN,1,False
232619,1478.0,single nucleotide variant,reviewed by expert panel,2,Pathogenic,BRCA1,1,False
232869,777.0,single nucleotide variant,"criteria provided, multiple submitters, no conflicts",2,Pathogenic,MSH6,1,True
232879,57.0,single nucleotide variant,reviewed by expert panel,5,Pathogenic,BRCA2,1,False
232966,3119.0,single nucleotide variant,reviewed by expert panel,4,Pathogenic,BRCA2,1,False
233010,667.0,single nucleotide variant,"criteria provided, multiple submitters, no conflicts",3,Pathogenic,APC,1,False
233112,1335.0,single nucleotide variant,reviewed by expert panel,11,Pathogenic,BRCA2,1,False
233241,701.0,single nucleotide variant,reviewed by expert panel,7,Pathogenic,BRCA1,1,False
233288,933.0,single nucleotide variant,reviewed by expert panel,8,Benign,BRCA1,0,False
233359,2456.0,single nucleotide variant,reviewed by expert panel,9,Pathogenic,BRCA2,1,False
233389,744.0,single nucleotide variant,reviewed by expert panel,3,Pathogenic,BRCA2,1,False
233488,292.0,single nucleotide variant,"criteria provided, single submitter",1,Pathogenic,APC,1,False
233590,170.0,single nucleotide variant,"criteria provided, multiple submitters, no conflicts",5,Pathogenic,PTEN,1,True
233600,717.0,single nucleotide variant,reviewed by expert panel,4,Pathogenic,BRCA2,1,False
233627,110.0,single nucleotide variant,reviewed by expert panel,9,Pathogenic,TP53,1,True
233650,91.0,single nucleotide variant,"criteria provided, multiple submitters, no conflicts",10,Pathogenic,TP53,1,False
233656,284.0,single nucleotide variant,"criteria provided, multiple submitters, no conflicts",4,Pathogenic,PMS2,1,True
233665,385.0,single nucleotide variant,reviewed by expert panel,3,Pathogenic,BRCA1,1,False
233727,1388.0,single nucleotide variant,reviewed by expert panel,6,Pathogenic,BRCA1,1,False
233824,1982.0,single nucleotide variant,"criteria provided, multiple submitters, no conflicts",3,Pathogenic,APC,1,False
233951,173.0,single nucleotide variant,reviewed by expert panel,12,Pathogenic,TP53,1,True
233973,622.0,single nucleotide variant,"criteria provided, multiple submitters, no conflicts",7,Pathogenic,APC,1,False
234024,412.0,single nucleotide variant,"criteria provided, multiple submitters, no conflicts",4,Pathogenic,APC,1,False
234042,2261.0,single nucleotide variant,reviewed by expert panel,3,Pathogenic,BRCA2,1,False
234144,404.0,single nucleotide variant,reviewed by expert panel,3,Pathogenic,PTEN,1,False
234187,1900.0,single nucleotide variant,reviewed by expert panel,4,Pathogenic,BRCA2,1,False
234370,131.0,single nucleotide variant,"criteria provided, multiple submitters, no conflicts",5,Pathogenic,MLH1,1,True
234409,16.0,Duplication,"criteria provided, multiple submitters, no conflicts",2,Pathogenic,PTEN,1,False
234410,26.0,single nucleotide variant,"criteria provided, multiple submitters, no conflicts",2,Pathogenic,PTEN,1,True
234506,1712.0,single nucleotide variant,reviewed by expert panel,6,Pathogenic,BRCA2,1,False
234508,211.0,single nucleotide variant,"criteria provided, multiple submitters, no conflicts",15,Pathogenic,PMS2,1,True
234509,315.0,single nucleotide variant,"criteria provided, multiple submitters, no conflicts",3,Pathogenic,PTEN,1,False
234524,1551.0,single nucleotide variant,reviewed by expert panel,8,Pathogenic,BRCA2,1,False
234621,200.0,single nucleotide variant,"criteria provided, multiple submitters, no conflicts",5,Pathogenic,MSH6,1,False
234743,785.0,Insertion,"criteria provided, multiple submitters, no conflicts",4,Pathogenic,MSH6,1,True
234763,566.0,single nucleotide variant,"criteria provided, multiple submitters, no conflicts",3,Pathogenic,MLH1,1,False
234792,3173.0,Insertion,"criteria provided, single submitter",1,Pathogenic,BRCA2,1,False
234828,3127.0,single nucleotide variant,reviewed by expert panel,8,Pathogenic,BRCA2,1,False
235334,177.0,single nucleotide variant,"criteria provided, multiple submitters, no conflicts",3,Pathogenic,PTEN,1,True
236266,384.0,single nucleotide variant,reviewed by expert panel,3,Pathogenic,BRCA1,1,False
236270,978.0,Duplication,reviewed by expert panel,7,Pathogenic,BRCA1,1,False
236272,1526.0,single nucleotide variant,reviewed by expert panel,3,Pathogenic,BRCA1,1,False
236581,932.0,single nucleotide variant,"criteria provided, multiple submitters, no conflicts",2,Pathogenic,APC,1,False
236589,1114.0,single nucleotide variant,"criteria provided, multiple submitters, no conflicts",15,Pathogenic,APC,1,True
236590,1131.0,single nucleotide variant,"criteria provided, multiple submitters, no conflicts",4,Pathogenic,APC,1,True
236598,150.0,single nucleotide variant,"criteria provided, multiple submitters, no conflicts",2,Pathogenic,APC,1,False
236607,159.0,Duplication,"criteria provided, multiple submitters, no conflicts",7,Pathogenic,APC,1,False
236611,1663.0,single nucleotide variant,"criteria provided, multiple submitters, no conflicts",3,Pathogenic,APC,1,False
236613,1676.0,Duplication,"criteria provided, multiple submitters, no conflicts",2,Pathogenic,APC,1,False
236654,2752.0,single nucleotide variant,"criteria provided, single submitter",1,Benign,APC,0,False
236829,397.0,single nucleotide variant,reviewed by expert panel,8,Pathogenic,BRCA2,1,False
236835,699.0,single nucleotide variant,reviewed by expert panel,15,Pathogenic,BRCA2,1,False
236837,747.0,single nucleotide variant,reviewed by expert panel,3,Pathogenic,BRCA2,1,False
236871,1569.0,single nucleotide variant,reviewed by expert panel,5,Pathogenic,BRCA2,1,False
236892,2143.0,single nucleotide variant,reviewed by expert panel,6,Pathogenic,BRCA2,1,False
237162,894.0,single nucleotide variant,"criteria provided, multiple submitters, no conflicts",3,Pathogenic,MSH6,1,True
237193,1159.0,single nucleotide variant,"criteria provided, multiple submitters, no conflicts",9,Pathogenic,MSH6,1,True
237195,1241.0,Duplication,"criteria provided, multiple submitters, no conflicts",2,Pathogenic,MSH6,1,True
237316,551.0,single nucleotide variant,reviewed by expert panel,9,Benign,MLH1,0,False
237334,750.0,Duplication,"criteria provided, multiple submitters, no conflicts",2,Pathogenic,MLH1,1,False
237408,264.0,single nucleotide variant,"criteria provided, multiple submitters, no conflicts",5,Pathogenic,MSH2,1,True
237643,65.0,single nucleotide variant,reviewed by expert panel,4,Pathogenic,PTEN,1,True
237654,293.0,single nucleotide variant,"criteria provided, multiple submitters, no conflicts",3,Pathogenic,PTEN,1,False
237890,531.0,single nucleotide variant,"criteria provided, multiple submitters, no conflicts",2,Pathogenic,PMS2,1,True
240777,642.0,Duplication,reviewed by expert panel,4,Pathogenic,BRCA1,1,False
240798,1298.0,single nucleotide variant,reviewed by expert panel,2,Pathogenic,BRCA1,1,False
240803,1457.0,single nucleotide variant,reviewed by expert panel,4,Pathogenic,BRCA1,1,False
240811,1675.0,single nucleotide variant,reviewed by expert panel,10,Benign,BRCA1,0,True
245697,1495.0,single nucleotide variant,reviewed by expert panel,5,Pathogenic,BRCA1,1,False
245968,1225.0,single nucleotide variant,reviewed by expert panel,8,Pathogenic,BRCA1,1,False
246084,159.0,single nucleotide variant,"criteria provided, multiple submitters, no conflicts",8,Pathogenic,APC,1,False
246086,1198.0,single nucleotide variant,"criteria provided, multiple submitters, no conflicts",3,Pathogenic,APC,1,True
246087,516.0,single nucleotide variant,"criteria provided, multiple submitters, no conflicts",7,Pathogenic,APC,1,False
246089,1102.0,single nucleotide variant,"criteria provided, multiple submitters, no conflicts",2,Pathogenic,APC,1,True
246110,299.0,single nucleotide variant,"criteria provided, multiple submitters, no conflicts",4,Pathogenic,MSH2,1,True
246118,158.0,single nucleotide variant,reviewed by expert panel,9,Pathogenic,TP53,1,True
246229,98.0,single nucleotide variant,"criteria provided, multiple submitters, no conflicts",5,Pathogenic,MSH2,1,False
246416,164.0,single nucleotide variant,reviewed by expert panel,5,Pathogenic,TP53,1,True
252404,297.0,single nucleotide variant,reviewed by expert panel,4,Pathogenic,BRCA2,1,False
252424,1295.0,single nucleotide variant,reviewed by expert panel,7,Pathogenic,BRCA2,1,False
252428,22.0,single nucleotide variant,reviewed by expert panel,3,Pathogenic,BRCA1,1,False
252431,995.0,single nucleotide variant,reviewed by expert panel,4,Pathogenic,BRCA1,1,False
252435,227.0,single nucleotide variant,reviewed by expert panel,6,Pathogenic,BRCA1,1,False
252441,530.0,single nucleotide variant,reviewed by expert panel,5,Pathogenic,BRCA2,1,False
252823,869.0,single nucleotide variant,reviewed by expert panel,10,Pathogenic,BRCA2,1,False
252830,1410.0,Duplication,reviewed by expert panel,7,Pathogenic,BRCA2,1,False
252838,1765.0,single nucleotide variant,reviewed by expert panel,2,Pathogenic,BRCA2,1,False
252876,135.0,single nucleotide variant,reviewed by expert panel,6,Pathogenic,BRCA1,1,False
252890,26.0,single nucleotide variant,no assertion criteria provided,2,Pathogenic,BRCA1,1,False
254372,94.0,single nucleotide variant,reviewed by expert panel,7,Pathogenic,BRCA1,1,False
254373,130.0,single nucleotide variant,reviewed by expert panel,2,Pathogenic,BRCA1,1,False
254378,246.0,single nucleotide variant,reviewed by expert panel,1,Pathogenic,BRCA1,1,False
254380,262.0,single nucleotide variant,reviewed by expert panel,7,Pathogenic,BRCA1,1,False
254382,286.0,single nucleotide variant,reviewed by expert panel,2,Pathogenic,BRCA1,1,False
254388,348.0,single nucleotide variant,reviewed by expert panel,5,Pathogenic,BRCA1,1,False
254389,360.0,single nucleotide variant,reviewed by expert panel,3,Pathogenic,BRCA1,1,False
254395,515.0,single nucleotide variant,reviewed by expert panel,2,Pathogenic,BRCA1,1,False
254396,551.0,Duplication,reviewed by expert panel,2,Pathogenic,BRCA1,1,False
254405,699.0,single nucleotide variant,reviewed by expert panel,1,Pathogenic,BRCA1,1,False
254406,713.0,single nucleotide variant,reviewed by expert panel,5,Pathogenic,BRCA1,1,False
254409,753.0,Duplication,reviewed by expert panel,3,Pathogenic,BRCA1,1,False
254414,867.0,single nucleotide variant,reviewed by expert panel,9,Pathogenic,BRCA1,1,False
254422,1001.0,single nucleotide variant,reviewed by expert panel,4,Pathogenic,BRCA1,1,False
254424,1076.0,single nucleotide variant,reviewed by expert panel,1,Pathogenic,BRCA1,1,False
254427,1148.0,single nucleotide variant,reviewed by expert panel,1,Pathogenic,BRCA1,1,False
254431,1178.0,Duplication,reviewed by expert panel,2,Pathogenic,BRCA1,1,False
254438,1212.0,single nucleotide variant,reviewed by expert panel,2,Pathogenic,BRCA1,1,False
254440,1233.0,single nucleotide variant,reviewed by expert panel,1,Pathogenic,BRCA1,1,False
254444,1260.0,single nucleotide variant,reviewed by expert panel,4,Pathogenic,BRCA1,1,False
254447,1304.0,single nucleotide variant,reviewed by expert panel,3,Pathogenic,BRCA1,1,False
254452,1363.0,single nucleotide variant,reviewed by expert panel,8,Pathogenic,BRCA1,1,False
254477,175.0,single nucleotide variant,reviewed by expert panel,4,Pathogenic,BRCA2,1,False
254479,195.0,single nucleotide variant,reviewed by expert panel,8,Pathogenic,BRCA2,1,False
254485,309.0,single nucleotide variant,reviewed by expert panel,4,Pathogenic,BRCA2,1,False
254486,352.0,Duplication,reviewed by expert panel,5,Pathogenic,BRCA2,1,False
254492,442.0,single nucleotide variant,reviewed by expert panel,4,Pathogenic,BRCA2,1,False
254503,850.0,single nucleotide variant,reviewed by expert panel,6,Pathogenic,BRCA2,1,False
254506,884.0,single nucleotide variant,reviewed by expert panel,1,Pathogenic,BRCA2,1,False
254509,969.0,single nucleotide variant,reviewed by expert panel,8,Pathogenic,BRCA2,1,False
254512,1006.0,single nucleotide variant,reviewed by expert panel,2,Pathogenic,BRCA2,1,False
254513,1016.0,single nucleotide variant,reviewed by expert panel,8,Pathogenic,BRCA2,1,False
254526,1284.0,Insertion,reviewed by expert panel,1,Pathogenic,BRCA2,1,False
254531,1385.0,single nucleotide variant,reviewed by expert panel,4,Pathogenic,BRCA2,1,False
254535,1489.0,single nucleotide variant,reviewed by expert panel,1,Pathogenic,BRCA2,1,False
254539,1563.0,single nucleotide variant,reviewed by expert panel,8,Pathogenic,BRCA2,1,False
254542,1635.0,single nucleotide variant,reviewed by expert panel,1,Pathogenic,BRCA2,1,False
254543,1646.0,single nucleotide variant,reviewed by expert panel,2,Pathogenic,BRCA2,1,False
254545,1655.0,Indel,reviewed by expert panel,1,Pathogenic,BRCA2,1,False
254546,1658.0,single nucleotide variant,reviewed by expert panel,5,Pathogenic,BRCA2,1,False
254547,1686.0,single nucleotide variant,reviewed by expert panel,1,Pathogenic,BRCA2,1,False
254548,1691.0,single nucleotide variant,reviewed by expert panel,6,Pathogenic,BRCA2,1,False
254554,1734.0,single nucleotide variant,reviewed by expert panel,1,Pathogenic,BRCA2,1,False
254555,1748.0,Insertion,reviewed by expert panel,6,Pathogenic,BRCA2,1,False
254556,1761.0,single nucleotide variant,reviewed by expert panel,10,Pathogenic,BRCA2,1,False
254559,1855.0,single nucleotide variant,reviewed by expert panel,2,Pathogenic,BRCA2,1,False
254565,1927.0,single nucleotide variant,reviewed by expert panel,3,Pathogenic,BRCA2,1,False
254568,1989.0,single nucleotide variant,reviewed by expert panel,1,Pathogenic,BRCA2,1,False
254570,1993.0,single nucleotide variant,reviewed by expert panel,3,Pathogenic,BRCA2,1,False
254593,2328.0,single nucleotide variant,reviewed by expert panel,2,Pathogenic,BRCA2,1,False
254595,2355.0,single nucleotide variant,reviewed by expert panel,6,Pathogenic,BRCA2,1,False
254605,2489.0,Insertion,reviewed by expert panel,2,Pathogenic,BRCA2,1,False
254614,2641.0,single nucleotide variant,reviewed by expert panel,1,Pathogenic,BRCA2,1,False
254616,2663.0,single nucleotide variant,reviewed by expert panel,1,Pathogenic,BRCA2,1,False
254620,2726.0,single nucleotide variant,reviewed by expert panel,8,Pathogenic,BRCA2,1,False
254621,2793.0,single nucleotide variant,reviewed by expert panel,1,Pathogenic,BRCA2,1,False
254623,2826.0,single nucleotide variant,reviewed by expert panel,8,Pathogenic,BRCA2,1,True
254628,2971.0,single nucleotide variant,reviewed by expert panel,3,Pathogenic,BRCA2,1,True
254635,3225.0,Duplication,reviewed by expert panel,1,Pathogenic,BRCA2,1,False
255815,320.0,single nucleotide variant,"criteria provided, single submitter",1,Benign,PTEN,0,False
265053,395.0,single nucleotide variant,reviewed by expert panel,3,Pathogenic,BRCA2,1,False
265245,390.0,single nucleotide variant,"criteria provided, multiple submitters, no conflicts",3,Pathogenic,MLH1,1,False
265246,666.0,single nucleotide variant,"criteria provided, multiple submitters, no conflicts",4,Pathogenic,MLH1,1,False
266140,391.0,single nucleotide variant,reviewed by expert panel,4,Pathogenic,BRCA1,1,False
266144,404.0,Duplication,reviewed by expert panel,2,Pathogenic,BRCA1,1,False
266146,408.0,single nucleotide variant,reviewed by expert panel,3,Pathogenic,BRCA1,1,False
266147,411.0,Duplication,reviewed by expert panel,2,Pathogenic,BRCA1,1,False
266150,421.0,single nucleotide variant,reviewed by expert panel,6,Pathogenic,BRCA1,1,False
266152,426.0,single nucleotide variant,reviewed by expert panel,2,Pathogenic,BRCA1,1,False
266153,426.0,single nucleotide variant,reviewed by expert panel,3,Pathogenic,BRCA1,1,False
266161,459.0,single nucleotide variant,reviewed by expert panel,4,Pathogenic,BRCA1,1,False
266172,502.0,single nucleotide variant,reviewed by expert panel,3,Pathogenic,BRCA1,1,False
266173,510.0,single nucleotide variant,reviewed by expert panel,3,Pathogenic,BRCA1,1,False
266176,540.0,single nucleotide variant,reviewed by expert panel,3,Pathogenic,BRCA1,1,False
266181,565.0,single nucleotide variant,reviewed by expert panel,3,Pathogenic,BRCA1,1,False
266183,575.0,single nucleotide variant,reviewed by expert panel,5,Pathogenic,BRCA1,1,False
266186,59.0,single nucleotide variant,reviewed by expert panel,4,Pathogenic,BRCA1,1,False
266195,627.0,Insertion,reviewed by expert panel,2,Pathogenic,BRCA1,1,False
266197,634.0,Duplication,reviewed by expert panel,2,Pathogenic,BRCA1,1,False
266201,640.0,single nucleotide variant,reviewed by expert panel,6,Pathogenic,BRCA1,1,False
266204,648.0,single nucleotide variant,reviewed by expert panel,2,Pathogenic,BRCA1,1,False
266207,655.0,single nucleotide variant,reviewed by expert panel,4,Pathogenic,BRCA1,1,False
266211,690.0,single nucleotide variant,reviewed by expert panel,2,Pathogenic,BRCA1,1,False
266220,709.0,Insertion,reviewed by expert panel,5,Pathogenic,BRCA1,1,False
266226,717.0,single nucleotide variant,reviewed by expert panel,2,Pathogenic,BRCA1,1,False
266227,741.0,Duplication,reviewed by expert panel,2,Pathogenic,BRCA1,1,False
266243,742.0,Duplication,reviewed by expert panel,3,Pathogenic,BRCA1,1,False
266246,770.0,single nucleotide variant,reviewed by expert panel,5,Pathogenic,BRCA1,1,False
266250,777.0,single nucleotide variant,reviewed by expert panel,8,Pathogenic,BRCA1,1,False
266273,842.0,single nucleotide variant,reviewed by expert panel,4,Pathogenic,BRCA1,1,False
266276,846.0,single nucleotide variant,reviewed by expert panel,3,Pathogenic,BRCA1,1,False
266279,851.0,single nucleotide variant,reviewed by expert panel,11,Pathogenic,BRCA1,1,False
266284,87.0,single nucleotide variant,reviewed by expert panel,5,Pathogenic,BRCA1,1,False
266290,892.0,single nucleotide variant,reviewed by expert panel,2,Pathogenic,BRCA1,1,False
266309,951.0,Duplication,reviewed by expert panel,2,Pathogenic,BRCA1,1,False
266312,955.0,single nucleotide variant,reviewed by expert panel,2,Pathogenic,BRCA1,1,False
266316,964.0,single nucleotide variant,reviewed by expert panel,3,Pathogenic,BRCA1,1,False
266322,987.0,single nucleotide variant,reviewed by expert panel,6,Pathogenic,BRCA1,1,False
266325,991.0,single nucleotide variant,reviewed by expert panel,2,Pathogenic,BRCA1,1,False
266328,1004.0,single nucleotide variant,reviewed by expert panel,2,Pathogenic,BRCA1,1,False
266331,101.0,single nucleotide variant,reviewed by expert panel,4,Pathogenic,BRCA1,1,False
266332,1026.0,Microsatellite,reviewed by expert panel,1,Pathogenic,BRCA1,1,False
266339,1070.0,Duplication,reviewed by expert panel,2,Pathogenic,BRCA1,1,False
266346,1097.0,Duplication,reviewed by expert panel,8,Pathogenic,BRCA1,1,False
266350,1089.0,single nucleotide variant,reviewed by expert panel,3,Pathogenic,BRCA1,1,False
266351,1094.0,single nucleotide variant,reviewed by expert panel,3,Pathogenic,BRCA1,1,False
266360,1121.0,Duplication,reviewed by expert panel,2,Pathogenic,BRCA1,1,False
266362,1127.0,single nucleotide variant,reviewed by expert panel,2,Pathogenic,BRCA1,1,False
266367,1138.0,single nucleotide variant,reviewed by expert panel,6,Pathogenic,BRCA1,1,False
266371,1154.0,single nucleotide variant,reviewed by expert panel,4,Pathogenic,BRCA1,1,False
266383,119.0,single nucleotide variant,reviewed by expert panel,2,Pathogenic,BRCA1,1,False
266392,1202.0,Duplication,reviewed by expert panel,2,Pathogenic,BRCA1,1,False
266397,1218.0,Duplication,reviewed by expert panel,2,Pathogenic,BRCA1,1,False
266399,1227.0,single nucleotide variant,reviewed by expert panel,7,Pathogenic,BRCA1,1,False
266406,1270.0,single nucleotide variant,reviewed by expert panel,3,Pathogenic,BRCA1,1,False
266413,1288.0,single nucleotide variant,reviewed by expert panel,3,Pathogenic,BRCA1,1,False
266430,1345.0,single nucleotide variant,reviewed by expert panel,2,Pathogenic,BRCA1,1,False
266433,1348.0,single nucleotide variant,reviewed by expert panel,4,Pathogenic,BRCA1,1,False
266435,1356.0,single nucleotide variant,reviewed by expert panel,4,Pathogenic,BRCA1,1,False
266437,1357.0,single nucleotide variant,reviewed by expert panel,7,Pathogenic,BRCA1,1,False
266459,1406.0,single nucleotide variant,reviewed by expert panel,2,Pathogenic,BRCA1,1,False
266461,1409.0,single nucleotide variant,reviewed by expert panel,9,Pathogenic,BRCA1,1,False
266463,1419.0,single nucleotide variant,reviewed by expert panel,2,Pathogenic,BRCA1,1,False
266464,1424.0,single nucleotide variant,reviewed by expert panel,4,Pathogenic,BRCA1,1,False
266471,1450.0,single nucleotide variant,reviewed by expert panel,2,Pathogenic,BRCA1,1,False
266472,1455.0,single nucleotide variant,reviewed by expert panel,2,Pathogenic,BRCA1,1,False
266473,1459.0,single nucleotide variant,reviewed by expert panel,2,Pathogenic,BRCA1,1,False
266475,1470.0,single nucleotide variant,reviewed by expert panel,5,Pathogenic,BRCA1,1,False
266478,1501.0,single nucleotide variant,reviewed by expert panel,7,Pathogenic,BRCA1,1,False
266479,1509.0,single nucleotide variant,reviewed by expert panel,4,Pathogenic,BRCA1,1,False
266480,1522.0,single nucleotide variant,reviewed by expert panel,3,Pathogenic,BRCA1,1,False
266481,1522.0,single nucleotide variant,reviewed by expert panel,3,Pathogenic,BRCA1,1,False
266484,1525.0,single nucleotide variant,reviewed by expert panel,4,Pathogenic,BRCA1,1,False
266490,1563.0,Duplication,reviewed by expert panel,4,Pathogenic,BRCA1,1,False
266497,163.0,Microsatellite,reviewed by expert panel,1,Pathogenic,BRCA1,1,False
266499,1625.0,single nucleotide variant,reviewed by expert panel,3,Pathogenic,BRCA1,1,False
266506,1665.0,Deletion,reviewed by expert panel,3,Pathogenic,BRCA1,1,True
266513,1676.0,single nucleotide variant,reviewed by expert panel,3,Pathogenic,BRCA1,1,True
266514,168.0,single nucleotide variant,reviewed by expert panel,3,Pathogenic,BRCA1,1,False
266525,1711.0,single nucleotide variant,reviewed by expert panel,3,Pathogenic,BRCA1,1,True
266526,1716.0,single nucleotide variant,reviewed by expert panel,2,Pathogenic,BRCA1,1,True
266529,1721.0,single nucleotide variant,reviewed by expert panel,9,Pathogenic,BRCA1,1,True
266534,1738.0,single nucleotide variant,reviewed by expert panel,3,Pathogenic,BRCA1,1,True
266544,1767.0,single nucleotide variant,reviewed by expert panel,3,Pathogenic,BRCA1,1,True
266552,1797.0,single nucleotide variant,reviewed by expert panel,5,Pathogenic,BRCA1,1,True
266559,1845.0,single nucleotide variant,reviewed by expert panel,3,Pathogenic,BRCA1,1,True
266562,1848.0,single nucleotide variant,reviewed by expert panel,5,Pathogenic,BRCA1,1,True
266573,240.0,single nucleotide variant,reviewed by expert panel,6,Pathogenic,BRCA1,1,False
266581,272.0,single nucleotide variant,reviewed by expert panel,4,Pathogenic,BRCA1,1,False
266590,300.0,single nucleotide variant,reviewed by expert panel,3,Pathogenic,BRCA1,1,False
266592,309.0,single nucleotide variant,reviewed by expert panel,5,Pathogenic,BRCA1,1,False
266597,321.0,single nucleotide variant,reviewed by expert panel,10,Pathogenic,BRCA1,1,False
266601,341.0,single nucleotide variant,reviewed by expert panel,2,Pathogenic,BRCA2,1,False
266605,353.0,single nucleotide variant,reviewed by expert panel,2,Pathogenic,BRCA2,1,False
266606,353.0,single nucleotide variant,reviewed by expert panel,2,Pathogenic,BRCA2,1,False
266609,366.0,single nucleotide variant,reviewed by expert panel,7,Pathogenic,BRCA2,1,False
266610,37.0,single nucleotide variant,reviewed by expert panel,2,Pathogenic,BRCA2,1,False
266611,37.0,single nucleotide variant,reviewed by expert panel,4,Pathogenic,BRCA2,1,False
266612,395.0,single nucleotide variant,reviewed by expert panel,5,Pathogenic,BRCA2,1,False
266620,418.0,single nucleotide variant,reviewed by expert panel,3,Pathogenic,BRCA2,1,False
266621,42.0,single nucleotide variant,reviewed by expert panel,4,Pathogenic,BRCA2,1,False
266624,429.0,single nucleotide variant,reviewed by expert panel,4,Pathogenic,BRCA2,1,False
266632,459.0,single nucleotide variant,reviewed by expert panel,5,Pathogenic,BRCA2,1,False
266648,541.0,single nucleotide variant,reviewed by expert panel,4,Pathogenic,BRCA2,1,False
266668,638.0,single nucleotide variant,reviewed by expert panel,2,Pathogenic,BRCA2,1,False
266670,648.0,single nucleotide variant,reviewed by expert panel,2,Pathogenic,BRCA2,1,False
266671,662.0,Duplication,reviewed by expert panel,2,Pathogenic,BRCA2,1,False
266675,696.0,single nucleotide variant,reviewed by expert panel,2,Pathogenic,BRCA2,1,False
266678,710.0,single nucleotide variant,reviewed by expert panel,5,Pathogenic,BRCA2,1,False
266679,71.0,Duplication,reviewed by expert panel,2,Pathogenic,BRCA2,1,False
266680,713.0,single nucleotide variant,reviewed by expert panel,3,Pathogenic,BRCA2,1,False
266692,757.0,single nucleotide variant,reviewed by expert panel,5,Pathogenic,BRCA2,1,False
266697,808.0,Duplication,reviewed by expert panel,3,Pathogenic,BRCA2,1,False
266701,83.0,single nucleotide variant,reviewed by expert panel,5,Pathogenic,BRCA2,1,False
266708,847.0,single nucleotide variant,reviewed by expert panel,3,Pathogenic,BRCA2,1,False
266711,865.0,single nucleotide variant,reviewed by expert panel,3,Pathogenic,BRCA2,1,False
266723,949.0,single nucleotide variant,reviewed by expert panel,7,Pathogenic,BRCA2,1,False
266731,995.0,single nucleotide variant,reviewed by expert panel,2,Pathogenic,BRCA2,1,False
266732,997.0,single nucleotide variant,reviewed by expert panel,6,Pathogenic,BRCA2,1,False
266733,1023.0,Duplication,reviewed by expert panel,8,Pathogenic,BRCA2,1,False
266739,1073.0,single nucleotide variant,reviewed by expert panel,5,Pathogenic,BRCA2,1,False
266740,1082.0,single nucleotide variant,reviewed by expert panel,4,Pathogenic,BRCA2,1,False
266745,1113.0,Duplication,reviewed by expert panel,2,Pathogenic,BRCA2,1,False
266756,1175.0,single nucleotide variant,reviewed by expert panel,12,Pathogenic,BRCA2,1,False
266762,1211.0,single nucleotide variant,reviewed by expert panel,4,Pathogenic,BRCA2,1,False
266773,1271.0,single nucleotide variant,reviewed by expert panel,5,Pathogenic,BRCA2,1,False
266775,1274.0,Duplication,reviewed by expert panel,2,Pathogenic,BRCA2,1,False
266780,1294.0,single nucleotide variant,reviewed by expert panel,9,Pathogenic,BRCA2,1,False
266789,1351.0,single nucleotide variant,reviewed by expert panel,4,Pathogenic,BRCA2,1,False
266795,1404.0,single nucleotide variant,reviewed by expert panel,8,Pathogenic,BRCA2,1,False
266806,1456.0,single nucleotide variant,reviewed by expert panel,10,Pathogenic,BRCA2,1,False
266808,1466.0,single nucleotide variant,reviewed by expert panel,3,Pathogenic,BRCA2,1,False
266810,1469.0,Duplication,reviewed by expert panel,3,Pathogenic,BRCA2,1,False
266829,158.0,single nucleotide variant,reviewed by expert panel,3,Pathogenic,BRCA2,1,False
266831,1592.0,single nucleotide variant,reviewed by expert panel,2,Pathogenic,BRCA2,1,False
266832,1595.0,single nucleotide variant,reviewed by expert panel,2,Pathogenic,BRCA2,1,False
266837,1638.0,single nucleotide variant,reviewed by expert panel,6,Pathogenic,BRCA2,1,False
266842,1662.0,single nucleotide variant,reviewed by expert panel,4,Pathogenic,BRCA2,1,False
266861,1739.0,Duplication,reviewed by expert panel,10,Pathogenic,BRCA2,1,False
266867,1755.0,single nucleotide variant,reviewed by expert panel,4,Pathogenic,BRCA2,1,False
266875,1789.0,single nucleotide variant,reviewed by expert panel,3,Pathogenic,BRCA2,1,False
266876,1816.0,Duplication,reviewed by expert panel,2,Pathogenic,BRCA2,1,False
266885,1875.0,single nucleotide variant,reviewed by expert panel,1,Pathogenic,BRCA2,1,False
266889,1893.0,Insertion,reviewed by expert panel,2,Pathogenic,BRCA2,1,False
266894,1917.0,single nucleotide variant,reviewed by expert panel,2,Pathogenic,BRCA2,1,False
266895,1934.0,single nucleotide variant,reviewed by expert panel,6,Pathogenic,BRCA2,1,False
266908,1989.0,single nucleotide variant,reviewed by expert panel,5,Pathogenic,BRCA2,1,False
266910,1992.0,single nucleotide variant,reviewed by expert panel,3,Pathogenic,BRCA2,1,False
266917,2017.0,single nucleotide variant,reviewed by expert panel,4,Pathogenic,BRCA2,1,False
266928,2052.0,single nucleotide variant,reviewed by expert panel,6,Pathogenic,BRCA2,1,False
266931,2082.0,single nucleotide variant,reviewed by expert panel,6,Pathogenic,BRCA2,1,False
266943,2129.0,single nucleotide variant,reviewed by expert panel,6,Pathogenic,BRCA2,1,False
266947,2143.0,single nucleotide variant,reviewed by expert panel,4,Pathogenic,BRCA2,1,False
266948,215.0,single nucleotide variant,reviewed by expert panel,3,Pathogenic,BRCA2,1,False
266950,2160.0,single nucleotide variant,reviewed by expert panel,5,Pathogenic,BRCA2,1,False
266952,2167.0,single nucleotide variant,reviewed by expert panel,2,Pathogenic,BRCA2,1,False
266953,2168.0,single nucleotide variant,reviewed by expert panel,6,Pathogenic,BRCA2,1,False
266956,2172.0,single nucleotide variant,reviewed by expert panel,2,Pathogenic,BRCA2,1,False
266961,2181.0,single nucleotide variant,reviewed by expert panel,5,Pathogenic,BRCA2,1,False
266962,2186.0,single nucleotide variant,reviewed by expert panel,2,Pathogenic,BRCA2,1,False
266966,2196.0,Duplication,reviewed by expert panel,3,Pathogenic,BRCA2,1,False
266970,2226.0,single nucleotide variant,reviewed by expert panel,3,Pathogenic,BRCA2,1,False
266973,2244.0,single nucleotide variant,reviewed by expert panel,5,Pathogenic,BRCA2,1,False
266983,2345.0,single nucleotide variant,reviewed by expert panel,6,Pathogenic,BRCA2,1,False
266984,2364.0,single nucleotide variant,reviewed by expert panel,3,Pathogenic,BRCA2,1,False
266986,2375.0,single nucleotide variant,reviewed by expert panel,6,Pathogenic,BRCA2,1,False
266989,2396.0,single nucleotide variant,reviewed by expert panel,2,Pathogenic,BRCA2,1,False
266991,24.0,single nucleotide variant,reviewed by expert panel,4,Pathogenic,BRCA2,1,False
266992,2404.0,single nucleotide variant,reviewed by expert panel,4,Pathogenic,BRCA2,1,False
266997,2428.0,single nucleotide variant,reviewed by expert panel,5,Pathogenic,BRCA2,1,False
267000,244.0,Duplication,reviewed by expert panel,1,Pathogenic,BRCA2,1,False
267008,25.0,single nucleotide variant,reviewed by expert panel,2,Pathogenic,BRCA2,1,False
267013,2496.0,Duplication,reviewed by expert panel,10,Pathogenic,BRCA2,1,False
267014,2499.0,single nucleotide variant,reviewed by expert panel,5,Pathogenic,BRCA2,1,False
267015,2501.0,single nucleotide variant,reviewed by expert panel,5,Pathogenic,BRCA2,1,False
267024,2539.0,single nucleotide variant,reviewed by expert panel,5,Pathogenic,BRCA2,1,False
267032,2570.0,single nucleotide variant,reviewed by expert panel,4,Pathogenic,BRCA2,1,False
267036,2599.0,single nucleotide variant,reviewed by expert panel,4,Pathogenic,BRCA2,1,False
267041,2629.0,single nucleotide variant,reviewed by expert panel,3,Pathogenic,BRCA2,1,False
267043,2645.0,single nucleotide variant,reviewed by expert panel,2,Pathogenic,BRCA2,1,False
267045,2658.0,single nucleotide variant,reviewed by expert panel,5,Pathogenic,BRCA2,1,False
267051,2684.0,Insertion,reviewed by expert panel,2,Pathogenic,BRCA2,1,False
267056,2733.0,Duplication,reviewed by expert panel,2,Pathogenic,BRCA2,1,False
267059,2732.0,single nucleotide variant,reviewed by expert panel,3,Pathogenic,BRCA2,1,False
267066,2765.0,single nucleotide variant,reviewed by expert panel,3,Pathogenic,BRCA2,1,False
267069,278.0,Duplication,reviewed by expert panel,3,Pathogenic,BRCA2,1,False
267072,2777.0,single nucleotide variant,reviewed by expert panel,4,Pathogenic,BRCA2,1,False
267079,2799.0,Duplication,reviewed by expert panel,4,Pathogenic,BRCA2,1,False
267082,2799.0,single nucleotide variant,reviewed by expert panel,2,Pathogenic,BRCA2,1,False
267089,2824.0,single nucleotide variant,reviewed by expert panel,6,Pathogenic,BRCA2,1,True
267090,2826.0,single nucleotide variant,reviewed by expert panel,4,Pathogenic,BRCA2,1,True
267091,2835.0,single nucleotide variant,reviewed by expert panel,4,Pathogenic,BRCA2,1,True
267092,2838.0,single nucleotide variant,reviewed by expert panel,4,Pathogenic,BRCA2,1,True
267093,2838.0,single nucleotide variant,reviewed by expert panel,3,Pathogenic,BRCA2,1,True
267094,2839.0,single nucleotide variant,reviewed by expert panel,5,Pathogenic,BRCA2,1,True
267096,2846.0,single nucleotide variant,reviewed by expert panel,4,Pathogenic,BRCA2,1,True
267102,2884.0,single nucleotide variant,reviewed by expert panel,2,Pathogenic,BRCA2,1,True
267105,2920.0,single nucleotide variant,reviewed by expert panel,4,Pathogenic,BRCA2,1,True
267106,2926.0,single nucleotide variant,reviewed by expert panel,8,Pathogenic,BRCA2,1,True
267113,2963.0,single nucleotide variant,reviewed by expert panel,4,Pathogenic,BRCA2,1,True
267114,2970.0,single nucleotide variant,reviewed by expert panel,3,Pathogenic,BRCA2,1,True
267115,2972.0,single nucleotide variant,reviewed by expert panel,5,Pathogenic,BRCA2,1,True
267117,2977.0,single nucleotide variant,reviewed by expert panel,9,Pathogenic,BRCA2,1,True
267118,2980.0,single nucleotide variant,reviewed by expert panel,2,Pathogenic,BRCA2,1,True
267121,2981.0,single nucleotide variant,reviewed by expert panel,5,Pathogenic,BRCA2,1,True
267123,2984.0,single nucleotide variant,reviewed by expert panel,6,Pathogenic,BRCA2,1,True
267126,2996.0,Insertion,reviewed by expert panel,2,Pathogenic,BRCA2,1,True
267128,3006.0,Duplication,reviewed by expert panel,6,Pathogenic,BRCA2,1,True
267129,3007.0,Insertion,reviewed by expert panel,2,Pathogenic,BRCA2,1,True
267135,3021.0,Duplication,reviewed by expert panel,2,Pathogenic,BRCA2,1,True
267138,3035.0,single nucleotide variant,reviewed by expert panel,2,Pathogenic,BRCA2,1,True
267139,3036.0,single nucleotide variant,reviewed by expert panel,6,Pathogenic,BRCA2,1,True
267142,3047.0,single nucleotide variant,reviewed by expert panel,2,Pathogenic,BRCA2,1,True
267143,3049.0,single nucleotide variant,reviewed by expert panel,2,Pathogenic,BRCA2,1,True
267144,3061.0,single nucleotide variant,reviewed by expert panel,3,Pathogenic,BRCA2,1,False
267159,3138.0,single nucleotide variant,reviewed by expert panel,3,Pathogenic,BRCA2,1,False
267170,3247.0,single nucleotide variant,reviewed by expert panel,5,Pathogenic,BRCA2,1,False
267173,327.0,single nucleotide variant,reviewed by expert panel,3,Pathogenic,BRCA2,1,False
267174,3279.0,single nucleotide variant,reviewed by expert panel,3,Pathogenic,BRCA2,1,False
267177,3308.0,single nucleotide variant,reviewed by expert panel,3,Pathogenic,BRCA2,1,False
267494,1244.0,Insertion,"criteria provided, single submitter",1,Pathogenic,BRCA1,1,False
267495,1428.0,Insertion,"criteria provided, single submitter",1,Pathogenic,BRCA1,1,False
267497,39.0,single nucleotide variant,"criteria provided, multiple submitters, no conflicts",3,Pathogenic,BRCA1,1,False
267508,47.0,single nucleotide variant,"criteria provided, single submitter",2,Pathogenic,BRCA1,1,False
267523,1.0,single nucleotide variant,"criteria provided, single submitter",2,Pathogenic,BRCA1,1,False
267664,2301.0,single nucleotide variant,"criteria provided, single submitter",2,Pathogenic,BRCA2,1,False
279878,211.0,single nucleotide variant,reviewed by expert panel,6,Pathogenic,PTEN,1,False
371799,407.0,single nucleotide variant,"criteria provided, multiple submitters, no conflicts",13,Pathogenic,MLH1,1,False
371853,460.0,single nucleotide variant,"criteria provided, multiple submitters, no conflicts",3,Pathogenic,MLH1,1,False
371855,2124.0,single nucleotide variant,"criteria provided, multiple submitters, no conflicts",4,Pathogenic,APC,1,False
371861,42.0,single nucleotide variant,"criteria provided, multiple submitters, no conflicts",4,Benign,APC,0,False
371864,1769.0,single nucleotide variant,"criteria provided, single submitter",3,Pathogenic,BRCA1,1,True
371879,1382.0,single nucleotide variant,reviewed by expert panel,3,Pathogenic,BRCA1,1,False
371908,269.0,single nucleotide variant,"criteria provided, multiple submitters, no conflicts",4,Pathogenic,MSH2,1,True
371981,290.0,single nucleotide variant,"criteria provided, multiple submitters, no conflicts",5,Pathogenic,BRCA1,1,False
372066,1492.0,single nucleotide variant,"criteria provided, multiple submitters, no conflicts",4,Pathogenic,BRCA2,1,False
372481,107.0,single nucleotide variant,reviewed by expert panel,6,Pathogenic,PTEN,1,True
372573,2853.0,single nucleotide variant,reviewed by expert panel,6,Pathogenic,BRCA2,1,True
373824,756.0,single nucleotide variant,reviewed by expert panel,5,Pathogenic,BRCA2,1,False
373825,1654.0,single nucleotide variant,reviewed by expert panel,4,Pathogenic,BRCA2,1,False
373829,2184.0,single nucleotide variant,reviewed by expert panel,5,Pathogenic,BRCA2,1,False
375546,1415.0,single nucleotide variant,reviewed by expert panel,2,Pathogenic,BRCA1,1,False
375958,130.0,single nucleotide variant,reviewed by expert panel,8,Pathogenic,PTEN,1,True
376059,1306.0,single nucleotide variant,"criteria provided, multiple submitters, no conflicts",6,Pathogenic,APC,1,True
376060,1367.0,single nucleotide variant,"criteria provided, multiple submitters, no conflicts",4,Pathogenic,APC,1,False
376061,1378.0,single nucleotide variant,"criteria provided, multiple submitters, no conflicts",3,Pathogenic,APC,1,False
376062,1379.0,single nucleotide variant,"criteria provided, multiple submitters, no conflicts",4,Pathogenic,APC,1,False
376063,1429.0,single nucleotide variant,"criteria provided, multiple submitters, no conflicts",3,Pathogenic,APC,1,False
376563,135.0,single nucleotide variant,reviewed by expert panel,4,Pathogenic,TP53,1,True
376564,141.0,single nucleotide variant,"criteria provided, multiple submitters, no conflicts",3,Pathogenic,TP53,1,True
376580,242.0,single nucleotide variant,"criteria provided, single submitter",1,Pathogenic,TP53,1,True
376582,275.0,single nucleotide variant,"criteria provided, multiple submitters, no conflicts",5,Pathogenic,TP53,1,True
376598,270.0,single nucleotide variant,"criteria provided, single submitter",2,Pathogenic,TP53,1,True
376600,244.0,single nucleotide variant,"criteria provided, multiple submitters, no conflicts",11,Pathogenic,TP53,1,True
376603,245.0,single nucleotide variant,"criteria provided, multiple submitters, no conflicts",6,Pathogenic,TP53,1,True
376605,266.0,single nucleotide variant,"criteria provided, multiple submitters, no conflicts",3,Pathogenic,TP53,1,True
376612,193.0,single nucleotide variant,reviewed by expert panel,4,Pathogenic,TP53,1,True
376615,214.0,single nucleotide variant,reviewed by expert panel,14,Pathogenic,TP53,1,True
376630,111.0,single nucleotide variant,reviewed by expert panel,6,Pathogenic,TP53,1,True
376631,111.0,single nucleotide variant,reviewed by expert panel,2,Pathogenic,TP53,1,True
376632,111.0,single nucleotide variant,reviewed by expert panel,4,Pathogenic,TP53,1,True
376633,194.0,single nucleotide variant,reviewed by expert panel,7,Pathogenic,TP53,1,True
376641,151.0,single nucleotide variant,"criteria provided, multiple submitters, no conflicts",3,Pathogenic,TP53,1,True
376649,175.0,single nucleotide variant,reviewed by expert panel,10,Pathogenic,TP53,1,True
376655,273.0,single nucleotide variant,"criteria provided, multiple submitters, no conflicts",10,Pathogenic,TP53,1,True
376656,273.0,single nucleotide variant,"criteria provided, multiple submitters, no conflicts",5,Pathogenic,TP53,1,True
376680,163.0,single nucleotide variant,reviewed by expert panel,5,Pathogenic,TP53,1,True
376681,205.0,single nucleotide variant,"criteria provided, multiple submitters, no conflicts",6,Pathogenic,TP53,1,True
379471,294.0,single nucleotide variant,"criteria provided, multiple submitters, no conflicts",5,Pathogenic,TP53,1,False
379514,633.0,single nucleotide variant,"criteria provided, multiple submitters, no conflicts",2,Pathogenic,MLH1,1,False
379540,1409.0,single nucleotide variant,reviewed by expert panel,2,Pathogenic,BRCA2,1,False
379780,1452.0,single nucleotide variant,reviewed by expert panel,5,Pathogenic,BRCA2,1,False
379791,676.0,single nucleotide variant,"criteria provided, multiple submitters, no conflicts",5,Pathogenic,MSH2,1,True
392296,714.0,single nucleotide variant,"criteria provided, multiple submitters, no conflicts",4,Pathogenic,PMS2,1,True
393103,459.0,single nucleotide variant,"criteria provided, multiple submitters, no conflicts",7,Pathogenic,PMS2,1,True
393460,135.0,Duplication,"criteria provided, multiple submitters, no conflicts",3,Pathogenic,MSH6,1,False
404149,242.0,Duplication,"criteria provided, multiple submitters, no conflicts",4,Pathogenic,PTEN,1,False
404151,59.0,single nucleotide variant,"criteria provided, multiple submitters, no conflicts",4,Pathogenic,PTEN,1,True
404157,315.0,single nucleotide variant,"criteria provided, single submitter",1,Pathogenic,PTEN,1,False
404162,225.0,single nucleotide variant,"criteria provided, multiple submitters, no conflicts",5,Pathogenic,PTEN,1,False
404164,149.0,single nucleotide variant,"criteria provided, multiple submitters, no conflicts",8,Pathogenic,PTEN,1,True
404168,155.0,single nucleotide variant,reviewed by expert panel,23,Pathogenic,PTEN,1,True
405380,233.0,single nucleotide variant,"criteria provided, multiple submitters, no conflicts",3,Pathogenic,MLH1,1,True
405390,130.0,single nucleotide variant,"criteria provided, multiple submitters, no conflicts",5,Pathogenic,MLH1,1,True
406575,384.0,single nucleotide variant,reviewed by expert panel,10,Benign,TP53,0,False
406578,179.0,single nucleotide variant,reviewed by expert panel,7,Pathogenic,TP53,1,True
406579,192.0,single nucleotide variant,"criteria provided, multiple submitters, no conflicts",7,Pathogenic,TP53,1,True
406597,110.0,single nucleotide variant,reviewed by expert panel,13,Pathogenic,TP53,1,True
406599,107.0,single nucleotide variant,"criteria provided, multiple submitters, no conflicts",4,Pathogenic,TP53,1,False
408494,277.0,single nucleotide variant,"criteria provided, multiple submitters, no conflicts",4,Pathogenic,MSH2,1,True
408504,117.0,single nucleotide variant,"criteria provided, multiple submitters, no conflicts",5,Pathogenic,MSH2,1,False
408548,721.0,single nucleotide variant,"criteria provided, multiple submitters, no conflicts",3,Pathogenic,MSH2,1,True
409317,758.0,single nucleotide variant,reviewed by expert panel,2,Pathogenic,BRCA1,1,False
409469,864.0,single nucleotide variant,reviewed by expert panel,4,Pathogenic,BRCA2,1,False
409496,2574.0,single nucleotide variant,reviewed by expert panel,6,Pathogenic,BRCA2,1,False
409521,1036.0,single nucleotide variant,reviewed by expert panel,8,Pathogenic,BRCA2,1,False
409533,1064.0,single nucleotide variant,reviewed by expert panel,5,Pathogenic,BRCA2,1,False
409595,1172.0,single nucleotide variant,reviewed by expert panel,2,Pathogenic,BRCA2,1,False
410398,912.0,single nucleotide variant,"criteria provided, multiple submitters, no conflicts",5,Pathogenic,MSH6,1,True
410436,1063.0,single nucleotide variant,reviewed by expert panel,10,Pathogenic,MSH6,1,True
410471,850.0,single nucleotide variant,"criteria provided, multiple submitters, no conflicts",9,Pathogenic,MSH6,1,True
411015,731.0,single nucleotide variant,"criteria provided, multiple submitters, no conflicts",4,Pathogenic,PMS2,1,True
411019,260.0,Indel,"criteria provided, single submitter",1,Pathogenic,PMS2,1,True
411061,631.0,single nucleotide variant,"criteria provided, multiple submitters, no conflicts",5,Pathogenic,PMS2,1,True
411084,638.0,single nucleotide variant,"criteria provided, multiple submitters, no conflicts",2,Pathogenic,PMS2,1,True
411362,932.0,single nucleotide variant,"criteria provided, multiple submitters, no conflicts",4,Pathogenic,APC,1,False
411368,747.0,single nucleotide variant,reviewed by expert panel,5,Pathogenic,APC,1,False
411387,699.0,single nucleotide variant,"criteria provided, multiple submitters, no conflicts",4,Pathogenic,APC,1,False
411399,879.0,single nucleotide variant,"criteria provided, multiple submitters, no conflicts",3,Pathogenic,APC,1,False
411419,1467.0,single nucleotide variant,reviewed by expert panel,11,Benign,APC,0,False
411428,1276.0,single nucleotide variant,"criteria provided, multiple submitters, no conflicts",2,Pathogenic,APC,1,True
411447,770.0,single nucleotide variant,"criteria provided, multiple submitters, no conflicts",4,Pathogenic,APC,1,False
411463,653.0,single nucleotide variant,"criteria provided, multiple submitters, no conflicts",3,Pathogenic,APC,1,False
411479,157.0,single nucleotide variant,reviewed by expert panel,9,Pathogenic,APC,1,False
411488,457.0,single nucleotide variant,"criteria provided, multiple submitters, no conflicts",8,Pathogenic,APC,1,False
411489,254.0,single nucleotide variant,"criteria provided, multiple submitters, no conflicts",3,Pathogenic,APC,1,False
411494,699.0,single nucleotide variant,"criteria provided, multiple submitters, no conflicts",4,Pathogenic,APC,1,False
411503,468.0,single nucleotide variant,"criteria provided, single submitter",1,Pathogenic,APC,1,False
417624,1661.0,single nucleotide variant,reviewed by expert panel,2,Pathogenic,BRCA2,1,False
417823,729.0,single nucleotide variant,reviewed by expert panel,3,Pathogenic,BRCA1,1,False
417828,149.0,single nucleotide variant,reviewed by expert panel,3,Pathogenic,BRCA1,1,False
417832,1770.0,single nucleotide variant,reviewed by expert panel,15,Pathogenic,BRCA1,1,True
418010,1922.0,single nucleotide variant,"criteria provided, multiple submitters, no conflicts",2,Pathogenic,APC,1,False
418091,3111.0,Duplication,reviewed by expert panel,2,Pathogenic,BRCA2,1,False
418308,714.0,single nucleotide variant,"criteria provided, multiple submitters, no conflicts",11,Pathogenic,MLH1,1,False
418932,117.0,single nucleotide variant,"criteria provided, multiple submitters, no conflicts",6,Pathogenic,APC,1,False
419037,540.0,Microsatellite,reviewed by expert panel,12,Pathogenic,MSH6,1,True
419134,1422.0,Duplication,reviewed by expert panel,7,Pathogenic,BRCA2,1,False
419139,954.0,single nucleotide variant,"criteria provided, multiple submitters, no conflicts",5,Pathogenic,MSH6,1,True
419345,489.0,single nucleotide variant,"criteria provided, multiple submitters, no conflicts",4,Pathogenic,MSH2,1,True
419473,656.0,single nucleotide variant,"criteria provided, multiple submitters, no conflicts",4,Pathogenic,MSH2,1,True
419800,311.0,single nucleotide variant,"criteria provided, multiple submitters, no conflicts",3,Pathogenic,APC,1,False
419992,195.0,single nucleotide variant,"criteria provided, multiple submitters, no conflicts",5,Pathogenic,APC,1,False
419994,593.0,single nucleotide variant,"criteria provided, multiple submitters, no conflicts",3,Pathogenic,APC,1,False
419995,622.0,single nucleotide variant,"criteria provided, multiple submitters, no conflicts",5,Pathogenic,APC,1,False
420037,1596.0,single nucleotide variant,reviewed by expert panel,4,Pathogenic,BRCA1,1,False
420123,1047.0,single nucleotide variant,"criteria provided, multiple submitters, no conflicts",3,Pathogenic,MSH6,1,True
420500,2543.0,single nucleotide variant,reviewed by expert panel,4,Pathogenic,BRCA2,1,False
420659,53.0,single nucleotide variant,"criteria provided, multiple submitters, no conflicts",8,Pathogenic,TP53,1,False
421152,997.0,single nucleotide variant,"criteria provided, multiple submitters, no conflicts",4,Pathogenic,MSH6,1,True
421403,276.0,single nucleotide variant,"criteria provided, multiple submitters, no conflicts",4,Pathogenic,PMS2,1,True
421498,273.0,single nucleotide variant,"criteria provided, multiple submitters, no conflicts",2,Pathogenic,MSH6,1,False
421621,572.0,single nucleotide variant,"criteria provided, multiple submitters, no conflicts",6,Pathogenic,MSH6,1,True
421754,1028.0,single nucleotide variant,"criteria provided, multiple submitters, no conflicts",4,Pathogenic,MSH6,1,True
421956,1069.0,Insertion,"criteria provided, multiple submitters, no conflicts",3,Pathogenic,BRCA2,1,False
422129,1091.0,single nucleotide variant,reviewed by expert panel,2,Pathogenic,BRCA2,1,False
422242,1704.0,single nucleotide variant,reviewed by expert panel,5,Pathogenic,BRCA2,1,False
422730,708.0,single nucleotide variant,"criteria provided, multiple submitters, no conflicts",3,Pathogenic,MSH6,1,True
423221,305.0,single nucleotide variant,reviewed by expert panel,2,Pathogenic,BRCA2,1,False
423402,1800.0,single nucleotide variant,reviewed by expert panel,2,Pathogenic,BRCA2,1,False
424262,38.0,single nucleotide variant,"criteria provided, single submitter",1,Pathogenic,PTEN,1,True
427022,126.0,single nucleotide variant,reviewed by expert panel,6,Pathogenic,BRCA1,1,False
427236,282.0,single nucleotide variant,reviewed by expert panel,2,Pathogenic,BRCA1,1,False
427238,98.0,single nucleotide variant,reviewed by expert panel,2,Pathogenic,BRCA2,1,False
427244,1892.0,single nucleotide variant,reviewed by expert panel,1,Benign,BRCA2,0,False
427245,456.0,single nucleotide variant,reviewed by expert panel,3,Benign,BRCA2,0,False
427246,67.0,single nucleotide variant,reviewed by expert panel,4,Benign,BRCA1,0,False
427247,320.0,single nucleotide variant,reviewed by expert panel,4,Benign,BRCA1,0,False
427579,106.0,single nucleotide variant,"criteria provided, multiple submitters, no conflicts",2,Pathogenic,PTEN,1,True
427582,44.0,single nucleotide variant,reviewed by expert panel,5,Pathogenic,PTEN,1,True
427586,12.0,single nucleotide variant,"criteria provided, single submitter",1,Pathogenic,PTEN,1,False
427590,139.0,single nucleotide variant,"criteria provided, single submitter",1,Pathogenic,PTEN,1,True
427591,223.0,single nucleotide variant,"criteria provided, multiple submitters, no conflicts",4,Pathogenic,PTEN,1,False
427595,202.0,single nucleotide variant,"criteria provided, single submitter",1,Pathogenic,PTEN,1,False
428093,393.0,single nucleotide variant,"criteria provided, multiple submitters, no conflicts",4,Pathogenic,APC,1,False
428096,1191.0,single nucleotide variant,"criteria provided, multiple submitters, no conflicts",4,Pathogenic,APC,1,True
428106,203.0,single nucleotide variant,"criteria provided, multiple submitters, no conflicts",3,Pathogenic,APC,1,False
428111,901.0,single nucleotide variant,"criteria provided, multiple submitters, no conflicts",2,Pathogenic,APC,1,False
428122,1353.0,single nucleotide variant,"criteria provided, multiple submitters, no conflicts",5,Pathogenic,APC,1,False
428128,653.0,single nucleotide variant,"criteria provided, multiple submitters, no conflicts",4,Pathogenic,APC,1,False
428137,1344.0,single nucleotide variant,"criteria provided, multiple submitters, no conflicts",3,Pathogenic,APC,1,False
428139,653.0,single nucleotide variant,"criteria provided, multiple submitters, no conflicts",4,Pathogenic,APC,1,False
428157,1517.0,single nucleotide variant,"criteria provided, multiple submitters, no conflicts",4,Pathogenic,APC,1,False
428172,417.0,single nucleotide variant,"criteria provided, single submitter",1,Pathogenic,APC,1,False
428183,1222.0,single nucleotide variant,"criteria provided, multiple submitters, no conflicts",4,Pathogenic,APC,1,True
428198,289.0,single nucleotide variant,"criteria provided, multiple submitters, no conflicts",3,Pathogenic,PTEN,1,False
428202,317.0,Duplication,"criteria provided, single submitter",1,Pathogenic,PTEN,1,False
428203,110.0,single nucleotide variant,"criteria provided, multiple submitters, no conflicts",6,Pathogenic,PTEN,1,True
428210,247.0,single nucleotide variant,"criteria provided, multiple submitters, no conflicts",3,Pathogenic,PTEN,1,False
428232,182.0,single nucleotide variant,"criteria provided, multiple submitters, no conflicts",2,Pathogenic,PTEN,1,False
428241,182.0,single nucleotide variant,"criteria provided, multiple submitters, no conflicts",3,Pathogenic,PTEN,1,False
428253,320.0,single nucleotide variant,"criteria provided, multiple submitters, no conflicts",5,Pathogenic,PTEN,1,False
428256,165.0,single nucleotide variant,reviewed by expert panel,7,Pathogenic,PTEN,1,True
428261,46.0,single nucleotide variant,"criteria provided, multiple submitters, no conflicts",2,Pathogenic,PTEN,1,True
428263,299.0,single nucleotide variant,"criteria provided, multiple submitters, no conflicts",3,Pathogenic,PTEN,1,False
428269,65.0,single nucleotide variant,"criteria provided, multiple submitters, no conflicts",4,Pathogenic,PTEN,1,True
428277,123.0,single nucleotide variant,reviewed by expert panel,5,Pathogenic,PTEN,1,True
428286,126.0,single nucleotide variant,"criteria provided, multiple submitters, no conflicts",4,Pathogenic,MSH6,1,False
428293,160.0,single nucleotide variant,"criteria provided, multiple submitters, no conflicts",3,Pathogenic,MSH6,1,False
428296,1180.0,single nucleotide variant,"criteria provided, multiple submitters, no conflicts",4,Pathogenic,MSH6,1,True
428298,1320.0,Duplication,"criteria provided, multiple submitters, no conflicts",3,Pathogenic,MSH6,1,True
428333,1022.0,single nucleotide variant,"criteria provided, multiple submitters, no conflicts",3,Pathogenic,MSH6,1,True
428378,415.0,single nucleotide variant,"criteria provided, multiple submitters, no conflicts",6,Pathogenic,MSH6,1,True
428391,318.0,single nucleotide variant,"criteria provided, multiple submitters, no conflicts",3,Pathogenic,MSH6,1,False
428432,1120.0,single nucleotide variant,"criteria provided, multiple submitters, no conflicts",3,Pathogenic,MSH6,1,True
428436,1291.0,Duplication,"criteria provided, single submitter",1,Pathogenic,MSH6,1,True
428445,338.0,single nucleotide variant,"criteria provided, multiple submitters, no conflicts",4,Pathogenic,MSH6,1,False
428446,645.0,single nucleotide variant,"criteria provided, multiple submitters, no conflicts",4,Pathogenic,MSH2,1,True
428448,487.0,Microsatellite,"criteria provided, multiple submitters, no conflicts",2,Pathogenic,MSH2,1,True
428455,634.0,single nucleotide variant,"criteria provided, multiple submitters, no conflicts",4,Pathogenic,MSH2,1,True
428463,587.0,single nucleotide variant,"criteria provided, single submitter",1,Pathogenic,MSH2,1,True
428466,562.0,single nucleotide variant,"criteria provided, multiple submitters, no conflicts",4,Pathogenic,MSH2,1,True
428470,142.0,single nucleotide variant,"criteria provided, multiple submitters, no conflicts",3,Pathogenic,MSH2,1,False
428480,59.0,single nucleotide variant,"criteria provided, single submitter",1,Pathogenic,MSH2,1,False
428496,348.0,single nucleotide variant,"criteria provided, multiple submitters, no conflicts",5,Pathogenic,MSH2,1,True
428498,681.0,single nucleotide variant,"criteria provided, multiple submitters, no conflicts",5,Pathogenic,MSH2,1,True
428501,201.0,single nucleotide variant,"criteria provided, single submitter",1,Pathogenic,MSH2,1,True
428507,314.0,single nucleotide variant,"criteria provided, multiple submitters, no conflicts",6,Pathogenic,MSH2,1,True
428519,586.0,single nucleotide variant,"criteria provided, multiple submitters, no conflicts",4,Pathogenic,MSH2,1,True
428534,630.0,single nucleotide variant,"criteria provided, single submitter",1,Pathogenic,MSH2,1,True
428555,890.0,single nucleotide variant,"criteria provided, single submitter",1,Pathogenic,MSH2,1,False
428867,267.0,single nucleotide variant,"criteria provided, multiple submitters, no conflicts",3,Pathogenic,TP53,1,True
428873,130.0,single nucleotide variant,"criteria provided, multiple submitters, no conflicts",2,Pathogenic,TP53,1,True
428883,172.0,single nucleotide variant,"criteria provided, single submitter",1,Pathogenic,TP53,1,True
428890,146.0,single nucleotide variant,"criteria provided, multiple submitters, no conflicts",7,Pathogenic,TP53,1,True
429049,629.0,single nucleotide variant,"criteria provided, multiple submitters, no conflicts",3,Pathogenic,APC,1,False
430599,1108.0,single nucleotide variant,reviewed by expert panel,2,Pathogenic,BRCA2,1,False
430601,286.0,single nucleotide variant,reviewed by expert panel,6,Pathogenic,BRCA2,1,False
430632,181.0,single nucleotide variant,"criteria provided, multiple submitters, no conflicts",2,Pathogenic,BRCA1,1,False
430955,579.0,single nucleotide variant,"criteria provided, multiple submitters, no conflicts",7,Pathogenic,BRCA2,1,False
431201,267.0,single nucleotide variant,reviewed by expert panel,2,Pathogenic,BRCA1,1,False
431203,296.0,single nucleotide variant,reviewed by expert panel,2,Pathogenic,BRCA1,1,False
431222,680.0,single nucleotide variant,reviewed by expert panel,2,Pathogenic,BRCA1,1,False
431225,752.0,single nucleotide variant,reviewed by expert panel,3,Pathogenic,BRCA1,1,False
431234,978.0,single nucleotide variant,reviewed by expert panel,3,Pathogenic,BRCA1,1,False
431248,1213.0,single nucleotide variant,reviewed by expert panel,2,Pathogenic,BRCA1,1,False
431249,1216.0,single nucleotide variant,reviewed by expert panel,6,Pathogenic,BRCA1,1,False
431293,553.0,single nucleotide variant,reviewed by expert panel,5,Pathogenic,BRCA2,1,False
431307,1341.0,single nucleotide variant,reviewed by expert panel,3,Pathogenic,BRCA2,1,False
431311,1696.0,single nucleotide variant,no assertion criteria provided,1,Pathogenic,BRCA2,1,False
431314,1777.0,Insertion,no assertion criteria provided,1,Pathogenic,BRCA2,1,False
431335,2598.0,single nucleotide variant,reviewed by expert panel,8,Pathogenic,BRCA2,1,False
431339,2660.0,single nucleotide variant,reviewed by expert panel,3,Pathogenic,BRCA2,1,False
431342,2737.0,Insertion,no assertion criteria provided,1,Pathogenic,BRCA2,1,False
431343,2749.0,single nucleotide variant,reviewed by expert panel,4,Pathogenic,BRCA2,1,False
433597,68.0,single nucleotide variant,"criteria provided, multiple submitters, no conflicts",3,Pathogenic,APC,1,False
433599,109.0,single nucleotide variant,no assertion criteria provided,1,Pathogenic,APC,1,False
433606,180.0,single nucleotide variant,"criteria provided, single submitter",1,Pathogenic,APC,1,False
433610,223.0,single nucleotide variant,"criteria provided, multiple submitters, no conflicts",6,Pathogenic,APC,1,False
433612,236.0,single nucleotide variant,"criteria provided, multiple submitters, no conflicts",4,Pathogenic,APC,1,False
433620,457.0,single nucleotide variant,"criteria provided, multiple submitters, no conflicts",7,Pathogenic,APC,1,False
433626,590.0,Duplication,no assertion criteria provided,1,Pathogenic,APC,1,False
433627,593.0,single nucleotide variant,"criteria provided, multiple submitters, no conflicts",6,Pathogenic,APC,1,False
433628,596.0,single nucleotide variant,"criteria provided, single submitter",2,Pathogenic,APC,1,False
433631,698.0,single nucleotide variant,"criteria provided, multiple submitters, no conflicts",3,Pathogenic,APC,1,False
433637,980.0,single nucleotide variant,no assertion criteria provided,1,Pathogenic,APC,1,True
433639,999.0,single nucleotide variant,"criteria provided, multiple submitters, no conflicts",6,Pathogenic,APC,1,True
433643,1064.0,single nucleotide variant,no assertion criteria provided,1,Pathogenic,APC,1,True
433645,1152.0,single nucleotide variant,"criteria provided, multiple submitters, no conflicts",4,Pathogenic,APC,1,True
433648,1181.0,single nucleotide variant,"criteria provided, multiple submitters, no conflicts",2,Pathogenic,APC,1,True
433650,1228.0,single nucleotide variant,"criteria provided, multiple submitters, no conflicts",3,Pathogenic,APC,1,True
433653,1256.0,single nucleotide variant,"criteria provided, multiple submitters, no conflicts",4,Pathogenic,APC,1,True
433662,1469.0,single nucleotide variant,"criteria provided, multiple submitters, no conflicts",3,Pathogenic,APC,1,False
433664,1554.0,single nucleotide variant,"criteria provided, multiple submitters, no conflicts",3,Pathogenic,APC,1,False
433666,1576.0,single nucleotide variant,"criteria provided, multiple submitters, no conflicts",2,Pathogenic,APC,1,False
433670,1673.0,single nucleotide variant,no assertion criteria provided,1,Pathogenic,APC,1,False
433717,1556.0,single nucleotide variant,reviewed by expert panel,8,Pathogenic,BRCA1,1,False
433733,1794.0,single nucleotide variant,reviewed by expert panel,3,Pathogenic,BRCA1,1,True
433776,1110.0,single nucleotide variant,reviewed by expert panel,2,Pathogenic,BRCA2,1,False
433834,3006.0,Duplication,reviewed by expert panel,2,Pathogenic,BRCA2,1,True
433847,65.0,single nucleotide variant,"criteria provided, single submitter",2,Benign,MLH1,0,True
433870,590.0,single nucleotide variant,"criteria provided, multiple submitters, no conflicts",6,Pathogenic,MLH1,1,False
433881,405.0,single nucleotide variant,"criteria provided, multiple submitters, no conflicts",4,Pathogenic,MSH2,1,True
433891,628.0,single nucleotide variant,"criteria provided, multiple submitters, no conflicts",4,Pathogenic,MSH2,1,True
433910,524.0,Duplication,"criteria provided, multiple submitters, no conflicts",11,Pathogenic,MSH6,1,True
433915,936.0,Duplication,"criteria provided, multiple submitters, no conflicts",6,Pathogenic,MSH6,1,True
433929,1314.0,single nucleotide variant,"criteria provided, multiple submitters, no conflicts",3,Pathogenic,MSH6,1,True
433932,1322.0,single nucleotide variant,"criteria provided, multiple submitters, no conflicts",6,Pathogenic,MSH6,1,True
436442,76.0,Deletion,reviewed by expert panel,5,Pathogenic,PTEN,1,True
438708,339.0,single nucleotide variant,"criteria provided, multiple submitters, no conflicts",6,Pathogenic,TP53,1,False
438753,233.0,Deletion,no assertion criteria provided,1,Pathogenic,BRCA1,1,False
438865,445.0,single nucleotide variant,reviewed by expert panel,4,Pathogenic,APC,1,False
438883,2166.0,single nucleotide variant,"criteria provided, multiple submitters, no conflicts",4,Pathogenic,APC,1,False
438921,937.0,single nucleotide variant,reviewed by expert panel,4,Pathogenic,BRCA1,1,False
438964,954.0,single nucleotide variant,reviewed by expert panel,2,Pathogenic,BRCA2,1,False
438970,1126.0,single nucleotide variant,reviewed by expert panel,4,Pathogenic,BRCA2,1,False
439243,81.0,single nucleotide variant,"criteria provided, multiple submitters, no conflicts",12,Pathogenic,PMS2,1,True
439290,129.0,Indel,"criteria provided, single submitter",1,Pathogenic,PTEN,1,True
439911,599.0,single nucleotide variant,"criteria provided, multiple submitters, no conflicts",4,Pathogenic,MSH6,1,True
440457,461.0,single nucleotide variant,reviewed by expert panel,2,Pathogenic,BRCA2,1,False
440468,1250.0,Duplication,reviewed by expert panel,7,Pathogenic,BRCA1,1,False
440476,1503.0,single nucleotide variant,reviewed by expert panel,5,Pathogenic,BRCA1,1,False
441312,2903.0,single nucleotide variant,reviewed by expert panel,4,Pathogenic,BRCA2,1,True
441314,393.0,single nucleotide variant,reviewed by expert panel,3,Pathogenic,BRCA2,1,False
441317,861.0,single nucleotide variant,reviewed by expert panel,9,Pathogenic,BRCA2,1,False
441336,115.0,Duplication,reviewed by expert panel,3,Pathogenic,BRCA2,1,False
441354,2833.0,single nucleotide variant,reviewed by expert panel,3,Pathogenic,BRCA2,1,True
441358,511.0,single nucleotide variant,reviewed by expert panel,3,Pathogenic,BRCA2,1,False
441374,1363.0,single nucleotide variant,reviewed by expert panel,4,Pathogenic,BRCA1,1,False
441397,1290.0,Duplication,reviewed by expert panel,6,Pathogenic,BRCA2,1,False
441438,1066.0,single nucleotide variant,reviewed by expert panel,5,Pathogenic,BRCA1,1,False
441453,1930.0,single nucleotide variant,reviewed by expert panel,3,Pathogenic,BRCA2,1,False
441490,792.0,single nucleotide variant,reviewed by expert panel,8,Pathogenic,BRCA2,1,False
441504,1146.0,single nucleotide variant,reviewed by expert panel,5,Pathogenic,BRCA2,1,False
441507,2372.0,single nucleotide variant,reviewed by expert panel,6,Pathogenic,BRCA2,1,False
446475,83.0,single nucleotide variant,"criteria provided, multiple submitters, no conflicts",3,Pathogenic,PTEN,1,True
449061,251.0,single nucleotide variant,"criteria provided, multiple submitters, no conflicts",4,Pathogenic,MLH1,1,True
449331,421.0,single nucleotide variant,"criteria provided, multiple submitters, no conflicts",4,Pathogenic,APC,1,False
449333,693.0,single nucleotide variant,"criteria provided, single submitter",1,Pathogenic,APC,1,False
449334,1345.0,single nucleotide variant,"criteria provided, multiple submitters, no conflicts",3,Pathogenic,APC,1,False
449335,1529.0,single nucleotide variant,"criteria provided, multiple submitters, no conflicts",2,Pathogenic,APC,1,False
449669,700.0,single nucleotide variant,"criteria provided, multiple submitters, no conflicts",6,Pathogenic,BRCA2,1,False
449867,2100.0,single nucleotide variant,"criteria provided, multiple submitters, no conflicts",4,Pathogenic,BRCA2,1,False
449941,663.0,single nucleotide variant,"criteria provided, multiple submitters, no conflicts",4,Pathogenic,PMS2,1,True
451874,433.0,single nucleotide variant,"criteria provided, multiple submitters, no conflicts",7,Pathogenic,MLH1,1,False
452963,1466.0,single nucleotide variant,"criteria provided, single submitter",2,Pathogenic,BRCA2,1,False
455130,436.0,single nucleotide variant,"criteria provided, multiple submitters, no conflicts",2,Pathogenic,MSH6,1,True
455135,475.0,single nucleotide variant,"criteria provided, multiple submitters, no conflicts",6,Pathogenic,MSH6,1,True
455236,1053.0,single nucleotide variant,"criteria provided, multiple submitters, no conflicts",2,Pathogenic,MSH6,1,True
455271,1194.0,Duplication,"criteria provided, multiple submitters, no conflicts",3,Pathogenic,MSH6,1,True
455277,1233.0,Duplication,"criteria provided, multiple submitters, no conflicts",3,Pathogenic,MSH6,1,True
455300,1298.0,Duplication,"criteria provided, multiple submitters, no conflicts",2,Pathogenic,MSH6,1,True
455361,325.0,single nucleotide variant,"criteria provided, multiple submitters, no conflicts",3,Pathogenic,MSH6,1,False
455414,690.0,single nucleotide variant,"criteria provided, multiple submitters, no conflicts",6,Pathogenic,MLH1,1,False
455421,731.0,Duplication,"criteria provided, multiple submitters, no conflicts",2,Pathogenic,MLH1,1,False
455446,184.0,single nucleotide variant,"criteria provided, multiple submitters, no conflicts",3,Pathogenic,MLH1,1,True
455464,327.0,single nucleotide variant,"criteria provided, multiple submitters, no conflicts",4,Pathogenic,MLH1,1,False
455568,845.0,Duplication,"criteria provided, single submitter",1,Pathogenic,MSH2,1,True
455569,855.0,single nucleotide variant,"criteria provided, multiple submitters, no conflicts",6,Pathogenic,MSH2,1,False
455641,384.0,single nucleotide variant,"criteria provided, multiple submitters, no conflicts",3,Pathogenic,PMS2,1,True
455699,785.0,single nucleotide variant,"criteria provided, multiple submitters, no conflicts",3,Pathogenic,PMS2,1,True
458537,124.0,single nucleotide variant,reviewed by expert panel,3,Pathogenic,TP53,1,True
458566,266.0,single nucleotide variant,"criteria provided, multiple submitters, no conflicts",7,Pathogenic,TP53,1,True
462234,468.0,single nucleotide variant,"criteria provided, single submitter",1,Pathogenic,BRCA2,1,False
462269,893.0,single nucleotide variant,"criteria provided, multiple submitters, no conflicts",5,Pathogenic,BRCA2,1,False
462333,1404.0,single nucleotide variant,"criteria provided, single submitter",1,Pathogenic,BRCA2,1,False
462364,1683.0,single nucleotide variant,"criteria provided, multiple submitters, no conflicts",5,Pathogenic,BRCA2,1,False
462389,1917.0,single nucleotide variant,"criteria provided, multiple submitters, no conflicts",3,Pathogenic,BRCA2,1,False
462483,2850.0,single nucleotide variant,"criteria provided, multiple submitters, no conflicts",5,Pathogenic,BRCA2,1,True
462501,2970.0,single nucleotide variant,"criteria provided, multiple submitters, no conflicts",6,Pathogenic,BRCA2,1,True
462540,3299.0,single nucleotide variant,"criteria provided, multiple submitters, no conflicts",3,Pathogenic,BRCA2,1,False
462693,33.0,single nucleotide variant,"criteria provided, multiple submitters, no conflicts",3,Pathogenic,BRCA1,1,False
468673,68.0,single nucleotide variant,"criteria provided, multiple submitters, no conflicts",3,Pathogenic,PTEN,1,True
468681,106.0,Duplication,"criteria provided, multiple submitters, no conflicts",3,Pathogenic,PTEN,1,True
468682,13.0,single nucleotide variant,"criteria provided, multiple submitters, no conflicts",2,Pathogenic,PTEN,1,False
468686,155.0,single nucleotide variant,"criteria provided, multiple submitters, no conflicts",4,Pathogenic,PTEN,1,True
469711,514.0,Duplication,"criteria provided, multiple submitters, no conflicts",2,Pathogenic,APC,1,False
469727,661.0,single nucleotide variant,"criteria provided, single submitter",1,Pathogenic,APC,1,False
469762,874.0,single nucleotide variant,"criteria provided, multiple submitters, no conflicts",3,Pathogenic,APC,1,False
469783,997.0,single nucleotide variant,"criteria provided, single submitter",1,Pathogenic,APC,1,True
469912,1062.0,single nucleotide variant,"criteria provided, multiple submitters, no conflicts",3,Pathogenic,APC,1,True
469916,1102.0,single nucleotide variant,"criteria provided, multiple submitters, no conflicts",3,Pathogenic,APC,1,True
469917,1106.0,single nucleotide variant,"criteria provided, single submitter",1,Pathogenic,APC,1,True
469942,1294.0,single nucleotide variant,"criteria provided, multiple submitters, no conflicts",8,Pathogenic,APC,1,True
469943,1327.0,single nucleotide variant,"criteria provided, multiple submitters, no conflicts",2,Pathogenic,APC,1,True
469977,1599.0,single nucleotide variant,"criteria provided, multiple submitters, no conflicts",2,Pathogenic,APC,1,False
469995,1781.0,single nucleotide variant,"criteria provided, multiple submitters, no conflicts",2,Pathogenic,APC,1,False
470034,2022.0,single nucleotide variant,"criteria provided, multiple submitters, no conflicts",2,Pathogenic,APC,1,False
470070,233.0,single nucleotide variant,"criteria provided, multiple submitters, no conflicts",5,Pathogenic,APC,1,False
470123,268.0,single nucleotide variant,"criteria provided, multiple submitters, no conflicts",3,Pathogenic,APC,1,False
470138,278.0,single nucleotide variant,"criteria provided, multiple submitters, no conflicts",3,Pathogenic,APC,1,False
470156,316.0,single nucleotide variant,"criteria provided, single submitter",1,Pathogenic,APC,1,False
479243,39.0,single nucleotide variant,"criteria provided, multiple submitters, no conflicts",5,Pathogenic,BRCA1,1,False
479259,385.0,single nucleotide variant,"criteria provided, multiple submitters, no conflicts",2,Pathogenic,BRCA1,1,False
479288,53.0,Insertion,"criteria provided, single submitter",1,Pathogenic,BRCA2,1,False
479310,3307.0,single nucleotide variant,"criteria provided, single submitter",1,Pathogenic,BRCA2,1,False
479358,2132.0,single nucleotide variant,reviewed by expert panel,2,Pathogenic,BRCA2,1,False
479359,2075.0,single nucleotide variant,"criteria provided, single submitter",1,Pathogenic,BRCA2,1,False
479670,197.0,single nucleotide variant,"criteria provided, multiple submitters, no conflicts",7,Pathogenic,MLH1,1,True
479689,628.0,single nucleotide variant,"criteria provided, multiple submitters, no conflicts",2,Pathogenic,MLH1,1,False
479848,808.0,Indel,"criteria provided, multiple submitters, no conflicts",2,Pathogenic,MSH2,1,True
479894,105.0,single nucleotide variant,"criteria provided, single submitter",1,Pathogenic,MSH6,1,False
479905,690.0,single nucleotide variant,"criteria provided, multiple submitters, no conflicts",2,Pathogenic,MSH6,1,True
479954,344.0,single nucleotide variant,"criteria provided, multiple submitters, no conflicts",5,Pathogenic,MSH6,1,False
480369,731.0,single nucleotide variant,"criteria provided, multiple submitters, no conflicts",2,Pathogenic,PMS2,1,True
480742,42.0,Duplication,"criteria provided, single submitter",1,Pathogenic,TP53,1,False
480895,1970.0,single nucleotide variant,"criteria provided, multiple submitters, no conflicts",4,Pathogenic,BRCA2,1,False
480903,597.0,single nucleotide variant,"criteria provided, multiple submitters, no conflicts",7,Pathogenic,MLH1,1,False
480915,74.0,single nucleotide variant,"criteria provided, multiple submitters, no conflicts",5,Pathogenic,MSH6,1,False
480941,128.0,single nucleotide variant,"criteria provided, multiple submitters, no conflicts",2,Pathogenic,PMS2,1,True
481172,336.0,single nucleotide variant,"criteria provided, multiple submitters, no conflicts",4,Pathogenic,PTEN,1,False
481192,3111.0,Duplication,"criteria provided, single submitter",1,Pathogenic,BRCA2,1,False
481451,830.0,single nucleotide variant,"criteria provided, multiple submitters, no conflicts",2,Pathogenic,BRCA1,1,False
481512,3049.0,single nucleotide variant,"criteria provided, multiple submitters, no conflicts",4,Pathogenic,BRCA2,1,True
481597,599.0,single nucleotide variant,reviewed by expert panel,3,Benign,BRCA2,0,False
481612,3104.0,single nucleotide variant,"criteria provided, multiple submitters, no conflicts",2,Pathogenic,BRCA2,1,False
481615,2832.0,single nucleotide variant,"criteria provided, multiple submitters, no conflicts",2,Pathogenic,BRCA2,1,True
482223,178.0,single nucleotide variant,reviewed by expert panel,5,Pathogenic,TP53,1,True
482304,2504.0,single nucleotide variant,"criteria provided, multiple submitters, no conflicts",3,Pathogenic,APC,1,False
482311,653.0,single nucleotide variant,"criteria provided, multiple submitters, no conflicts",2,Pathogenic,APC,1,False
482410,2424.0,single nucleotide variant,"criteria provided, multiple submitters, no conflicts",3,Pathogenic,APC,1,False
482924,388.0,single nucleotide variant,"criteria provided, single submitter",1,Pathogenic,BRCA1,1,False
483008,3024.0,single nucleotide variant,"criteria provided, single submitter",1,Benign,BRCA2,0,True
483024,748.0,single nucleotide variant,"criteria provided, multiple submitters, no conflicts",3,Pathogenic,BRCA2,1,False
483031,2110.0,Duplication,"criteria provided, multiple submitters, no conflicts",2,Pathogenic,BRCA2,1,False
483036,158.0,single nucleotide variant,"criteria provided, multiple submitters, no conflicts",4,Pathogenic,BRCA2,1,False
483086,1471.0,single nucleotide variant,"criteria provided, multiple submitters, no conflicts",4,Pathogenic,BRCA2,1,False
483089,866.0,single nucleotide variant,"criteria provided, single submitter",1,Pathogenic,BRCA2,1,False
483092,2596.0,single nucleotide variant,reviewed by expert panel,5,Pathogenic,BRCA2,1,False
483110,1675.0,single nucleotide variant,"criteria provided, single submitter",1,Pathogenic,BRCA2,1,False
483113,2162.0,single nucleotide variant,"criteria provided, single submitter",1,Pathogenic,BRCA2,1,False
483543,700.0,single nucleotide variant,"criteria provided, multiple submitters, no conflicts",5,Pathogenic,MLH1,1,False
483570,351.0,single nucleotide variant,"criteria provided, multiple submitters, no conflicts",3,Pathogenic,MLH1,1,False
483782,977.0,single nucleotide variant,"criteria provided, multiple submitters, no conflicts",5,Pathogenic,MSH6,1,True
483877,1.0,single nucleotide variant,"criteria provided, single submitter",1,Pathogenic,MSH6,1,False
484265,766.0,single nucleotide variant,"criteria provided, multiple submitters, no conflicts",2,Pathogenic,PMS2,1,True
484306,470.0,Indel,"criteria provided, single submitter",1,Pathogenic,PMS2,1,True
484309,449.0,single nucleotide variant,"criteria provided, multiple submitters, no conflicts",3,Pathogenic,PMS2,1,True
484600,1.0,single nucleotide variant,reviewed by expert panel,6,Pathogenic,PTEN,1,False
484605,345.0,single nucleotide variant,reviewed by expert panel,3,Pathogenic,PTEN,1,False
484609,111.0,single nucleotide variant,"criteria provided, multiple submitters, no conflicts",4,Pathogenic,PTEN,1,True
484614,107.0,single nucleotide variant,reviewed by expert panel,4,Pathogenic,PTEN,1,True
484618,74.0,single nucleotide variant,"criteria provided, single submitter",1,Pathogenic,PTEN,1,True
485799,324.0,single nucleotide variant,"criteria provided, multiple submitters, no conflicts",4,Pathogenic,MLH1,1,False
486227,174.0,single nucleotide variant,"criteria provided, single submitter",1,Pathogenic,PTEN,1,True
486228,43.0,single nucleotide variant,"criteria provided, multiple submitters, no conflicts",3,Pathogenic,PTEN,1,True
486555,283.0,single nucleotide variant,reviewed by expert panel,6,Pathogenic,TP53,1,True
486557,258.0,single nucleotide variant,"criteria provided, multiple submitters, no conflicts",6,Pathogenic,TP53,1,True
486755,886.0,single nucleotide variant,"criteria provided, multiple submitters, no conflicts",2,Pathogenic,APC,1,False
486765,1858.0,single nucleotide variant,"criteria provided, multiple submitters, no conflicts",11,Pathogenic,APC,1,False
486780,637.0,single nucleotide variant,"criteria provided, multiple submitters, no conflicts",2,Pathogenic,APC,1,False
486783,1356.0,single nucleotide variant,"criteria provided, multiple submitters, no conflicts",4,Pathogenic,APC,1,False
486785,536.0,single nucleotide variant,"criteria provided, single submitter",1,Pathogenic,APC,1,False
486846,439.0,single nucleotide variant,"criteria provided, multiple submitters, no conflicts",3,Pathogenic,MLH1,1,False
486847,320.0,single nucleotide variant,"criteria provided, multiple submitters, no conflicts",2,Pathogenic,MLH1,1,False
486851,91.0,single nucleotide variant,"criteria provided, multiple submitters, no conflicts",5,Pathogenic,MLH1,1,True
486879,561.0,single nucleotide variant,"criteria provided, multiple submitters, no conflicts",2,Pathogenic,MSH2,1,True
486924,805.0,single nucleotide variant,"criteria provided, multiple submitters, no conflicts",3,Pathogenic,PMS2,1,True
486937,536.0,single nucleotide variant,"criteria provided, multiple submitters, no conflicts",7,Pathogenic,PMS2,1,True
486972,36.0,single nucleotide variant,reviewed by expert panel,6,Pathogenic,PTEN,1,True
487414,585.0,single nucleotide variant,"criteria provided, single submitter",2,Pathogenic,BRCA2,1,False
487415,1630.0,single nucleotide variant,"criteria provided, multiple submitters, no conflicts",3,Pathogenic,BRCA1,1,False
489785,2670.0,single nucleotide variant,reviewed by expert panel,7,Pathogenic,BRCA2,1,False
490213,52.0,single nucleotide variant,"criteria provided, multiple submitters, no conflicts",4,Pathogenic,APC,1,False
490258,1068.0,single nucleotide variant,"criteria provided, multiple submitters, no conflicts",3,Pathogenic,APC,1,True
490280,1545.0,single nucleotide variant,"criteria provided, multiple submitters, no conflicts",2,Pathogenic,APC,1,False
491060,1085.0,single nucleotide variant,"criteria provided, single submitter",1,Pathogenic,BRCA1,1,False
491173,1797.0,single nucleotide variant,"criteria provided, single submitter",2,Pathogenic,BRCA1,1,True
491216,760.0,single nucleotide variant,"criteria provided, single submitter",1,Pathogenic,BRCA2,1,False
491263,1290.0,single nucleotide variant,"criteria provided, multiple submitters, no conflicts",3,Pathogenic,BRCA2,1,False
491276,1481.0,single nucleotide variant,"criteria provided, single submitter",1,Pathogenic,BRCA2,1,False
491288,1685.0,single nucleotide variant,"criteria provided, multiple submitters, no conflicts",2,Pathogenic,BRCA2,1,False
491343,2677.0,single nucleotide variant,"criteria provided, multiple submitters, no conflicts",2,Pathogenic,BRCA2,1,False
491369,3006.0,single nucleotide variant,"criteria provided, multiple submitters, no conflicts",3,Pathogenic,BRCA2,1,True
491375,3152.0,single nucleotide variant,"criteria provided, multiple submitters, no conflicts",2,Pathogenic,BRCA2,1,False
491756,409.0,single nucleotide variant,"criteria provided, multiple submitters, no conflicts",5,Pathogenic,MSH2,1,True
492272,69.0,single nucleotide variant,"criteria provided, multiple submitters, no conflicts",4,Pathogenic,PMS2,1,True
492293,25.0,single nucleotide variant,"criteria provided, multiple submitters, no conflicts",4,Pathogenic,PMS2,1,True
492350,314.0,single nucleotide variant,"criteria provided, multiple submitters, no conflicts",2,Pathogenic,PTEN,1,False
492623,266.0,Indel,"criteria provided, single submitter",1,Pathogenic,TP53,1,True
492654,245.0,single nucleotide variant,"criteria provided, multiple submitters, no conflicts",4,Pathogenic,APC,1,False
492664,1193.0,single nucleotide variant,"criteria provided, multiple submitters, no conflicts",6,Pathogenic,APC,1,True
492666,1276.0,single nucleotide variant,"criteria provided, multiple submitters, no conflicts",4,Pathogenic,APC,1,True
492668,1539.0,single nucleotide variant,"criteria provided, single submitter",2,Pathogenic,APC,1,False
492706,379.0,single nucleotide variant,"criteria provided, multiple submitters, no conflicts",4,Pathogenic,MSH6,1,False
492707,699.0,single nucleotide variant,"criteria provided, single submitter",2,Pathogenic,MSH6,1,True
492727,50.0,single nucleotide variant,reviewed by expert panel,7,Pathogenic,PTEN,1,True
492731,134.0,Deletion,"criteria provided, single submitter",2,Pathogenic,PTEN,1,True
492733,189.0,single nucleotide variant,"criteria provided, multiple submitters, no conflicts",4,Pathogenic,PTEN,1,False
492746,277.0,single nucleotide variant,"criteria provided, multiple submitters, no conflicts",5,Pathogenic,TP53,1,True
492752,106.0,single nucleotide variant,reviewed by expert panel,4,Pathogenic,TP53,1,False
493079,7.0,single nucleotide variant,"criteria provided, multiple submitters, no conflicts",2,Pathogenic,PTEN,1,False
495091,1179.0,single nucleotide variant,"criteria provided, single submitter",1,Pathogenic,BRCA1,1,False
495221,903.0,single nucleotide variant,"criteria provided, multiple submitters, no conflicts",5,Pathogenic,BRCA1,1,False
495429,368.0,single nucleotide variant,reviewed by expert panel,4,Pathogenic,BRCA2,1,False
504753,747.0,single nucleotide variant,"criteria provided, multiple submitters, no conflicts",4,Pathogenic,PMS2,1,True
520540,276.0,single nucleotide variant,reviewed by expert panel,3,Pathogenic,MLH1,1,True
520541,367.0,single nucleotide variant,reviewed by expert panel,4,Pathogenic,MSH6,1,False
525704,917.0,Duplication,"criteria provided, single submitter",1,Pathogenic,MSH6,1,True
525727,612.0,single nucleotide variant,"criteria provided, single submitter",1,Pathogenic,MSH6,1,True
525739,653.0,single nucleotide variant,"criteria provided, single submitter",1,Pathogenic,PMS2,1,True
525740,346.0,single nucleotide variant,"criteria provided, multiple submitters, no conflicts",5,Pathogenic,PMS2,1,True
525802,738.0,single nucleotide variant,"criteria provided, multiple submitters, no conflicts",2,Pathogenic,MLH1,1,False
525833,388.0,Duplication,"criteria provided, multiple submitters, no conflicts",3,Pathogenic,MSH6,1,False
525834,73.0,single nucleotide variant,"criteria provided, multiple submitters, no conflicts",2,Pathogenic,MSH2,1,False
525843,422.0,single nucleotide variant,"criteria provided, single submitter",1,Pathogenic,PMS2,1,True
525849,853.0,single nucleotide variant,"criteria provided, multiple submitters, no conflicts",2,Pathogenic,MSH2,1,True
528248,158.0,single nucleotide variant,reviewed by expert panel,10,Pathogenic,TP53,1,True
531216,1692.0,single nucleotide variant,"criteria provided, multiple submitters, no conflicts",3,Pathogenic,BRCA2,1,False
531220,2854.0,single nucleotide variant,"criteria provided, multiple submitters, no conflicts",2,Pathogenic,BRCA2,1,True
531227,1260.0,single nucleotide variant,"criteria provided, single submitter",2,Pathogenic,BRCA2,1,False
531295,1347.0,single nucleotide variant,"criteria provided, multiple submitters, no conflicts",4,Pathogenic,BRCA1,1,False
531313,497.0,single nucleotide variant,"criteria provided, multiple submitters, no conflicts",4,Pathogenic,BRCA2,1,False
531398,1001.0,single nucleotide variant,"criteria provided, multiple submitters, no conflicts",3,Pathogenic,BRCA2,1,False
531441,1267.0,single nucleotide variant,reviewed by expert panel,2,Pathogenic,BRCA1,1,False
536545,29.0,single nucleotide variant,"criteria provided, single submitter",1,Pathogenic,PTEN,1,True
536549,267.0,single nucleotide variant,reviewed by expert panel,7,Pathogenic,PTEN,1,False
536556,16.0,single nucleotide variant,"criteria provided, multiple submitters, no conflicts",7,Pathogenic,PTEN,1,False
537417,1262.0,single nucleotide variant,"criteria provided, multiple submitters, no conflicts",4,Pathogenic,APC,1,True
537459,1175.0,single nucleotide variant,"criteria provided, multiple submitters, no conflicts",6,Pathogenic,APC,1,True
537468,1687.0,single nucleotide variant,"criteria provided, single submitter",1,Pathogenic,APC,1,False
537470,635.0,single nucleotide variant,"criteria provided, multiple submitters, no conflicts",3,Pathogenic,APC,1,False
537472,674.0,single nucleotide variant,"criteria provided, single submitter",1,Pathogenic,APC,1,False
537540,2480.0,single nucleotide variant,"criteria provided, multiple submitters, no conflicts",2,Pathogenic,APC,1,False
545723,688.0,single nucleotide variant,"criteria provided, single submitter",1,Pathogenic,APC,1,False
545957,516.0,single nucleotide variant,"criteria provided, multiple submitters, no conflicts",8,Pathogenic,MLH1,1,False
545958,88.0,single nucleotide variant,"criteria provided, multiple submitters, no conflicts",5,Pathogenic,PTEN,1,True
545959,138.0,single nucleotide variant,"criteria provided, multiple submitters, no conflicts",3,Pathogenic,PTEN,1,True
545962,1289.0,single nucleotide variant,"criteria provided, multiple submitters, no conflicts",5,Pathogenic,APC,1,True
545975,329.0,single nucleotide variant,"criteria provided, multiple submitters, no conflicts",5,Pathogenic,PMS2,1,True
545977,693.0,single nucleotide variant,"criteria provided, multiple submitters, no conflicts",3,Pathogenic,MSH2,1,True
545978,959.0,single nucleotide variant,"criteria provided, single submitter",1,Pathogenic,BRCA1,1,False
545979,2977.0,single nucleotide variant,"criteria provided, multiple submitters, no conflicts",2,Pathogenic,BRCA2,1,True
545983,564.0,single nucleotide variant,"criteria provided, multiple submitters, no conflicts",5,Pathogenic,MSH6,1,True
545986,165.0,single nucleotide variant,"criteria provided, multiple submitters, no conflicts",3,Pathogenic,MSH2,1,False
545989,567.0,single nucleotide variant,"criteria provided, multiple submitters, no conflicts",5,Pathogenic,PMS2,1,True
546001,245.0,single nucleotide variant,"criteria provided, multiple submitters, no conflicts",2,Pathogenic,MLH1,1,True
546002,1669.0,single nucleotide variant,"criteria provided, single submitter",2,Pathogenic,BRCA2,1,False
546003,641.0,single nucleotide variant,"criteria provided, multiple submitters, no conflicts",6,Pathogenic,MSH6,1,True
546007,547.0,single nucleotide variant,"criteria provided, multiple submitters, no conflicts",3,Pathogenic,MLH1,1,False
546013,76.0,single nucleotide variant,"criteria provided, multiple submitters, no conflicts",2,Pathogenic,PTEN,1,True
546050,1318.0,Duplication,"criteria provided, multiple submitters, no conflicts",2,Pathogenic,MSH6,1,True
546057,774.0,Duplication,"criteria provided, multiple submitters, no conflicts",4,Pathogenic,PMS2,1,True
548164,277.0,Insertion,reviewed by expert panel,1,Pathogenic,BRCA1,1,False
548178,64.0,Insertion,reviewed by expert panel,1,Pathogenic,BRCA1,1,False
548197,1845.0,Insertion,reviewed by expert panel,1,Pathogenic,BRCA1,1,True
548215,694.0,Insertion,reviewed by expert panel,1,Pathogenic,BRCA1,1,False
548222,244.0,Insertion,reviewed by expert panel,1,Pathogenic,BRCA1,1,False
548254,1429.0,Insertion,reviewed by expert panel,1,Pathogenic,BRCA1,1,False
548264,1019.0,Insertion,reviewed by expert panel,1,Pathogenic,BRCA1,1,False
548273,629.0,single nucleotide variant,reviewed by expert panel,1,Pathogenic,BRCA1,1,False
548293,1357.0,Insertion,reviewed by expert panel,1,Pathogenic,BRCA1,1,False
548297,655.0,Insertion,reviewed by expert panel,1,Pathogenic,BRCA1,1,False
548316,1026.0,Microsatellite,reviewed by expert panel,1,Pathogenic,BRCA1,1,False
548318,1682.0,Insertion,reviewed by expert panel,1,Pathogenic,BRCA1,1,True
548320,24.0,Insertion,reviewed by expert panel,1,Pathogenic,BRCA1,1,False
548329,446.0,single nucleotide variant,reviewed by expert panel,2,Pathogenic,BRCA2,1,False
548337,1806.0,Duplication,reviewed by expert panel,1,Pathogenic,BRCA2,1,False
548343,309.0,single nucleotide variant,reviewed by expert panel,1,Pathogenic,BRCA2,1,False
548344,1741.0,Duplication,reviewed by expert panel,1,Pathogenic,BRCA2,1,False
548347,156.0,Insertion,reviewed by expert panel,1,Pathogenic,BRCA2,1,False
548359,2509.0,Insertion,reviewed by expert panel,1,Pathogenic,BRCA2,1,False
548376,205.0,Insertion,reviewed by expert panel,1,Pathogenic,BRCA2,1,False
548395,1069.0,Microsatellite,reviewed by expert panel,1,Pathogenic,BRCA2,1,False
548399,1514.0,Insertion,reviewed by expert panel,1,Pathogenic,BRCA2,1,False
548417,157.0,Duplication,reviewed by expert panel,4,Pathogenic,BRCA2,1,False
548419,711.0,single nucleotide variant,reviewed by expert panel,4,Pathogenic,BRCA2,1,False
548433,1751.0,single nucleotide variant,reviewed by expert panel,1,Pathogenic,BRCA2,1,False
548749,103.0,single nucleotide variant,"criteria provided, multiple submitters, no conflicts",4,Pathogenic,MSH6,1,False
548765,118.0,single nucleotide variant,"criteria provided, multiple submitters, no conflicts",4,Pathogenic,MSH2,1,False
559961,943.0,single nucleotide variant,"criteria provided, single submitter",2,Pathogenic,APC,1,False
565402,1183.0,single nucleotide variant,"criteria provided, single submitter",1,Pathogenic,APC,1,True
565981,2291.0,single nucleotide variant,"criteria provided, single submitter",1,Pathogenic,APC,1,False
566113,371.0,single nucleotide variant,"criteria provided, multiple submitters, no conflicts",3,Pathogenic,MSH2,1,True
566121,589.0,single nucleotide variant,"criteria provided, multiple submitters, no conflicts",4,Pathogenic,MSH6,1,True
566516,89.0,single nucleotide variant,"criteria provided, multiple submitters, no conflicts",3,Pathogenic,APC,1,False
566924,104.0,single nucleotide variant,"criteria provided, multiple submitters, no conflicts",5,Pathogenic,TP53,1,False
567094,1243.0,Duplication,"criteria provided, single submitter",1,Pathogenic,BRCA1,1,False
567334,767.0,single nucleotide variant,"criteria provided, multiple submitters, no conflicts",5,Pathogenic,APC,1,False
568781,51.0,single nucleotide variant,"criteria provided, single submitter",2,Pathogenic,TP53,1,False
569301,170.0,single nucleotide variant,"criteria provided, multiple submitters, no conflicts",3,Pathogenic,PTEN,1,True
569820,272.0,single nucleotide variant,"criteria provided, multiple submitters, no conflicts",2,Pathogenic,MLH1,1,True
570048,1726.0,single nucleotide variant,"criteria provided, single submitter",2,Pathogenic,BRCA1,1,True
570400,16.0,Duplication,"criteria provided, multiple submitters, no conflicts",6,Pathogenic,BRCA1,1,False
570785,414.0,Insertion,"criteria provided, multiple submitters, no conflicts",2,Pathogenic,PMS2,1,True
570931,1213.0,single nucleotide variant,"criteria provided, multiple submitters, no conflicts",2,Pathogenic,BRCA2,1,False
571138,427.0,single nucleotide variant,"criteria provided, multiple submitters, no conflicts",5,Pathogenic,MLH1,1,False
571193,371.0,single nucleotide variant,"criteria provided, single submitter",1,Pathogenic,APC,1,False
571250,1327.0,Duplication,"criteria provided, single submitter",1,Pathogenic,MSH6,1,True
571869,277.0,single nucleotide variant,"criteria provided, single submitter",1,Pathogenic,PTEN,1,False
572005,2500.0,single nucleotide variant,"criteria provided, multiple submitters, no conflicts",2,Pathogenic,APC,1,False
572665,3.0,Indel,"criteria provided, multiple submitters, no conflicts",2,Pathogenic,MSH6,1,False
573031,1006.0,single nucleotide variant,"criteria provided, multiple submitters, no conflicts",3,Pathogenic,MSH6,1,True
573344,1463.0,Duplication,"criteria provided, multiple submitters, no conflicts",4,Pathogenic,BRCA1,1,False
573653,2737.0,single nucleotide variant,"criteria provided, single submitter",1,Pathogenic,BRCA2,1,False
573658,796.0,single nucleotide variant,"criteria provided, multiple submitters, no conflicts",3,Pathogenic,MSH6,1,True
573847,2094.0,single nucleotide variant,"criteria provided, single submitter",1,Pathogenic,BRCA2,1,False
574679,272.0,single nucleotide variant,"criteria provided, multiple submitters, no conflicts",2,Pathogenic,TP53,1,True
574729,212.0,single nucleotide variant,"criteria provided, multiple submitters, no conflicts",5,Pathogenic,PMS2,1,True
575178,2287.0,single nucleotide variant,reviewed by expert panel,5,Pathogenic,BRCA2,1,False
575274,2806.0,single nucleotide variant,"criteria provided, single submitter",1,Pathogenic,BRCA2,1,True
575517,1291.0,single nucleotide variant,"criteria provided, multiple submitters, no conflicts",3,Pathogenic,APC,1,True
575787,424.0,single nucleotide variant,"criteria provided, multiple submitters, no conflicts",5,Pathogenic,APC,1,False
575793,320.0,single nucleotide variant,"criteria provided, multiple submitters, no conflicts",3,Pathogenic,PTEN,1,False
575899,174.0,single nucleotide variant,"criteria provided, multiple submitters, no conflicts",3,Pathogenic,BRCA1,1,False
575912,245.0,single nucleotide variant,"criteria provided, multiple submitters, no conflicts",2,Pathogenic,MLH1,1,True
576557,132.0,single nucleotide variant,"criteria provided, multiple submitters, no conflicts",3,Pathogenic,MSH6,1,False
577670,892.0,single nucleotide variant,"criteria provided, multiple submitters, no conflicts",2,Pathogenic,APC,1,False
578074,779.0,single nucleotide variant,"criteria provided, single submitter",1,Pathogenic,APC,1,False
578189,242.0,Duplication,"criteria provided, multiple submitters, no conflicts",2,Pathogenic,MSH6,1,False
579148,1260.0,single nucleotide variant,"criteria provided, single submitter",1,Pathogenic,BRCA2,1,False
579525,494.0,single nucleotide variant,"criteria provided, single submitter",1,Pathogenic,PMS2,1,True
579638,678.0,single nucleotide variant,"criteria provided, multiple submitters, no conflicts",2,Pathogenic,MSH2,1,True
579696,1068.0,single nucleotide variant,"criteria provided, multiple submitters, no conflicts",3,Pathogenic,APC,1,True
580498,247.0,single nucleotide variant,"criteria provided, multiple submitters, no conflicts",2,Pathogenic,PTEN,1,False
582220,505.0,single nucleotide variant,"criteria provided, multiple submitters, no conflicts",2,Pathogenic,MSH6,1,True
582595,3236.0,single nucleotide variant,"criteria provided, multiple submitters, no conflicts",2,Pathogenic,BRCA2,1,False
584469,293.0,Indel,"criteria provided, single submitter",1,Pathogenic,MSH6,1,False
584636,172.0,single nucleotide variant,"criteria provided, multiple submitters, no conflicts",3,Pathogenic,MLH1,1,True
584664,629.0,single nucleotide variant,"criteria provided, multiple submitters, no conflicts",3,Pathogenic,APC,1,False
585211,1710.0,single nucleotide variant,"criteria provided, single submitter",1,Pathogenic,BRCA2,1,False
599302,1691.0,single nucleotide variant,"criteria provided, single submitter",3,Pathogenic,BRCA1,1,True
617472,62.0,single nucleotide variant,"criteria provided, single submitter",2,Pathogenic,TP53,1,False
618529,863.0,single nucleotide variant,"criteria provided, multiple submitters, no conflicts",2,Pathogenic,APC,1,False
618531,504.0,single nucleotide variant,"criteria provided, single submitter",1,Benign,APC,0,False
619508,265.0,Indel,"criteria provided, single submitter",1,Pathogenic,MLH1,1,True
619641,2047.0,single nucleotide variant,"criteria provided, multiple submitters, no conflicts",4,Pathogenic,BRCA2,1,False
619645,2267.0,single nucleotide variant,"criteria provided, multiple submitters, no conflicts",3,Pathogenic,BRCA2,1,False
619690,425.0,single nucleotide variant,"criteria provided, multiple submitters, no conflicts",3,Pathogenic,MSH2,1,True
619734,163.0,single nucleotide variant,"criteria provided, multiple submitters, no conflicts",2,Pathogenic,TP53,1,True
619815,2167.0,single nucleotide variant,"criteria provided, single submitter",1,Pathogenic,BRCA2,1,False
619870,419.0,single nucleotide variant,"criteria provided, multiple submitters, no conflicts",3,Pathogenic,MSH6,1,True
619873,634.0,single nucleotide variant,"criteria provided, multiple submitters, no conflicts",7,Pathogenic,MSH6,1,True
623177,1818.0,single nucleotide variant,"criteria provided, multiple submitters, no conflicts",5,Pathogenic,BRCA2,1,False
628123,2570.0,single nucleotide variant,"criteria provided, multiple submitters, no conflicts",3,Pathogenic,APC,1,False
628226,182.0,single nucleotide variant,"criteria provided, single submitter",1,Pathogenic,BRCA2,1,False
628452,971.0,single nucleotide variant,reviewed by expert panel,6,Benign,BRCA1,0,False
628672,550.0,single nucleotide variant,"criteria provided, single submitter",1,Pathogenic,MSH2,1,True
630045,1244.0,single nucleotide variant,"criteria provided, multiple submitters, no conflicts",3,Pathogenic,APC,1,True
630046,3.0,single nucleotide variant,reviewed by expert panel,5,Benign,MSH2,0,False
630553,1455.0,single nucleotide variant,"criteria provided, multiple submitters, no conflicts",8,Pathogenic,BRCA2,1,False
630788,305.0,Duplication,"criteria provided, single submitter",1,Pathogenic,TP53,1,False
630829,2616.0,single nucleotide variant,reviewed by expert panel,7,Pathogenic,BRCA2,1,False
631516,218.0,single nucleotide variant,"criteria provided, multiple submitters, no conflicts",6,Pathogenic,PTEN,1,False
633495,480.0,single nucleotide variant,reviewed by expert panel,1,Pathogenic,MSH6,1,True
633496,695.0,single nucleotide variant,reviewed by expert panel,6,Pathogenic,MSH2,1,True
633499,181.0,single nucleotide variant,reviewed by expert panel,6,Pathogenic,MLH1,1,True
634669,139.0,single nucleotide variant,no assertion criteria provided,1,Pathogenic,TP53,1,True
634670,65.0,single nucleotide variant,no assertion criteria provided,1,Pathogenic,TP53,1,False
634672,199.0,single nucleotide variant,no assertion criteria provided,1,Pathogenic,TP53,1,True
634676,339.0,Insertion,no assertion criteria provided,1,Pathogenic,TP53,1,False
634678,53.0,Duplication,no assertion criteria provided,1,Pathogenic,TP53,1,False
634687,180.0,single nucleotide variant,"criteria provided, single submitter",3,Pathogenic,TP53,1,True
634688,144.0,single nucleotide variant,"criteria provided, multiple submitters, no conflicts",5,Pathogenic,TP53,1,True
634690,113.0,single nucleotide variant,"criteria provided, single submitter",2,Pathogenic,TP53,1,True
634696,228.0,Duplication,"criteria provided, multiple submitters, no conflicts",4,Pathogenic,TP53,1,True
634697,346.0,single nucleotide variant,"criteria provided, single submitter",3,Pathogenic,TP53,1,False
634699,166.0,single nucleotide variant,"criteria provided, single submitter",2,Pathogenic,TP53,1,True
634701,183.0,single nucleotide variant,"criteria provided, multiple submitters, no conflicts",4,Pathogenic,TP53,1,True
634704,198.0,single nucleotide variant,"criteria provided, single submitter",3,Pathogenic,TP53,1,True
634717,71.0,Duplication,no assertion criteria provided,1,Pathogenic,PTEN,1,True
634725,946.0,single nucleotide variant,"criteria provided, single submitter",3,Pathogenic,MSH6,1,True
634735,116.0,single nucleotide variant,"criteria provided, single submitter",2,Pathogenic,BRCA1,1,False
634739,635.0,Duplication,no assertion criteria provided,1,Pathogenic,BRCA1,1,False
634753,114.0,single nucleotide variant,no assertion criteria provided,1,Pathogenic,TP53,1,True
634754,221.0,single nucleotide variant,"criteria provided, multiple submitters, no conflicts",4,Pathogenic,TP53,1,True
634755,286.0,single nucleotide variant,"criteria provided, single submitter",3,Pathogenic,TP53,1,True
634756,232.0,single nucleotide variant,"criteria provided, single submitter",2,Pathogenic,TP53,1,True
634764,204.0,Indel,no assertion criteria provided,1,Pathogenic,TP53,1,True
634771,171.0,single nucleotide variant,"criteria provided, single submitter",3,Pathogenic,TP53,1,True
634772,239.0,Duplication,"criteria provided, single submitter",2,Pathogenic,TP53,1,True
634785,146.0,single nucleotide variant,"criteria provided, multiple submitters, no conflicts",8,Pathogenic,TP53,1,True
638855,222.0,single nucleotide variant,"criteria provided, multiple submitters, no conflicts",3,Pathogenic,APC,1,False
639528,493.0,single nucleotide variant,"criteria provided, single submitter",1,Pathogenic,APC,1,False
639574,2357.0,single nucleotide variant,"criteria provided, single submitter",1,Pathogenic,APC,1,False
639735,3223.0,single nucleotide variant,"criteria provided, single submitter",1,Pathogenic,BRCA2,1,False
641057,278.0,single nucleotide variant,"criteria provided, multiple submitters, no conflicts",4,Pathogenic,MSH2,1,True
641505,110.0,Indel,"criteria provided, single submitter",1,Pathogenic,TP53,1,True
642931,238.0,single nucleotide variant,"criteria provided, multiple submitters, no conflicts",3,Pathogenic,APC,1,False
643328,675.0,single nucleotide variant,"criteria provided, single submitter",1,Pathogenic,PMS2,1,True
644390,6.0,single nucleotide variant,reviewed by expert panel,5,Pathogenic,PTEN,1,False
644894,876.0,single nucleotide variant,"criteria provided, multiple submitters, no conflicts",4,Pathogenic,MSH2,1,False
645593,66.0,single nucleotide variant,"criteria provided, multiple submitters, no conflicts",6,Pathogenic,MSH2,1,False
645602,1342.0,single nucleotide variant,"criteria provided, single submitter",1,Pathogenic,APC,1,False
646006,159.0,single nucleotide variant,reviewed by expert panel,4,Pathogenic,PTEN,1,True
646128,393.0,single nucleotide variant,"criteria provided, multiple submitters, no conflicts",2,Pathogenic,PMS2,1,True
646151,838.0,single nucleotide variant,"criteria provided, multiple submitters, no conflicts",2,Pathogenic,BRCA2,1,False
647876,105.0,single nucleotide variant,"criteria provided, single submitter",1,Pathogenic,BRCA2,1,False
647926,266.0,single nucleotide variant,"criteria provided, multiple submitters, no conflicts",2,Pathogenic,PTEN,1,False
647928,1104.0,single nucleotide variant,"criteria provided, multiple submitters, no conflicts",2,Pathogenic,APC,1,True
648190,537.0,Duplication,"criteria provided, multiple submitters, no conflicts",3,Pathogenic,MSH6,1,True
648675,1336.0,single nucleotide variant,"criteria provided, multiple submitters, no conflicts",3,Pathogenic,APC,1,True
648912,1291.0,Duplication,"criteria provided, single submitter",1,Pathogenic,APC,1,True
648945,994.0,single nucleotide variant,"criteria provided, multiple submitters, no conflicts",3,Pathogenic,MSH6,1,True
649212,417.0,Duplication,"criteria provided, multiple submitters, no conflicts",3,Pathogenic,MSH6,1,True
650624,1648.0,single nucleotide variant,"criteria provided, multiple submitters, no conflicts",4,Pathogenic,BRCA1,1,False
651305,57.0,single nucleotide variant,"criteria provided, single submitter",1,Pathogenic,PTEN,1,True
651508,1265.0,single nucleotide variant,"criteria provided, multiple submitters, no conflicts",3,Pathogenic,MSH6,1,True
652430,24.0,single nucleotide variant,"criteria provided, single submitter",2,Pathogenic,BRCA1,1,False
652462,155.0,single nucleotide variant,"criteria provided, multiple submitters, no conflicts",2,Pathogenic,MSH6,1,False
654783,1758.0,Duplication,"criteria provided, single submitter",1,Pathogenic,BRCA2,1,False
655025,256.0,single nucleotide variant,"criteria provided, multiple submitters, no conflicts",2,Pathogenic,MLH1,1,True
655209,189.0,Duplication,"criteria provided, single submitter",1,Pathogenic,MSH6,1,False
655997,1032.0,single nucleotide variant,"criteria provided, single submitter",1,Pathogenic,BRCA2,1,False
656610,839.0,Duplication,"criteria provided, single submitter",1,Pathogenic,APC,1,False
656751,127.0,single nucleotide variant,reviewed by expert panel,5,Pathogenic,TP53,1,True
657559,160.0,single nucleotide variant,"criteria provided, multiple submitters, no conflicts",5,Pathogenic,PMS2,1,True
657967,77.0,Duplication,"criteria provided, single submitter",1,Pathogenic,PTEN,1,True
658411,462.0,single nucleotide variant,"criteria provided, multiple submitters, no conflicts",2,Pathogenic,BRCA2,1,False
658711,216.0,single nucleotide variant,"criteria provided, single submitter",1,Pathogenic,PMS2,1,True
658935,427.0,single nucleotide variant,"criteria provided, multiple submitters, no conflicts",2,Pathogenic,MSH6,1,True
660602,1809.0,single nucleotide variant,"criteria provided, single submitter",1,Pathogenic,BRCA2,1,False
660662,445.0,single nucleotide variant,"criteria provided, multiple submitters, no conflicts",4,Pathogenic,MLH1,1,False
662590,769.0,single nucleotide variant,"criteria provided, multiple submitters, no conflicts",4,Pathogenic,MSH2,1,True
663098,1275.0,Duplication,"criteria provided, single submitter",1,Pathogenic,MSH6,1,True
663276,308.0,Duplication,"criteria provided, single submitter",1,Pathogenic,BRCA2,1,False
664359,647.0,single nucleotide variant,"criteria provided, multiple submitters, no conflicts",3,Pathogenic,MSH2,1,True
665501,534.0,single nucleotide variant,"criteria provided, multiple submitters, no conflicts",4,Pathogenic,APC,1,False
684728,908.0,single nucleotide variant,"criteria provided, single submitter",2,Pathogenic,MSH6,1,True
694599,948.0,single nucleotide variant,"criteria provided, single submitter",2,Pathogenic,MSH6,1,True
801069,1.0,single nucleotide variant,"criteria provided, single submitter",2,Pathogenic,BRCA1,1,False
801107,1482.0,single nucleotide variant,"criteria provided, multiple submitters, no conflicts",3,Pathogenic,BRCA2,1,False
801677,66.0,single nucleotide variant,"criteria provided, multiple submitters, no conflicts",4,Pathogenic,MSH2,1,False
801697,694.0,single nucleotide variant,"criteria provided, single submitter",1,Pathogenic,MSH6,1,True
801700,964.0,single nucleotide variant,"criteria provided, single submitter",1,Pathogenic,MSH6,1,True
802297,288.0,single nucleotide variant,"criteria provided, multiple submitters, no conflicts",5,Pathogenic,PMS2,1,True
802612,319.0,Insertion,"criteria provided, single submitter",1,Pathogenic,PTEN,1,False
803408,1649.0,Deletion,"criteria provided, single submitter",1,Pathogenic,BRCA1,1,False
803409,1649.0,Insertion,"criteria provided, single submitter",1,Pathogenic,BRCA1,1,False
803418,320.0,single nucleotide variant,"criteria provided, multiple submitters, no conflicts",2,Pathogenic,BRCA1,1,False
804214,143.0,single nucleotide variant,reviewed by expert panel,4,Pathogenic,TP53,1,True
804339,129.0,single nucleotide variant,"criteria provided, multiple submitters, no conflicts",3,Pathogenic,PTEN,1,True
811413,1196.0,single nucleotide variant,"criteria provided, multiple submitters, no conflicts",2,Pathogenic,MSH6,1,True
812549,297.0,single nucleotide variant,reviewed by expert panel,1,Benign,BRCA1,0,False
812551,1361.0,single nucleotide variant,reviewed by expert panel,1,Benign,BRCA1,0,False
812552,2912.0,single nucleotide variant,reviewed by expert panel,1,Benign,BRCA2,0,True
817672,1216.0,Duplication,"criteria provided, multiple submitters, no conflicts",2,Pathogenic,MSH6,1,True
818421,38.0,single nucleotide variant,reviewed by expert panel,3,Pathogenic,PTEN,1,True
818506,394.0,single nucleotide variant,"criteria provided, multiple submitters, no conflicts",3,Pathogenic,APC,1,False
818660,419.0,Duplication,"criteria provided, multiple submitters, no conflicts",2,Pathogenic,MLH1,1,False
818902,448.0,single nucleotide variant,"criteria provided, multiple submitters, no conflicts",3,Pathogenic,MLH1,1,False
819019,456.0,single nucleotide variant,"criteria provided, multiple submitters, no conflicts",3,Pathogenic,MSH6,1,True
819274,49.0,single nucleotide variant,"criteria provided, multiple submitters, no conflicts",4,Pathogenic,APC,1,False
819453,509.0,Indel,"criteria provided, single submitter",1,Pathogenic,APC,1,False
819483,512.0,single nucleotide variant,"criteria provided, multiple submitters, no conflicts",2,Pathogenic,MSH2,1,True
819693,542.0,single nucleotide variant,"criteria provided, multiple submitters, no conflicts",4,Pathogenic,APC,1,False
820435,655.0,single nucleotide variant,"criteria provided, multiple submitters, no conflicts",2,Pathogenic,BRCA1,1,False
820554,677.0,single nucleotide variant,"criteria provided, multiple submitters, no conflicts",2,Pathogenic,BRCA1,1,False
820749,705.0,single nucleotide variant,"criteria provided, single submitter",1,Pathogenic,PMS2,1,True
820891,740.0,single nucleotide variant,"criteria provided, multiple submitters, no conflicts",5,Pathogenic,MSH6,1,True
820955,749.0,single nucleotide variant,"criteria provided, multiple submitters, no conflicts",4,Pathogenic,MSH2,1,True
820987,757.0,single nucleotide variant,"criteria provided, multiple submitters, no conflicts",2,Pathogenic,PMS2,1,True
821036,763.0,single nucleotide variant,"criteria provided, single submitter",1,Pathogenic,APC,1,False
821125,799.0,Duplication,"criteria provided, single submitter",1,Pathogenic,BRCA1,1,False
821145,805.0,single nucleotide variant,"criteria provided, single submitter",1,Pathogenic,BRCA1,1,False
821408,845.0,single nucleotide variant,"criteria provided, multiple submitters, no conflicts",2,Pathogenic,MSH2,1,True
821423,839.0,Duplication,"criteria provided, multiple submitters, no conflicts",3,Pathogenic,BRCA2,1,False
821523,862.0,single nucleotide variant,"criteria provided, single submitter",1,Pathogenic,MSH2,1,False
821595,888.0,single nucleotide variant,"criteria provided, multiple submitters, no conflicts",2,Pathogenic,MSH6,1,True
821737,912.0,single nucleotide variant,"criteria provided, multiple submitters, no conflicts",3,Pathogenic,MSH6,1,True
821794,947.0,single nucleotide variant,"criteria provided, single submitter",1,Pathogenic,BRCA1,1,False
821839,937.0,single nucleotide variant,"criteria provided, single submitter",1,Pathogenic,MSH6,1,True
821863,943.0,single nucleotide variant,"criteria provided, multiple submitters, no conflicts",3,Pathogenic,APC,1,False
821975,97.0,Duplication,"criteria provided, multiple submitters, no conflicts",3,Pathogenic,MLH1,1,True
822002,34.0,single nucleotide variant,reviewed by expert panel,4,Pathogenic,PTEN,1,True
822006,338.0,Duplication,"criteria provided, single submitter",1,Pathogenic,MSH6,1,False
822161,366.0,single nucleotide variant,"criteria provided, single submitter",1,Pathogenic,BRCA2,1,False
822551,1000.0,single nucleotide variant,"criteria provided, multiple submitters, no conflicts",3,Pathogenic,APC,1,True
822609,2875.0,single nucleotide variant,"criteria provided, single submitter",1,Benign,BRCA2,0,True
822747,1020.0,single nucleotide variant,"criteria provided, single submitter",1,Pathogenic,APC,1,True
822870,3000.0,single nucleotide variant,"criteria provided, single submitter",1,Pathogenic,BRCA2,1,True
822878,103.0,single nucleotide variant,"criteria provided, multiple submitters, no conflicts",4,Pathogenic,TP53,1,False
822934,1041.0,single nucleotide variant,"criteria provided, multiple submitters, no conflicts",3,Pathogenic,APC,1,True
823026,304.0,single nucleotide variant,"criteria provided, single submitter",1,Pathogenic,BRCA2,1,False
823045,305.0,single nucleotide variant,"criteria provided, multiple submitters, no conflicts",3,Pathogenic,TP53,1,False
823215,313.0,single nucleotide variant,"criteria provided, multiple submitters, no conflicts",3,Pathogenic,PMS2,1,True
823222,314.0,single nucleotide variant,"criteria provided, single submitter",1,Pathogenic,BRCA2,1,False
823353,1090.0,single nucleotide variant,"criteria provided, multiple submitters, no conflicts",3,Pathogenic,APC,1,True
823404,3231.0,single nucleotide variant,"criteria provided, multiple submitters, no conflicts",3,Pathogenic,BRCA2,1,False
823464,326.0,Duplication,"criteria provided, single submitter",1,Pathogenic,PTEN,1,False
823665,1121.0,single nucleotide variant,"criteria provided, multiple submitters, no conflicts",2,Pathogenic,MSH6,1,True
823671,1123.0,single nucleotide variant,"criteria provided, multiple submitters, no conflicts",2,Pathogenic,APC,1,True
823687,113.0,single nucleotide variant,"criteria provided, single submitter",1,Pathogenic,BRCA2,1,False
823919,1185.0,single nucleotide variant,"criteria provided, multiple submitters, no conflicts",4,Pathogenic,MSH6,1,True
824181,1257.0,single nucleotide variant,"criteria provided, multiple submitters, no conflicts",2,Pathogenic,APC,1,True
824201,1261.0,single nucleotide variant,"criteria provided, multiple submitters, no conflicts",2,Pathogenic,BRCA1,1,False
824204,1262.0,single nucleotide variant,"criteria provided, multiple submitters, no conflicts",4,Pathogenic,BRCA2,1,False
824255,1281.0,Duplication,"criteria provided, single submitter",1,Pathogenic,MSH6,1,True
824317,1287.0,single nucleotide variant,"criteria provided, multiple submitters, no conflicts",5,Pathogenic,MSH6,1,True
824351,130.0,single nucleotide variant,"criteria provided, single submitter",1,Pathogenic,TP53,1,True
824390,1309.0,single nucleotide variant,"criteria provided, multiple submitters, no conflicts",8,Pathogenic,APC,1,True
824541,1355.0,Duplication,"criteria provided, single submitter",1,Pathogenic,APC,1,False
824649,1394.0,Duplication,"criteria provided, single submitter",1,Pathogenic,APC,1,False
824921,149.0,single nucleotide variant,"criteria provided, single submitter",1,Pathogenic,PMS2,1,True
824980,1511.0,single nucleotide variant,"criteria provided, multiple submitters, no conflicts",3,Pathogenic,BRCA2,1,False
825458,170.0,single nucleotide variant,"criteria provided, multiple submitters, no conflicts",6,Pathogenic,PTEN,1,True
825556,1739.0,Insertion,"criteria provided, multiple submitters, no conflicts",2,Pathogenic,BRCA2,1,False
825619,1762.0,single nucleotide variant,"criteria provided, multiple submitters, no conflicts",4,Pathogenic,BRCA2,1,False
825730,181.0,single nucleotide variant,reviewed by expert panel,5,Pathogenic,PTEN,1,True
825835,186.0,single nucleotide variant,"criteria provided, single submitter",1,Pathogenic,APC,1,False
825875,188.0,single nucleotide variant,"criteria provided, single submitter",1,Pathogenic,PTEN,1,False
825981,20.0,Insertion,"criteria provided, single submitter",1,Pathogenic,BRCA2,1,False
826293,2095.0,single nucleotide variant,"criteria provided, single submitter",1,Pathogenic,BRCA2,1,False
826502,22.0,single nucleotide variant,"criteria provided, multiple submitters, no conflicts",5,Pathogenic,PMS2,1,True
826596,2248.0,single nucleotide variant,"criteria provided, multiple submitters, no conflicts",2,Pathogenic,APC,1,False
826697,23.0,single nucleotide variant,"criteria provided, multiple submitters, no conflicts",3,Pathogenic,PTEN,1,False
826849,2372.0,single nucleotide variant,"criteria provided, multiple submitters, no conflicts",3,Pathogenic,APC,1,False
826866,238.0,single nucleotide variant,"criteria provided, multiple submitters, no conflicts",4,Pathogenic,MSH2,1,True
826949,2432.0,single nucleotide variant,"criteria provided, single submitter",1,Pathogenic,APC,1,False
827012,2464.0,single nucleotide variant,"criteria provided, multiple submitters, no conflicts",2,Pathogenic,BRCA2,1,False
827018,247.0,single nucleotide variant,"criteria provided, multiple submitters, no conflicts",3,Pathogenic,APC,1,False
827061,2485.0,single nucleotide variant,"criteria provided, multiple submitters, no conflicts",2,Pathogenic,BRCA2,1,False
827123,252.0,single nucleotide variant,"criteria provided, multiple submitters, no conflicts",3,Pathogenic,MLH1,1,True
827161,255.0,Duplication,"criteria provided, multiple submitters, no conflicts",4,Pathogenic,MSH6,1,False
827211,2567.0,single nucleotide variant,"criteria provided, single submitter",1,Pathogenic,BRCA2,1,False
827463,2704.0,Indel,"criteria provided, single submitter",1,Pathogenic,BRCA2,1,False
835735,229.0,single nucleotide variant,"criteria provided, multiple submitters, no conflicts",5,Pathogenic,PTEN,1,False
837131,822.0,single nucleotide variant,"criteria provided, multiple submitters, no conflicts",3,Pathogenic,BRCA2,1,False
838443,1232.0,Insertion,"criteria provided, single submitter",1,Pathogenic,MSH6,1,True
838543,833.0,single nucleotide variant,"criteria provided, multiple submitters, no conflicts",4,Pathogenic,BRCA1,1,False
839056,205.0,single nucleotide variant,"criteria provided, single submitter",1,Pathogenic,TP53,1,True
839057,58.0,Indel,"criteria provided, multiple submitters, no conflicts",2,Pathogenic,MSH2,1,False
840815,825.0,single nucleotide variant,"criteria provided, single submitter",1,Pathogenic,APC,1,False
841473,1072.0,single nucleotide variant,"criteria provided, multiple submitters, no conflicts",3,Pathogenic,BRCA2,1,False
841555,580.0,single nucleotide variant,"criteria provided, multiple submitters, no conflicts",4,Pathogenic,MSH6,1,True
842028,350.0,single nucleotide variant,"criteria provided, multiple submitters, no conflicts",2,Pathogenic,BRCA2,1,False
842397,321.0,single nucleotide variant,"criteria provided, single submitter",1,Pathogenic,TP53,1,False
842891,1288.0,Insertion,"criteria provided, single submitter",1,Pathogenic,BRCA2,1,False
843456,2478.0,single nucleotide variant,"criteria provided, single submitter",1,Pathogenic,BRCA2,1,False
843569,1229.0,single nucleotide variant,"criteria provided, multiple submitters, no conflicts",2,Pathogenic,BRCA1,1,False
843723,624.0,Duplication,"criteria provided, multiple submitters, no conflicts",2,Pathogenic,MLH1,1,False
844002,1587.0,single nucleotide variant,"criteria provided, multiple submitters, no conflicts",2,Pathogenic,APC,1,False
844994,1282.0,single nucleotide variant,"criteria provided, multiple submitters, no conflicts",2,Pathogenic,APC,1,True
845025,1075.0,single nucleotide variant,"criteria provided, multiple submitters, no conflicts",3,Pathogenic,APC,1,True
845528,1738.0,single nucleotide variant,"criteria provided, single submitter",2,Pathogenic,BRCA1,1,True
846950,2284.0,single nucleotide variant,"criteria provided, single submitter",1,Pathogenic,BRCA2,1,False
847303,523.0,single nucleotide variant,"criteria provided, single submitter",1,Pathogenic,BRCA1,1,False
847797,59.0,single nucleotide variant,"criteria provided, multiple submitters, no conflicts",2,Pathogenic,PTEN,1,True
848155,1743.0,single nucleotide variant,"criteria provided, single submitter",2,Pathogenic,BRCA1,1,True
848630,357.0,single nucleotide variant,"criteria provided, multiple submitters, no conflicts",2,Pathogenic,BRCA1,1,False
848934,1156.0,single nucleotide variant,"criteria provided, single submitter",1,Pathogenic,APC,1,True
849001,174.0,single nucleotide variant,"criteria provided, single submitter",1,Pathogenic,APC,1,False
849147,883.0,single nucleotide variant,"criteria provided, multiple submitters, no conflicts",3,Pathogenic,MSH6,1,True
850337,260.0,single nucleotide variant,"criteria provided, multiple submitters, no conflicts",2,Pathogenic,BRCA1,1,False
850921,347.0,single nucleotide variant,"criteria provided, multiple submitters, no conflicts",4,Pathogenic,MSH6,1,False
851219,423.0,single nucleotide variant,"criteria provided, multiple submitters, no conflicts",4,Pathogenic,APC,1,False
851718,1110.0,single nucleotide variant,"criteria provided, single submitter",1,Pathogenic,APC,1,True
852388,2077.0,single nucleotide variant,"criteria provided, multiple submitters, no conflicts",2,Pathogenic,BRCA2,1,False
853623,1701.0,single nucleotide variant,"criteria provided, multiple submitters, no conflicts",2,Pathogenic,APC,1,False
854886,424.0,single nucleotide variant,"criteria provided, multiple submitters, no conflicts",2,Pathogenic,BRCA2,1,False
856060,271.0,Duplication,"criteria provided, multiple submitters, no conflicts",2,Pathogenic,TP53,1,True
856171,158.0,single nucleotide variant,"criteria provided, multiple submitters, no conflicts",3,Pathogenic,TP53,1,True
856299,254.0,single nucleotide variant,reviewed by expert panel,4,Pathogenic,TP53,1,True
856750,1171.0,Insertion,"criteria provided, single submitter",1,Pathogenic,MSH6,1,True
856907,1127.0,single nucleotide variant,"criteria provided, multiple submitters, no conflicts",4,Pathogenic,APC,1,True
857174,451.0,single nucleotide variant,"criteria provided, single submitter",1,Pathogenic,APC,1,False
857988,1115.0,Duplication,"criteria provided, single submitter",1,Pathogenic,MSH6,1,True
858687,1552.0,Insertion,"criteria provided, single submitter",1,Pathogenic,BRCA1,1,False
860115,1838.0,single nucleotide variant,"criteria provided, multiple submitters, no conflicts",2,Pathogenic,BRCA2,1,False
861760,245.0,Indel,"criteria provided, single submitter",1,Pathogenic,TP53,1,True
863491,166.0,single nucleotide variant,"criteria provided, single submitter",1,Pathogenic,MSH6,1,False
864043,414.0,single nucleotide variant,"criteria provided, multiple submitters, no conflicts",3,Pathogenic,MSH6,1,True
864101,1569.0,single nucleotide variant,"criteria provided, multiple submitters, no conflicts",2,Pathogenic,BRCA2,1,False
864919,1826.0,single nucleotide variant,"criteria provided, single submitter",2,Benign,BRCA1,0,True
864921,1827.0,single nucleotide variant,"criteria provided, single submitter",2,Benign,BRCA1,0,True
865068,1718.0,single nucleotide variant,"criteria provided, single submitter",2,Pathogenic,BRCA1,1,True
865165,1738.0,single nucleotide variant,"criteria provided, multiple submitters, no conflicts",3,Pathogenic,BRCA1,1,True
865201,1750.0,single nucleotide variant,"criteria provided, single submitter",2,Pathogenic,BRCA1,1,True
865211,1753.0,single nucleotide variant,"criteria provided, single submitter",2,Pathogenic,BRCA1,1,True
865349,89.0,single nucleotide variant,"criteria provided, single submitter",2,Benign,BRCA1,0,False
865370,1783.0,single nucleotide variant,"criteria provided, single submitter",2,Benign,BRCA1,0,True
865439,1647.0,single nucleotide variant,"criteria provided, single submitter",2,Benign,BRCA1,0,False
865710,1647.0,single nucleotide variant,"criteria provided, single submitter",2,Benign,BRCA1,0,False
867295,56.0,single nucleotide variant,"criteria provided, single submitter",2,Pathogenic,BRCA1,1,False
867358,75.0,single nucleotide variant,"criteria provided, single submitter",2,Pathogenic,BRCA1,1,False
867737,22.0,single nucleotide variant,"criteria provided, multiple submitters, no conflicts",3,Pathogenic,BRCA1,1,False
867794,32.0,single nucleotide variant,"criteria provided, single submitter",2,Pathogenic,BRCA1,1,False
868100,1666.0,single nucleotide variant,"criteria provided, single submitter",2,Pathogenic,BRCA1,1,True
868170,44.0,single nucleotide variant,"criteria provided, single submitter",2,Pathogenic,BRCA1,1,False
868230,1752.0,single nucleotide variant,"criteria provided, single submitter",2,Pathogenic,BRCA1,1,True
868339,91.0,single nucleotide variant,"criteria provided, single submitter",2,Pathogenic,BRCA1,1,False
868387,1634.0,single nucleotide variant,"criteria provided, single submitter",2,Benign,BRCA1,0,False
868400,1638.0,single nucleotide variant,"criteria provided, single submitter",2,Pathogenic,BRCA1,1,False
868408,1796.0,single nucleotide variant,"criteria provided, single submitter",2,Pathogenic,BRCA1,1,True
868413,1641.0,single nucleotide variant,"criteria provided, single submitter",2,Benign,BRCA1,0,False
868580,1828.0,single nucleotide variant,"criteria provided, single submitter",2,Pathogenic,BRCA1,1,True
868672,1706.0,single nucleotide variant,"criteria provided, multiple submitters, no conflicts",3,Pathogenic,BRCA1,1,True
868702,1713.0,single nucleotide variant,"criteria provided, single submitter",2,Pathogenic,BRCA1,1,True
868753,23.0,single nucleotide variant,"criteria provided, single submitter",2,Pathogenic,BRCA1,1,False
868843,1638.0,single nucleotide variant,"criteria provided, single submitter",2,Benign,BRCA1,0,False
868851,1642.0,single nucleotide variant,"criteria provided, single submitter",2,Pathogenic,BRCA1,1,False
868864,1649.0,single nucleotide variant,"criteria provided, multiple submitters, no conflicts",3,Pathogenic,BRCA1,1,False
868922,1823.0,single nucleotide variant,"criteria provided, multiple submitters, no conflicts",3,Pathogenic,BRCA1,1,True
868969,1826.0,single nucleotide variant,"criteria provided, multiple submitters, no conflicts",4,Pathogenic,BRCA1,1,True
869006,1841.0,single nucleotide variant,"criteria provided, single submitter",2,Pathogenic,BRCA1,1,True
869009,1695.0,single nucleotide variant,no assertion criteria provided,2,Pathogenic,BRCA1,1,True
869054,1706.0,single nucleotide variant,"criteria provided, single submitter",2,Benign,BRCA1,0,True
870641,733.0,Insertion,"criteria provided, single submitter",1,Pathogenic,BRCA2,1,False
871699,459.0,single nucleotide variant,"criteria provided, multiple submitters, no conflicts",2,Pathogenic,MLH1,1,False
872793,1044.0,single nucleotide variant,"criteria provided, multiple submitters, no conflicts",2,Pathogenic,MSH6,1,True
873048,694.0,single nucleotide variant,"criteria provided, multiple submitters, no conflicts",7,Pathogenic,MLH1,1,False
873412,2634.0,single nucleotide variant,no assertion criteria provided,1,Benign,BRCA2,0,False
918190,351.0,single nucleotide variant,"criteria provided, multiple submitters, no conflicts",2,Pathogenic,BRCA2,1,False
918487,455.0,single nucleotide variant,"criteria provided, multiple submitters, no conflicts",7,Pathogenic,BRCA2,1,False
919126,929.0,single nucleotide variant,"criteria provided, single submitter",1,Pathogenic,BRCA2,1,False
919467,754.0,single nucleotide variant,"criteria provided, multiple submitters, no conflicts",2,Pathogenic,BRCA1,1,False
919813,1586.0,single nucleotide variant,"criteria provided, multiple submitters, no conflicts",3,Pathogenic,BRCA1,1,False
920078,2887.0,single nucleotide variant,"criteria provided, multiple submitters, no conflicts",2,Pathogenic,BRCA2,1,True
921289,1217.0,Duplication,"criteria provided, multiple submitters, no conflicts",4,Pathogenic,BRCA2,1,False
921859,60.0,single nucleotide variant,"criteria provided, multiple submitters, no conflicts",4,Pathogenic,MLH1,1,True
922893,331.0,single nucleotide variant,"criteria provided, multiple submitters, no conflicts",8,Pathogenic,TP53,1,False
923283,1234.0,single nucleotide variant,"criteria provided, multiple submitters, no conflicts",2,Pathogenic,MSH6,1,True
923489,1069.0,single nucleotide variant,"criteria provided, multiple submitters, no conflicts",5,Pathogenic,BRCA1,1,False
924203,858.0,single nucleotide variant,"criteria provided, multiple submitters, no conflicts",2,Pathogenic,MSH2,1,False
924662,1749.0,single nucleotide variant,"criteria provided, single submitter",1,Pathogenic,BRCA2,1,False
924702,1513.0,single nucleotide variant,"criteria provided, multiple submitters, no conflicts",3,Pathogenic,BRCA1,1,False
924799,450.0,single nucleotide variant,"criteria provided, single submitter",1,Pathogenic,BRCA1,1,False
924855,364.0,single nucleotide variant,"criteria provided, multiple submitters, no conflicts",5,Pathogenic,MSH2,1,True
925974,347.0,single nucleotide variant,"criteria provided, multiple submitters, no conflicts",4,Pathogenic,BRCA2,1,False
925991,614.0,single nucleotide variant,"criteria provided, multiple submitters, no conflicts",4,Pathogenic,MSH2,1,True
926508,796.0,single nucleotide variant,"criteria provided, multiple submitters, no conflicts",2,Pathogenic,APC,1,False
927737,344.0,single nucleotide variant,"criteria provided, multiple submitters, no conflicts",3,Pathogenic,APC,1,False
928154,2909.0,single nucleotide variant,"criteria provided, multiple submitters, no conflicts",4,Pathogenic,BRCA2,1,True
928634,1110.0,single nucleotide variant,"criteria provided, multiple submitters, no conflicts",3,Pathogenic,APC,1,True
928697,159.0,single nucleotide variant,"criteria provided, multiple submitters, no conflicts",3,Pathogenic,APC,1,False
928800,537.0,single nucleotide variant,"criteria provided, multiple submitters, no conflicts",3,Pathogenic,MSH2,1,True
928833,1760.0,single nucleotide variant,"criteria provided, single submitter",2,Pathogenic,BRCA2,1,False
935480,164.0,single nucleotide variant,"criteria provided, multiple submitters, no conflicts",2,Pathogenic,TP53,1,True
935901,1536.0,single nucleotide variant,"criteria provided, multiple submitters, no conflicts",3,Pathogenic,BRCA1,1,False
936561,71.0,single nucleotide variant,reviewed by expert panel,7,Pathogenic,PTEN,1,True
936627,343.0,single nucleotide variant,"criteria provided, multiple submitters, no conflicts",2,Pathogenic,MLH1,1,False
937768,599.0,single nucleotide variant,"criteria provided, single submitter",1,Pathogenic,APC,1,False
938906,799.0,single nucleotide variant,"criteria provided, single submitter",1,Pathogenic,APC,1,False
940829,681.0,single nucleotide variant,"criteria provided, multiple submitters, no conflicts",4,Pathogenic,PMS2,1,True
940857,665.0,single nucleotide variant,"criteria provided, multiple submitters, no conflicts",3,Pathogenic,APC,1,False
941080,2926.0,single nucleotide variant,"criteria provided, multiple submitters, no conflicts",2,Pathogenic,BRCA2,1,True
942080,737.0,single nucleotide variant,"criteria provided, multiple submitters, no conflicts",2,Pathogenic,APC,1,False
942566,1207.0,Duplication,"criteria provided, multiple submitters, no conflicts",2,Pathogenic,APC,1,True
944311,315.0,Deletion,"criteria provided, multiple submitters, no conflicts",2,Pathogenic,MSH2,1,True
945325,2047.0,single nucleotide variant,"criteria provided, single submitter",1,Pathogenic,BRCA2,1,False
946474,1284.0,single nucleotide variant,"criteria provided, single submitter",1,Pathogenic,APC,1,True
948528,2115.0,single nucleotide variant,"criteria provided, multiple submitters, no conflicts",2,Pathogenic,APC,1,False
950286,1489.0,single nucleotide variant,"criteria provided, multiple submitters, no conflicts",2,Pathogenic,APC,1,False
951070,945.0,single nucleotide variant,"criteria provided, single submitter",1,Pathogenic,BRCA2,1,False
951337,456.0,single nucleotide variant,"criteria provided, multiple submitters, no conflicts",3,Pathogenic,BRCA2,1,False
952619,939.0,single nucleotide variant,"criteria provided, single submitter",1,Pathogenic,APC,1,False
952909,556.0,single nucleotide variant,"criteria provided, multiple submitters, no conflicts",3,Pathogenic,MSH2,1,True
952911,1281.0,single nucleotide variant,"criteria provided, single submitter",1,Pathogenic,APC,1,True
952937,1939.0,single nucleotide variant,"criteria provided, single submitter",1,Pathogenic,BRCA2,1,False
954276,1399.0,single nucleotide variant,"criteria provided, multiple submitters, no conflicts",3,Pathogenic,BRCA2,1,False
954591,266.0,single nucleotide variant,"criteria provided, multiple submitters, no conflicts",3,Pathogenic,TP53,1,True
954636,375.0,single nucleotide variant,"criteria provided, multiple submitters, no conflicts",3,Pathogenic,PMS2,1,True
955754,1007.0,single nucleotide variant,"criteria provided, multiple submitters, no conflicts",2,Pathogenic,BRCA1,1,False
957082,1.0,single nucleotide variant,"criteria provided, multiple submitters, no conflicts",2,Pathogenic,PMS2,1,False
957674,598.0,single nucleotide variant,"criteria provided, multiple submitters, no conflicts",2,Pathogenic,PMS2,1,True
958617,1315.0,single nucleotide variant,"criteria provided, multiple submitters, no conflicts",4,Pathogenic,APC,1,True
960049,22.0,single nucleotide variant,"criteria provided, multiple submitters, no conflicts",3,Pathogenic,PMS2,1,True
960171,368.0,single nucleotide variant,"criteria provided, multiple submitters, no conflicts",2,Pathogenic,MSH2,1,True
960608,631.0,single nucleotide variant,"criteria provided, single submitter",1,Benign,MSH2,0,True
960787,1811.0,single nucleotide variant,"criteria provided, multiple submitters, no conflicts",2,Pathogenic,APC,1,False
960996,1567.0,single nucleotide variant,"criteria provided, multiple submitters, no conflicts",3,Pathogenic,APC,1,False
962084,355.0,single nucleotide variant,"criteria provided, single submitter",1,Pathogenic,PMS2,1,True
962212,1289.0,Duplication,"criteria provided, single submitter",2,Pathogenic,MSH6,1,True
962539,795.0,single nucleotide variant,"criteria provided, single submitter",1,Pathogenic,BRCA2,1,False
963052,110.0,single nucleotide variant,"criteria provided, single submitter",1,Pathogenic,BRCA1,1,False
964048,1773.0,single nucleotide variant,"criteria provided, multiple submitters, no conflicts",3,Pathogenic,BRCA2,1,False
965742,191.0,single nucleotide variant,"criteria provided, multiple submitters, no conflicts",2,Pathogenic,PMS2,1,True
966654,2407.0,Inversion,"criteria provided, single submitter",1,Pathogenic,BRCA2,1,False
968084,737.0,single nucleotide variant,"criteria provided, multiple submitters, no conflicts",4,Pathogenic,APC,1,False
968431,1262.0,single nucleotide variant,"criteria provided, single submitter",2,Pathogenic,APC,1,True
969677,565.0,single nucleotide variant,"criteria provided, multiple submitters, no conflicts",2,Pathogenic,APC,1,False
970282,19.0,single nucleotide variant,"criteria provided, single submitter",1,Pathogenic,APC,1,False
971124,1071.0,single nucleotide variant,"criteria provided, multiple submitters, no conflicts",3,Pathogenic,BRCA1,1,False
973386,268.0,single nucleotide variant,"criteria provided, multiple submitters, no conflicts",4,Pathogenic,MSH2,1,True
973390,856.0,single nucleotide variant,no assertion criteria provided,1,Pathogenic,MSH2,1,False
973397,361.0,single nucleotide variant,no assertion criteria provided,1,Pathogenic,MLH1,1,False
973401,43.0,single nucleotide variant,"criteria provided, single submitter",2,Pathogenic,MLH1,1,True
973402,113.0,single nucleotide variant,"criteria provided, single submitter",2,Pathogenic,MSH2,1,False
973403,1047.0,single nucleotide variant,"criteria provided, multiple submitters, no conflicts",4,Pathogenic,MSH6,1,True
973408,877.0,single nucleotide variant,no assertion criteria provided,1,Pathogenic,MSH6,1,True
973421,531.0,Duplication,no assertion criteria provided,1,Pathogenic,MSH2,1,True
973422,491.0,single nucleotide variant,"criteria provided, multiple submitters, no conflicts",3,Pathogenic,MSH2,1,True
973430,527.0,single nucleotide variant,no assertion criteria provided,1,Pathogenic,MSH2,1,True
976253,574.0,single nucleotide variant,"criteria provided, multiple submitters, no conflicts",2,Pathogenic,APC,1,False
977783,204.0,single nucleotide variant,"criteria provided, multiple submitters, no conflicts",4,Pathogenic,TP53,1,True
981950,977.0,Duplication,"criteria provided, multiple submitters, no conflicts",3,Pathogenic,MSH6,1,True
984967,144.0,Deletion,"criteria provided, single submitter",1,Pathogenic,TP53,1,True
986908,31.0,Insertion,"criteria provided, single submitter",1,Pathogenic,BRCA2,1,False
986947,990.0,single nucleotide variant,"criteria provided, multiple submitters, no conflicts",2,Pathogenic,MSH6,1,True
986981,1013.0,single nucleotide variant,"criteria provided, multiple submitters, no conflicts",3,Pathogenic,BRCA1,1,False
988281,633.0,single nucleotide variant,"criteria provided, single submitter",2,Pathogenic,APC,1,False
988292,334.0,single nucleotide variant,"criteria provided, single submitter",1,Pathogenic,APC,1,False
988397,260.0,single nucleotide variant,"criteria provided, single submitter",1,Pathogenic,BRCA2,1,False
988399,669.0,single nucleotide variant,"criteria provided, multiple submitters, no conflicts",2,Pathogenic,APC,1,False
988489,791.0,single nucleotide variant,"criteria provided, multiple submitters, no conflicts",5,Pathogenic,BRCA2,1,False
988493,1120.0,single nucleotide variant,"criteria provided, single submitter",1,Pathogenic,APC,1,True
988522,852.0,single nucleotide variant,"criteria provided, multiple submitters, no conflicts",3,Pathogenic,APC,1,False
988557,826.0,single nucleotide variant,"criteria provided, multiple submitters, no conflicts",4,Pathogenic,BRCA2,1,False
988616,280.0,single nucleotide variant,reviewed by expert panel,7,Pathogenic,TP53,1,True
993152,1075.0,Duplication,"criteria provided, multiple submitters, no conflicts",2,Pathogenic,APC,1,True
993171,563.0,single nucleotide variant,"criteria provided, multiple submitters, no conflicts",3,Pathogenic,BRCA2,1,False
993238,1474.0,Duplication,"criteria provided, single submitter",1,Pathogenic,APC,1,False
998123,2303.0,single nucleotide variant,no assertion criteria provided,1,Pathogenic,APC,1,False
1012159,1856.0,Inversion,no assertion criteria provided,1,Pathogenic,BRCA2,1,False
1012165,231.0,Indel,no assertion criteria provided,1,Pathogenic,BRCA2,1,False
1012192,582.0,single nucleotide variant,"criteria provided, single submitter",1,Pathogenic,APC,1,False
1012210,275.0,single nucleotide variant,"criteria provided, single submitter",1,Pathogenic,TP53,1,True
1014805,267.0,single nucleotide variant,"criteria provided, multiple submitters, no conflicts",2,Pathogenic,PTEN,1,False
1048862,166.0,single nucleotide variant,"criteria provided, multiple submitters, no conflicts",3,Pathogenic,MLH1,1,True
1049369,619.0,single nucleotide variant,no assertion criteria provided,1,Pathogenic,MSH6,1,True
1049514,943.0,single nucleotide variant,no assertion criteria provided,1,Pathogenic,BRCA1,1,False
1049776,535.0,single nucleotide variant,no assertion criteria provided,1,Pathogenic,BRCA1,1,False
1050371,237.0,single nucleotide variant,"criteria provided, single submitter",2,Pathogenic,BRCA1,1,False
1050481,2112.0,single nucleotide variant,"criteria provided, single submitter",2,Pathogenic,BRCA2,1,False
1050551,1536.0,single nucleotide variant,"criteria provided, single submitter",2,Pathogenic,APC,1,False
1050615,77.0,single nucleotide variant,"criteria provided, single submitter",2,Pathogenic,APC,1,False
1050660,1387.0,single nucleotide variant,"criteria provided, single submitter",2,Pathogenic,APC,1,False
1050723,334.0,Duplication,"criteria provided, multiple submitters, no conflicts",3,Pathogenic,MSH2,1,True
1050732,1028.0,single nucleotide variant,"criteria provided, multiple submitters, no conflicts",3,Pathogenic,MSH6,1,True
1050735,2576.0,single nucleotide variant,no assertion criteria provided,1,Pathogenic,BRCA2,1,False
1067089,126.0,single nucleotide variant,"criteria provided, multiple submitters, no conflicts",2,Pathogenic,PTEN,1,True
1067224,175.0,single nucleotide variant,"criteria provided, multiple submitters, no conflicts",3,Pathogenic,PTEN,1,True
1067910,158.0,single nucleotide variant,"criteria provided, single submitter",2,Pathogenic,TP53,1,True
1068214,25.0,single nucleotide variant,"criteria provided, multiple submitters, no conflicts",2,Pathogenic,PTEN,1,True
1068580,44.0,single nucleotide variant,"criteria provided, single submitter",1,Pathogenic,PMS2,1,True
1068638,225.0,single nucleotide variant,"criteria provided, single submitter",1,Pathogenic,PMS2,1,True
1068700,721.0,single nucleotide variant,"criteria provided, multiple submitters, no conflicts",2,Pathogenic,MSH6,1,True
1068755,727.0,single nucleotide variant,"criteria provided, multiple submitters, no conflicts",2,Pathogenic,PMS2,1,True
1068843,588.0,Insertion,"criteria provided, single submitter",1,Pathogenic,BRCA2,1,False
1068948,136.0,single nucleotide variant,"criteria provided, multiple submitters, no conflicts",2,Pathogenic,MLH1,1,True
1069017,53.0,Insertion,"criteria provided, multiple submitters, no conflicts",2,Pathogenic,BRCA2,1,False
1069305,234.0,single nucleotide variant,"criteria provided, multiple submitters, no conflicts",3,Pathogenic,TP53,1,True
1069316,494.0,single nucleotide variant,"criteria provided, single submitter",1,Pathogenic,MLH1,1,False
1069617,156.0,single nucleotide variant,"criteria provided, multiple submitters, no conflicts",2,Pathogenic,MSH6,1,False
1069631,845.0,Indel,"criteria provided, single submitter",1,Pathogenic,MSH2,1,True
1069751,680.0,Indel,"criteria provided, single submitter",1,Pathogenic,MLH1,1,False
1069813,803.0,single nucleotide variant,"criteria provided, single submitter",1,Pathogenic,BRCA2,1,False
1069915,62.0,single nucleotide variant,"criteria provided, multiple submitters, no conflicts",2,Pathogenic,PTEN,1,True
1070093,2953.0,single nucleotide variant,"criteria provided, multiple submitters, no conflicts",2,Pathogenic,BRCA2,1,True
1070306,1242.0,single nucleotide variant,"criteria provided, multiple submitters, no conflicts",3,Pathogenic,APC,1,True
1070307,1249.0,Indel,"criteria provided, single submitter",1,Pathogenic,APC,1,True
1070329,2813.0,single nucleotide variant,"criteria provided, multiple submitters, no conflicts",2,Pathogenic,BRCA2,1,True
1070335,1158.0,single nucleotide variant,"criteria provided, multiple submitters, no conflicts",2,Pathogenic,BRCA2,1,False
1070561,1447.0,single nucleotide variant,"criteria provided, multiple submitters, no conflicts",2,Pathogenic,APC,1,False
1070574,55.0,Duplication,"criteria provided, single submitter",1,Pathogenic,PTEN,1,True
1070756,470.0,single nucleotide variant,"criteria provided, multiple submitters, no conflicts",3,Pathogenic,MLH1,1,False
1070886,496.0,single nucleotide variant,"criteria provided, multiple submitters, no conflicts",2,Pathogenic,MSH2,1,True
1070907,1735.0,Duplication,"criteria provided, multiple submitters, no conflicts",2,Pathogenic,BRCA1,1,True
1071211,622.0,Duplication,"criteria provided, multiple submitters, no conflicts",2,Pathogenic,APC,1,False
1071282,1127.0,single nucleotide variant,"criteria provided, multiple submitters, no conflicts",2,Pathogenic,BRCA1,1,False
1071296,2944.0,Insertion,"criteria provided, single submitter",1,Pathogenic,BRCA2,1,True
1071298,1237.0,single nucleotide variant,"criteria provided, multiple submitters, no conflicts",2,Pathogenic,APC,1,True
1071468,316.0,Duplication,"criteria provided, single submitter",1,Pathogenic,MSH6,1,False
1071475,2095.0,single nucleotide variant,"criteria provided, multiple submitters, no conflicts",2,Pathogenic,BRCA2,1,False
1071632,853.0,single nucleotide variant,"criteria provided, single submitter",1,Pathogenic,APC,1,False
1071651,2839.0,single nucleotide variant,"criteria provided, single submitter",1,Pathogenic,BRCA2,1,True
1071769,1875.0,Duplication,"criteria provided, multiple submitters, no conflicts",2,Pathogenic,BRCA2,1,False
1071771,617.0,Indel,"criteria provided, multiple submitters, no conflicts",2,Pathogenic,BRCA2,1,False
1071926,1530.0,Duplication,"criteria provided, single submitter",1,Pathogenic,BRCA1,1,False
1072007,20.0,Insertion,"criteria provided, single submitter",1,Pathogenic,BRCA2,1,False
1072034,1440.0,single nucleotide variant,"criteria provided, single submitter",1,Pathogenic,BRCA2,1,False
1072131,1233.0,Duplication,"criteria provided, single submitter",1,Pathogenic,MSH6,1,True
1072268,1084.0,Duplication,"criteria provided, single submitter",1,Pathogenic,APC,1,True
1072329,88.0,single nucleotide variant,"criteria provided, single submitter",1,Pathogenic,MSH6,1,False
1072364,242.0,single nucleotide variant,"criteria provided, single submitter",2,Pathogenic,BRCA2,1,False
1072558,1670.0,Insertion,"criteria provided, single submitter",1,Pathogenic,BRCA2,1,False
1072565,2340.0,single nucleotide variant,"criteria provided, single submitter",1,Pathogenic,BRCA2,1,False
1072657,937.0,single nucleotide variant,"criteria provided, multiple submitters, no conflicts",3,Pathogenic,BRCA2,1,False
1072880,836.0,single nucleotide variant,"criteria provided, multiple submitters, no conflicts",3,Pathogenic,APC,1,False
1072881,1676.0,Insertion,"criteria provided, single submitter",1,Pathogenic,BRCA1,1,True
1072945,1320.0,Duplication,"criteria provided, multiple submitters, no conflicts",3,Pathogenic,MSH6,1,True
1073101,1842.0,single nucleotide variant,"criteria provided, single submitter",1,Pathogenic,APC,1,False
1073252,2307.0,single nucleotide variant,"criteria provided, single submitter",1,Pathogenic,BRCA2,1,False
1073269,504.0,Deletion,"criteria provided, multiple submitters, no conflicts",3,Pathogenic,MSH2,1,True
1073381,107.0,single nucleotide variant,"criteria provided, multiple submitters, no conflicts",4,Pathogenic,TP53,1,False
1073413,181.0,single nucleotide variant,"criteria provided, multiple submitters, no conflicts",2,Pathogenic,PMS2,1,True
1073537,57.0,Insertion,"criteria provided, single submitter",1,Pathogenic,MLH1,1,True
1073690,1269.0,single nucleotide variant,"criteria provided, multiple submitters, no conflicts",2,Pathogenic,MSH6,1,True
1073722,1353.0,single nucleotide variant,"criteria provided, single submitter",1,Pathogenic,BRCA2,1,False
1073762,1528.0,Insertion,"criteria provided, single submitter",1,Pathogenic,APC,1,False
1073939,1983.0,single nucleotide variant,"criteria provided, multiple submitters, no conflicts",2,Pathogenic,BRCA2,1,False
1074001,956.0,single nucleotide variant,"criteria provided, multiple submitters, no conflicts",3,Pathogenic,APC,1,False
1074002,1035.0,single nucleotide variant,"criteria provided, multiple submitters, no conflicts",4,Pathogenic,APC,1,True
1074058,1739.0,single nucleotide variant,"criteria provided, multiple submitters, no conflicts",2,Pathogenic,BRCA2,1,False
1074078,102.0,single nucleotide variant,"criteria provided, single submitter",1,Pathogenic,PTEN,1,True
1074176,519.0,single nucleotide variant,"criteria provided, multiple submitters, no conflicts",4,Pathogenic,PMS2,1,True
1074179,3156.0,Insertion,"criteria provided, single submitter",1,Pathogenic,BRCA2,1,False
1074217,603.0,single nucleotide variant,"criteria provided, single submitter",1,Pathogenic,MSH6,1,True
1074221,50.0,single nucleotide variant,"criteria provided, multiple submitters, no conflicts",2,Pathogenic,APC,1,False
1074309,804.0,single nucleotide variant,"criteria provided, single submitter",1,Pathogenic,BRCA2,1,False
1074393,410.0,single nucleotide variant,"criteria provided, multiple submitters, no conflicts",2,Pathogenic,BRCA2,1,False
1074518,1085.0,Duplication,"criteria provided, multiple submitters, no conflicts",2,Pathogenic,APC,1,True
1074645,386.0,single nucleotide variant,"criteria provided, multiple submitters, no conflicts",3,Pathogenic,BRCA2,1,False
1074684,337.0,single nucleotide variant,"criteria provided, single submitter",1,Pathogenic,BRCA1,1,False
1074823,136.0,Duplication,"criteria provided, single submitter",1,Pathogenic,BRCA2,1,False
1074878,610.0,single nucleotide variant,"criteria provided, multiple submitters, no conflicts",3,Pathogenic,MLH1,1,False
1075017,475.0,Duplication,"criteria provided, single submitter",1,Pathogenic,MSH2,1,True
1075079,1367.0,Insertion,"criteria provided, single submitter",1,Pathogenic,BRCA2,1,False
1075095,815.0,single nucleotide variant,"criteria provided, multiple submitters, no conflicts",4,Pathogenic,MSH2,1,True
1075386,3115.0,Insertion,"criteria provided, single submitter",1,Pathogenic,BRCA2,1,False
1075442,1967.0,single nucleotide variant,"criteria provided, multiple submitters, no conflicts",2,Pathogenic,BRCA2,1,False
1075679,180.0,Duplication,"criteria provided, single submitter",1,Pathogenic,PTEN,1,True
1075711,320.0,single nucleotide variant,"criteria provided, multiple submitters, no conflicts",2,Pathogenic,TP53,1,False
1075816,1513.0,single nucleotide variant,"criteria provided, single submitter",1,Pathogenic,APC,1,False
1075832,148.0,single nucleotide variant,"criteria provided, multiple submitters, no conflicts",2,Pathogenic,BRCA2,1,False
1075939,84.0,single nucleotide variant,"criteria provided, multiple submitters, no conflicts",3,Pathogenic,PTEN,1,True
1076102,340.0,single nucleotide variant,"criteria provided, single submitter",1,Pathogenic,BRCA2,1,False
1076263,1303.0,single nucleotide variant,"criteria provided, multiple submitters, no conflicts",2,Pathogenic,APC,1,True
1076314,725.0,single nucleotide variant,"criteria provided, multiple submitters, no conflicts",2,Pathogenic,BRCA2,1,False
1076375,111.0,single nucleotide variant,"criteria provided, multiple submitters, no conflicts",4,Pathogenic,MSH6,1,False
1076402,834.0,single nucleotide variant,"criteria provided, multiple submitters, no conflicts",2,Pathogenic,BRCA1,1,False
1076535,71.0,Insertion,"criteria provided, single submitter",1,Pathogenic,BRCA2,1,False
1168433,658.0,single nucleotide variant,"criteria provided, single submitter",1,Benign,BRCA1,0,False
1171638,825.0,Indel,"criteria provided, single submitter",1,Pathogenic,BRCA1,1,False
1172098,400.0,single nucleotide variant,"criteria provided, multiple submitters, no conflicts",4,Pathogenic,MSH6,1,False
1174012,271.0,single nucleotide variant,"criteria provided, multiple submitters, no conflicts",4,Pathogenic,TP53,1,True
1174765,470.0,single nucleotide variant,no assertion criteria provided,3,Pathogenic,MSH6,1,True
1176394,106.0,single nucleotide variant,"criteria provided, multiple submitters, no conflicts",3,Pathogenic,MSH6,1,False
1176553,173.0,single nucleotide variant,"criteria provided, multiple submitters, no conflicts",2,Pathogenic,PTEN,1,True
1187525,828.0,single nucleotide variant,"criteria provided, single submitter",1,Pathogenic,BRCA2,1,False
1192196,1194.0,single nucleotide variant,"criteria provided, multiple submitters, no conflicts",4,Pathogenic,APC,1,True
1195176,127.0,single nucleotide variant,"criteria provided, multiple submitters, no conflicts",2,Pathogenic,PTEN,1,True
1195871,68.0,single nucleotide variant,"criteria provided, multiple submitters, no conflicts",3,Pathogenic,PTEN,1,True
1195872,503.0,single nucleotide variant,"criteria provided, single submitter",2,Pathogenic,BRCA2,1,False
1198486,171.0,single nucleotide variant,"criteria provided, single submitter",1,Pathogenic,PTEN,1,True
1203214,626.0,single nucleotide variant,"criteria provided, multiple submitters, no conflicts",5,Pathogenic,MSH2,1,True
1223119,16.0,Duplication,"criteria provided, multiple submitters, no conflicts",2,Pathogenic,BRCA2,1,False
1237153,1915.0,single nucleotide variant,"criteria provided, multiple submitters, no conflicts",2,Benign,APC,0,False
1255698,1.0,single nucleotide variant,"criteria provided, single submitter",2,Pathogenic,MLH1,1,False
1255798,457.0,single nucleotide variant,"criteria provided, multiple submitters, no conflicts",3,Pathogenic,BRCA1,1,False
1255800,670.0,single nucleotide variant,"criteria provided, single submitter",1,Pathogenic,BRCA1,1,False
1285049,1567.0,single nucleotide variant,no assertion criteria provided,2,Pathogenic,BRCA1,1,False
1319579,1120.0,single nucleotide variant,"criteria provided, multiple submitters, no conflicts",2,Pathogenic,BRCA2,1,False
1320461,201.0,single nucleotide variant,"criteria provided, single submitter",1,Pathogenic,PTEN,1,False
1323297,1328.0,single nucleotide variant,"criteria provided, multiple submitters, no conflicts",4,Pathogenic,MSH6,1,True
1324740,177.0,single nucleotide variant,"criteria provided, multiple submitters, no conflicts",2,Pathogenic,MSH6,1,False
1325642,3035.0,single nucleotide variant,"criteria provided, multiple submitters, no conflicts",2,Pathogenic,BRCA2,1,True
1328327,664.0,single nucleotide variant,"criteria provided, single submitter",3,Pathogenic,MSH6,1,True
1329486,53.0,single nucleotide variant,"criteria provided, single submitter",1,Pathogenic,MLH1,1,True
1330021,592.0,single nucleotide variant,"criteria provided, multiple submitters, no conflicts",4,Pathogenic,APC,1,False
1330044,1046.0,single nucleotide variant,"criteria provided, multiple submitters, no conflicts",3,Pathogenic,BRCA1,1,False
1330146,117.0,single nucleotide variant,"criteria provided, multiple submitters, no conflicts",5,Pathogenic,MSH2,1,False
1330521,1273.0,single nucleotide variant,"criteria provided, multiple submitters, no conflicts",2,Pathogenic,APC,1,True
1331744,2936.0,single nucleotide variant,"criteria provided, single submitter",1,Pathogenic,BRCA2,1,True
1338262,125.0,single nucleotide variant,reviewed by expert panel,6,Pathogenic,PTEN,1,True
1339947,60.0,single nucleotide variant,"criteria provided, single submitter",2,Pathogenic,PTEN,1,True
1341499,536.0,Duplication,no assertion criteria provided,1,Pathogenic,APC,1,False
1343300,1249.0,single nucleotide variant,"criteria provided, multiple submitters, no conflicts",3,Pathogenic,APC,1,True
1351815,661.0,single nucleotide variant,"criteria provided, multiple submitters, no conflicts",3,Pathogenic,MSH2,1,True
1354770,246.0,single nucleotide variant,"criteria provided, single submitter",1,Pathogenic,MSH6,1,False
1355519,2307.0,single nucleotide variant,"criteria provided, single submitter",1,Pathogenic,APC,1,False
1355732,1882.0,single nucleotide variant,"criteria provided, single submitter",1,Pathogenic,APC,1,False
1356456,318.0,single nucleotide variant,"criteria provided, single submitter",1,Pathogenic,PMS2,1,True
1358070,576.0,single nucleotide variant,"criteria provided, multiple submitters, no conflicts",2,Pathogenic,MLH1,1,False
1360942,369.0,single nucleotide variant,"criteria provided, multiple submitters, no conflicts",2,Pathogenic,APC,1,False
1361331,327.0,single nucleotide variant,"criteria provided, multiple submitters, no conflicts",2,Pathogenic,TP53,1,False
1362532,2099.0,Insertion,"criteria provided, single submitter",1,Pathogenic,BRCA2,1,False
1368701,1325.0,Duplication,"criteria provided, multiple submitters, no conflicts",2,Pathogenic,MSH6,1,True
1368790,198.0,single nucleotide variant,"criteria provided, multiple submitters, no conflicts",3,Pathogenic,MLH1,1,True
1369392,678.0,single nucleotide variant,"criteria provided, single submitter",1,Pathogenic,MSH6,1,True
1370345,2418.0,single nucleotide variant,"criteria provided, multiple submitters, no conflicts",2,Pathogenic,BRCA2,1,False
1370355,1560.0,single nucleotide variant,"criteria provided, single submitter",1,Pathogenic,APC,1,False
1371346,535.0,single nucleotide variant,"criteria provided, multiple submitters, no conflicts",2,Pathogenic,MSH6,1,True
1375936,1324.0,Duplication,"criteria provided, single submitter",1,Pathogenic,MSH6,1,True
1377151,21.0,single nucleotide variant,"criteria provided, single submitter",1,Pathogenic,APC,1,False
1379224,48.0,single nucleotide variant,"criteria provided, multiple submitters, no conflicts",3,Pathogenic,PTEN,1,True
1380428,1111.0,Insertion,"criteria provided, single submitter",1,Pathogenic,MSH6,1,True
1380840,761.0,single nucleotide variant,"criteria provided, multiple submitters, no conflicts",2,Pathogenic,BRCA2,1,False
1382846,1488.0,single nucleotide variant,"criteria provided, multiple submitters, no conflicts",3,Pathogenic,APC,1,False
1383189,1289.0,Duplication,"criteria provided, single submitter",1,Pathogenic,MSH6,1,True
1385183,259.0,Insertion,"criteria provided, single submitter",1,Pathogenic,MLH1,1,True
1387554,601.0,single nucleotide variant,"criteria provided, single submitter",1,Pathogenic,APC,1,False
1388819,155.0,single nucleotide variant,"criteria provided, multiple submitters, no conflicts",3,Pathogenic,PTEN,1,True
1390510,1677.0,single nucleotide variant,"criteria provided, multiple submitters, no conflicts",2,Pathogenic,APC,1,False
1391642,538.0,single nucleotide variant,"criteria provided, multiple submitters, no conflicts",2,Pathogenic,MSH6,1,True
1399282,1407.0,single nucleotide variant,"criteria provided, single submitter",1,Pathogenic,BRCA2,1,False
1399584,319.0,Duplication,"criteria provided, single submitter",1,Pathogenic,BRCA1,1,False
1401969,1149.0,single nucleotide variant,"criteria provided, single submitter",1,Pathogenic,APC,1,True
1404083,2704.0,Insertion,"criteria provided, single submitter",1,Pathogenic,BRCA2,1,False
1404299,640.0,single nucleotide variant,"criteria provided, multiple submitters, no conflicts",2,Pathogenic,MSH6,1,True
1405926,1564.0,single nucleotide variant,"criteria provided, multiple submitters, no conflicts",2,Pathogenic,APC,1,False
1406959,5.0,Duplication,"criteria provided, single submitter",1,Pathogenic,PMS2,1,False
1407600,54.0,Duplication,"criteria provided, single submitter",1,Pathogenic,PTEN,1,True
1408324,1297.0,Duplication,"criteria provided, single submitter",1,Pathogenic,MSH6,1,True
1410828,1581.0,Duplication,"criteria provided, multiple submitters, no conflicts",2,Pathogenic,BRCA1,1,False
1412554,577.0,single nucleotide variant,"criteria provided, multiple submitters, no conflicts",3,Pathogenic,MLH1,1,False
1414145,108.0,single nucleotide variant,"criteria provided, single submitter",1,Pathogenic,APC,1,False
1415594,3013.0,Insertion,"criteria provided, single submitter",1,Pathogenic,BRCA2,1,True
1417319,700.0,single nucleotide variant,"criteria provided, single submitter",1,Pathogenic,BRCA2,1,False
1418453,3163.0,single nucleotide variant,"criteria provided, single submitter",1,Pathogenic,BRCA2,1,False
1418569,2572.0,single nucleotide variant,"criteria provided, single submitter",1,Pathogenic,APC,1,False
1418898,919.0,single nucleotide variant,"criteria provided, multiple submitters, no conflicts",3,Pathogenic,BRCA2,1,False
1419281,480.0,single nucleotide variant,"criteria provided, single submitter",1,Pathogenic,MSH2,1,True
1420664,561.0,Duplication,"criteria provided, multiple submitters, no conflicts",3,Pathogenic,MSH2,1,True
1421391,146.0,Insertion,"criteria provided, single submitter",1,Pathogenic,PTEN,1,True
1421837,163.0,single nucleotide variant,"criteria provided, multiple submitters, no conflicts",2,Pathogenic,TP53,1,True
1421867,1213.0,single nucleotide variant,"criteria provided, single submitter",1,Pathogenic,APC,1,True
1422662,15.0,single nucleotide variant,"criteria provided, multiple submitters, no conflicts",5,Pathogenic,PTEN,1,False
1429521,1.0,single nucleotide variant,"criteria provided, multiple submitters, no conflicts",3,Pathogenic,PMS2,1,False
1429568,781.0,single nucleotide variant,"criteria provided, multiple submitters, no conflicts",4,Pathogenic,PMS2,1,True
1430186,1089.0,single nucleotide variant,"criteria provided, multiple submitters, no conflicts",2,Pathogenic,MSH6,1,True
1434371,513.0,single nucleotide variant,"criteria provided, multiple submitters, no conflicts",2,Pathogenic,BRCA2,1,False
1434789,934.0,Duplication,"criteria provided, multiple submitters, no conflicts",3,Pathogenic,MSH6,1,True
1434918,745.0,single nucleotide variant,"criteria provided, single submitter",1,Pathogenic,BRCA1,1,False
1436971,69.0,single nucleotide variant,"criteria provided, single submitter",1,Pathogenic,APC,1,False
1443089,2934.0,Duplication,"criteria provided, single submitter",1,Pathogenic,BRCA2,1,True
1443510,757.0,single nucleotide variant,"criteria provided, multiple submitters, no conflicts",2,Pathogenic,MSH2,1,True
1449226,1310.0,single nucleotide variant,"criteria provided, multiple submitters, no conflicts",3,Pathogenic,APC,1,True
1451259,658.0,single nucleotide variant,"criteria provided, multiple submitters, no conflicts",2,Pathogenic,PMS2,1,True
1451288,1530.0,single nucleotide variant,"criteria provided, multiple submitters, no conflicts",3,Pathogenic,BRCA1,1,False
1451303,581.0,Insertion,"criteria provided, single submitter",1,Pathogenic,BRCA1,1,False
1451308,498.0,single nucleotide variant,"criteria provided, single submitter",1,Pathogenic,APC,1,False
1451343,1537.0,single nucleotide variant,"criteria provided, multiple submitters, no conflicts",2,Pathogenic,BRCA2,1,False
1451499,793.0,single nucleotide variant,"criteria provided, multiple submitters, no conflicts",5,Pathogenic,APC,1,False
1451626,221.0,Duplication,"criteria provided, single submitter",1,Pathogenic,PTEN,1,False
1451731,158.0,single nucleotide variant,"criteria provided, single submitter",1,Pathogenic,APC,1,False
1451757,3206.0,single nucleotide variant,"criteria provided, multiple submitters, no conflicts",2,Pathogenic,BRCA2,1,False
1452092,1294.0,single nucleotide variant,"criteria provided, single submitter",1,Pathogenic,MSH6,1,True
1452163,612.0,Insertion,"criteria provided, single submitter",1,Pathogenic,BRCA1,1,False
1452297,16.0,Insertion,"criteria provided, single submitter",1,Pathogenic,BRCA2,1,False
1452409,951.0,single nucleotide variant,"criteria provided, multiple submitters, no conflicts",2,Pathogenic,APC,1,False
1452414,1376.0,single nucleotide variant,"criteria provided, multiple submitters, no conflicts",2,Pathogenic,BRCA2,1,False
1452453,1011.0,single nucleotide variant,"criteria provided, single submitter",1,Pathogenic,BRCA1,1,False
1452574,1092.0,single nucleotide variant,"criteria provided, single submitter",1,Pathogenic,BRCA1,1,False
1452706,2789.0,Duplication,"criteria provided, single submitter",1,Pathogenic,BRCA2,1,False
1452848,649.0,Duplication,"criteria provided, single submitter",1,Pathogenic,MSH6,1,True
1453103,786.0,single nucleotide variant,"criteria provided, multiple submitters, no conflicts",3,Pathogenic,MSH2,1,True
1453241,1960.0,single nucleotide variant,"criteria provided, single submitter",1,Pathogenic,BRCA2,1,False
1453350,986.0,single nucleotide variant,"criteria provided, single submitter",1,Pathogenic,APC,1,True
1453627,126.0,single nucleotide variant,"criteria provided, multiple submitters, no conflicts",3,Pathogenic,TP53,1,True
1453654,13.0,single nucleotide variant,"criteria provided, multiple submitters, no conflicts",2,Pathogenic,MSH6,1,False
1453755,365.0,single nucleotide variant,"criteria provided, multiple submitters, no conflicts",3,Pathogenic,MSH6,1,False
1453828,425.0,Microsatellite,"criteria provided, single submitter",1,Pathogenic,PMS2,1,True
1453895,1313.0,Duplication,"criteria provided, single submitter",1,Pathogenic,BRCA2,1,False
1453946,2111.0,Duplication,"criteria provided, single submitter",1,Pathogenic,BRCA2,1,False
1453990,2159.0,Microsatellite,"criteria provided, single submitter",1,Pathogenic,BRCA2,1,False
1454124,405.0,Duplication,"criteria provided, multiple submitters, no conflicts",2,Pathogenic,MSH2,1,True
1454154,2806.0,single nucleotide variant,"criteria provided, multiple submitters, no conflicts",2,Pathogenic,BRCA2,1,True
1454200,2577.0,single nucleotide variant,"criteria provided, single submitter",1,Pathogenic,BRCA2,1,False
1454387,779.0,single nucleotide variant,"criteria provided, multiple submitters, no conflicts",3,Pathogenic,MSH6,1,True
1454461,726.0,single nucleotide variant,"criteria provided, multiple submitters, no conflicts",3,Pathogenic,APC,1,False
1454723,53.0,Insertion,"criteria provided, single submitter",1,Pathogenic,BRCA2,1,False
1454757,377.0,single nucleotide variant,"criteria provided, multiple submitters, no conflicts",2,Pathogenic,MLH1,1,False
1455213,2279.0,single nucleotide variant,"criteria provided, single submitter",1,Pathogenic,APC,1,False
1455400,52.0,single nucleotide variant,"criteria provided, multiple submitters, no conflicts",4,Pathogenic,TP53,1,False
1455653,321.0,single nucleotide variant,"criteria provided, multiple submitters, no conflicts",3,Pathogenic,MSH6,1,False
1456000,2943.0,single nucleotide variant,"criteria provided, multiple submitters, no conflicts",2,Pathogenic,BRCA2,1,True
1456012,3085.0,Indel,"criteria provided, single submitter",1,Pathogenic,BRCA2,1,False
1456153,329.0,single nucleotide variant,"criteria provided, single submitter",1,Pathogenic,PMS2,1,True
1456253,1092.0,Duplication,"criteria provided, single submitter",1,Pathogenic,MSH6,1,True
1456637,1480.0,single nucleotide variant,"criteria provided, multiple submitters, no conflicts",3,Pathogenic,APC,1,False
1456675,94.0,Microsatellite,"criteria provided, single submitter",1,Pathogenic,APC,1,False
1456697,153.0,single nucleotide variant,"criteria provided, multiple submitters, no conflicts",3,Pathogenic,APC,1,False
1456724,2384.0,single nucleotide variant,"criteria provided, single submitter",1,Pathogenic,BRCA2,1,False
1456749,36.0,single nucleotide variant,"criteria provided, multiple submitters, no conflicts",2,Pathogenic,PTEN,1,True
1457772,459.0,single nucleotide variant,"criteria provided, multiple submitters, no conflicts",2,Pathogenic,MLH1,1,False
1457868,2541.0,single nucleotide variant,"criteria provided, single submitter",1,Pathogenic,BRCA2,1,False
1457954,1.0,single nucleotide variant,"criteria provided, single submitter",1,Pathogenic,PTEN,1,False
1457967,2737.0,single nucleotide variant,"criteria provided, single submitter",1,Pathogenic,BRCA2,1,False
1457996,920.0,single nucleotide variant,"criteria provided, multiple submitters, no conflicts",3,Pathogenic,MSH6,1,True
1458138,1066.0,single nucleotide variant,"criteria provided, single submitter",1,Pathogenic,MSH6,1,True
1458215,695.0,single nucleotide variant,"criteria provided, multiple submitters, no conflicts",3,Pathogenic,APC,1,False
1458270,2944.0,Insertion,"criteria provided, single submitter",1,Pathogenic,BRCA2,1,True
1458369,1995.0,Duplication,"criteria provided, single submitter",1,Pathogenic,APC,1,False
1458776,157.0,single nucleotide variant,"criteria provided, multiple submitters, no conflicts",2,Pathogenic,MLH1,1,True
1458829,2.0,single nucleotide variant,"criteria provided, multiple submitters, no conflicts",3,Pathogenic,PMS2,1,False
1458931,336.0,Duplication,"criteria provided, multiple submitters, no conflicts",6,Pathogenic,PTEN,1,False
1459597,2916.0,single nucleotide variant,"criteria provided, single submitter",1,Pathogenic,BRCA2,1,True
1459863,2236.0,single nucleotide variant,"criteria provided, multiple submitters, no conflicts",2,Pathogenic,BRCA2,1,False
1459980,551.0,single nucleotide variant,"criteria provided, single submitter",1,Pathogenic,APC,1,False
1460033,1201.0,Duplication,"criteria provided, multiple submitters, no conflicts",2,Pathogenic,BRCA2,1,False
1460034,1013.0,single nucleotide variant,"criteria provided, multiple submitters, no conflicts",2,Pathogenic,BRCA2,1,False
1460346,242.0,single nucleotide variant,"criteria provided, single submitter",1,Pathogenic,TP53,1,True
1469992,217.0,single nucleotide variant,"criteria provided, single submitter",1,Benign,MSH2,0,True
1517490,1.0,single nucleotide variant,"criteria provided, multiple submitters, no conflicts",3,Pathogenic,MSH6,1,False
1678927,569.0,single nucleotide variant,"criteria provided, multiple submitters, no conflicts",5,Pathogenic,BRCA2,1,False
1679002,101.0,Indel,"criteria provided, single submitter",1,Pathogenic,BRCA1,1,False
1683653,1147.0,single nucleotide variant,"criteria provided, multiple submitters, no conflicts",3,Pathogenic,APC,1,True
1684697,218.0,single nucleotide variant,"criteria provided, single submitter",2,Benign,BRCA1,0,False
1684735,1915.0,single nucleotide variant,"criteria provided, single submitter",1,Benign,BRCA2,0,False
1684754,2577.0,single nucleotide variant,"criteria provided, single submitter",1,Benign,BRCA2,0,False
1685521,138.0,single nucleotide variant,"criteria provided, multiple submitters, no conflicts",2,Pathogenic,APC,1,False
1686106,1.0,single nucleotide variant,"criteria provided, single submitter",1,Pathogenic,PTEN,1,False
1686108,247.0,Insertion,"criteria provided, single submitter",1,Pathogenic,PTEN,1,False
1686269,236.0,single nucleotide variant,"criteria provided, single submitter",3,Pathogenic,TP53,1,True
1687127,1823.0,single nucleotide variant,"criteria provided, single submitter",2,Pathogenic,BRCA2,1,False
1687137,495.0,single nucleotide variant,"criteria provided, single submitter",2,Pathogenic,BRCA1,1,False
1687139,313.0,single nucleotide variant,no assertion criteria provided,1,Pathogenic,BRCA1,1,False
1691325,92.0,Duplication,"criteria provided, single submitter",1,Pathogenic,PTEN,1,True
1692371,237.0,single nucleotide variant,"criteria provided, multiple submitters, no conflicts",2,Pathogenic,PTEN,1,False
1697512,68.0,single nucleotide variant,"criteria provided, multiple submitters, no conflicts",2,Pathogenic,APC,1,False
1697514,97.0,single nucleotide variant,"criteria provided, single submitter",2,Pathogenic,APC,1,False
1697527,2172.0,single nucleotide variant,"criteria provided, multiple submitters, no conflicts",2,Pathogenic,APC,1,False
1697907,446.0,single nucleotide variant,"criteria provided, multiple submitters, no conflicts",2,Pathogenic,MSH6,1,True
1700398,304.0,single nucleotide variant,"criteria provided, single submitter",1,Pathogenic,PTEN,1,False
1713247,995.0,Duplication,"criteria provided, single submitter",2,Pathogenic,BRCA1,1,False
1722926,76.0,single nucleotide variant,"criteria provided, multiple submitters, no conflicts",2,Pathogenic,PTEN,1,True
1727589,103.0,single nucleotide variant,"criteria provided, multiple submitters, no conflicts",2,Pathogenic,MSH2,1,False
1727638,377.0,single nucleotide variant,"criteria provided, multiple submitters, no conflicts",3,Pathogenic,MSH6,1,False
1727792,1038.0,single nucleotide variant,"criteria provided, single submitter",1,Pathogenic,MSH6,1,True
1728743,1066.0,single nucleotide variant,"criteria provided, multiple submitters, no conflicts",3,Pathogenic,MSH6,1,True
1729185,108.0,single nucleotide variant,"criteria provided, single submitter",1,Pathogenic,MSH2,1,False
1729232,1079.0,single nucleotide variant,"criteria provided, single submitter",1,Pathogenic,BRCA1,1,False
1729742,1094.0,single nucleotide variant,"criteria provided, multiple submitters, no conflicts",2,Pathogenic,MSH6,1,True
1729871,1098.0,single nucleotide variant,"criteria provided, multiple submitters, no conflicts",3,Pathogenic,MSH6,1,True
1730189,111.0,single nucleotide variant,"criteria provided, single submitter",2,Pathogenic,BRCA1,1,False
1730530,1118.0,single nucleotide variant,"criteria provided, single submitter",1,Pathogenic,MSH6,1,True
1730644,1122.0,single nucleotide variant,"criteria provided, multiple submitters, no conflicts",2,Pathogenic,MSH6,1,True
1730845,1128.0,single nucleotide variant,"criteria provided, single submitter",1,Pathogenic,MSH6,1,True
1730883,113.0,single nucleotide variant,"criteria provided, single submitter",1,Pathogenic,PMS2,1,True
1731061,12.0,Indel,"criteria provided, single submitter",1,Pathogenic,MLH1,1,True
1731467,1147.0,Duplication,"criteria provided, multiple submitters, no conflicts",3,Pathogenic,APC,1,True
1731471,1147.0,single nucleotide variant,"criteria provided, single submitter",1,Pathogenic,APC,1,True
1731643,1154.0,single nucleotide variant,"criteria provided, multiple submitters, no conflicts",2,Pathogenic,APC,1,True
1731877,1163.0,Duplication,"criteria provided, multiple submitters, no conflicts",3,Pathogenic,MSH6,1,True
1731962,1165.0,single nucleotide variant,"criteria provided, single submitter",1,Pathogenic,APC,1,True
1732034,117.0,single nucleotide variant,"criteria provided, single submitter",1,Pathogenic,MSH6,1,False
1732117,382.0,single nucleotide variant,"criteria provided, multiple submitters, no conflicts",3,Pathogenic,MLH1,1,False
1732195,1172.0,Insertion,"criteria provided, multiple submitters, no conflicts",2,Pathogenic,MSH6,1,True
1732509,1182.0,single nucleotide variant,"criteria provided, single submitter",1,Pathogenic,MSH6,1,True
1732595,1184.0,single nucleotide variant,"criteria provided, single submitter",1,Pathogenic,BRCA1,1,False
1732741,1189.0,single nucleotide variant,"criteria provided, multiple submitters, no conflicts",3,Pathogenic,APC,1,True
1732906,1194.0,single nucleotide variant,"criteria provided, multiple submitters, no conflicts",2,Pathogenic,MSH6,1,True
1732907,1194.0,single nucleotide variant,"criteria provided, single submitter",1,Pathogenic,MSH6,1,True
1733086,12.0,Deletion,"criteria provided, single submitter",1,Pathogenic,MLH1,1,True
1733373,1210.0,Indel,"criteria provided, single submitter",1,Pathogenic,MSH6,1,True
1733499,121.0,single nucleotide variant,"criteria provided, multiple submitters, no conflicts",2,Pathogenic,MSH2,1,False
1733980,1232.0,Insertion,"criteria provided, single submitter",1,Pathogenic,MSH6,1,True
1734172,1237.0,single nucleotide variant,"criteria provided, single submitter",1,Pathogenic,MSH6,1,True
1734254,1240.0,single nucleotide variant,"criteria provided, single submitter",1,Pathogenic,MSH6,1,True
1734432,1246.0,single nucleotide variant,"criteria provided, single submitter",1,Pathogenic,MSH6,1,True
1734718,338.0,single nucleotide variant,"criteria provided, multiple submitters, no conflicts",2,Pathogenic,MSH2,1,True
1735198,1274.0,Duplication,"criteria provided, multiple submitters, no conflicts",3,Pathogenic,MSH6,1,True
1735279,1274.0,single nucleotide variant,"criteria provided, multiple submitters, no conflicts",2,Pathogenic,APC,1,True
1735307,1276.0,single nucleotide variant,"criteria provided, single submitter",1,Pathogenic,BRCA2,1,False
1735397,386.0,single nucleotide variant,"criteria provided, single submitter",1,Pathogenic,PMS2,1,True
1735457,1282.0,single nucleotide variant,"criteria provided, multiple submitters, no conflicts",2,Pathogenic,BRCA1,1,False
1735483,1284.0,Indel,"criteria provided, single submitter",1,Pathogenic,MSH6,1,True
1735562,1286.0,single nucleotide variant,"criteria provided, multiple submitters, no conflicts",3,Pathogenic,APC,1,True
1735669,129.0,single nucleotide variant,"criteria provided, single submitter",1,Benign,TP53,0,True
1735810,130.0,Indel,"criteria provided, multiple submitters, no conflicts",2,Pathogenic,PMS2,1,True
1735936,1299.0,single nucleotide variant,"criteria provided, multiple submitters, no conflicts",2,Pathogenic,BRCA2,1,False
1736019,1300.0,single nucleotide variant,"criteria provided, single submitter",1,Pathogenic,BRCA1,1,False
1736087,130.0,single nucleotide variant,"criteria provided, single submitter",1,Pathogenic,MLH1,1,True
1736264,146.0,Duplication,"criteria provided, single submitter",1,Pathogenic,MSH2,1,False
1736430,132.0,single nucleotide variant,"criteria provided, single submitter",1,Pathogenic,MSH2,1,False
1736552,1330.0,Duplication,"criteria provided, multiple submitters, no conflicts",3,Pathogenic,MSH6,1,True
1736577,1328.0,Duplication,"criteria provided, single submitter",1,Pathogenic,MSH6,1,True
1737126,1341.0,single nucleotide variant,"criteria provided, multiple submitters, no conflicts",3,Pathogenic,BRCA2,1,False
1737245,1346.0,single nucleotide variant,"criteria provided, single submitter",1,Pathogenic,APC,1,False
1737638,1361.0,single nucleotide variant,"criteria provided, multiple submitters, no conflicts",3,Pathogenic,BRCA2,1,False
1737795,1367.0,single nucleotide variant,"criteria provided, multiple submitters, no conflicts",2,Pathogenic,BRCA2,1,False
1738059,1376.0,single nucleotide variant,"criteria provided, single submitter",1,Pathogenic,APC,1,False
1738193,1382.0,single nucleotide variant,"criteria provided, multiple submitters, no conflicts",2,Pathogenic,BRCA2,1,False
1738572,1405.0,Duplication,"criteria provided, multiple submitters, no conflicts",2,Pathogenic,BRCA1,1,False
1739148,142.0,single nucleotide variant,"criteria provided, multiple submitters, no conflicts",2,Pathogenic,APC,1,False
1739195,1422.0,single nucleotide variant,"criteria provided, single submitter",1,Pathogenic,BRCA2,1,False
1739839,145.0,single nucleotide variant,"criteria provided, multiple submitters, no conflicts",2,Pathogenic,MSH6,1,False
1739846,145.0,single nucleotide variant,"criteria provided, multiple submitters, no conflicts",2,Pathogenic,PMS2,1,True
1741635,153.0,single nucleotide variant,"criteria provided, single submitter",1,Pathogenic,MLH1,1,True
1741942,154.0,single nucleotide variant,"criteria provided, multiple submitters, no conflicts",2,Pathogenic,MSH6,1,False
1742238,156.0,Duplication,"criteria provided, single submitter",1,Pathogenic,MSH2,1,False
1742769,165.0,Duplication,"criteria provided, single submitter",1,Pathogenic,BRCA1,1,False
1742776,1581.0,single nucleotide variant,"criteria provided, single submitter",1,Pathogenic,BRCA2,1,False
1742842,158.0,single nucleotide variant,"criteria provided, single submitter",1,Pathogenic,APC,1,False
1743383,1609.0,single nucleotide variant,"criteria provided, single submitter",1,Pathogenic,BRCA1,1,False
1743569,162.0,single nucleotide variant,"criteria provided, single submitter",1,Pathogenic,MSH6,1,False
1743570,162.0,single nucleotide variant,"criteria provided, single submitter",1,Pathogenic,MSH2,1,False
1743651,1621.0,single nucleotide variant,"criteria provided, single submitter",1,Pathogenic,APC,1,False
1743748,1625.0,single nucleotide variant,"criteria provided, multiple submitters, no conflicts",2,Pathogenic,BRCA1,1,False
1743760,163.0,single nucleotide variant,"criteria provided, single submitter",1,Pathogenic,MLH1,1,True
1744045,164.0,single nucleotide variant,"criteria provided, single submitter",1,Pathogenic,MSH2,1,False
1744404,165.0,single nucleotide variant,"criteria provided, multiple submitters, no conflicts",3,Pathogenic,MSH2,1,False
1744933,168.0,single nucleotide variant,"criteria provided, single submitter",2,Pathogenic,TP53,1,True
1745120,397.0,single nucleotide variant,"criteria provided, multiple submitters, no conflicts",2,Pathogenic,MSH6,1,False
1745348,398.0,single nucleotide variant,"criteria provided, single submitter",1,Pathogenic,PMS2,1,True
1745394,171.0,Duplication,"criteria provided, multiple submitters, no conflicts",2,Pathogenic,MSH6,1,False
1745525,171.0,single nucleotide variant,"criteria provided, single submitter",1,Pathogenic,TP53,1,True
1745580,1713.0,Indel,"criteria provided, single submitter",1,Pathogenic,BRCA1,1,True
1745665,172.0,single nucleotide variant,"criteria provided, multiple submitters, no conflicts",2,Pathogenic,PMS2,1,True
1745904,173.0,Duplication,"criteria provided, single submitter",1,Pathogenic,MLH1,1,True
1746105,174.0,single nucleotide variant,"criteria provided, multiple submitters, no conflicts",2,Pathogenic,MSH2,1,False
1746329,1750.0,single nucleotide variant,"criteria provided, single submitter",1,Benign,APC,0,False
1746607,176.0,single nucleotide variant,"criteria provided, multiple submitters, no conflicts",3,Pathogenic,TP53,1,True
1746971,40.0,single nucleotide variant,"criteria provided, multiple submitters, no conflicts",3,Pathogenic,MLH1,1,True
1747439,181.0,single nucleotide variant,"criteria provided, single submitter",1,Pathogenic,MSH6,1,False
1747929,183.0,single nucleotide variant,"criteria provided, single submitter",1,Pathogenic,MLH1,1,True
1747992,401.0,single nucleotide variant,"criteria provided, single submitter",1,Pathogenic,MSH2,1,True
1748091,1842.0,single nucleotide variant,"criteria provided, single submitter",1,Pathogenic,APC,1,False
1748324,1855.0,single nucleotide variant,"criteria provided, single submitter",1,Pathogenic,BRCA2,1,False
1748352,186.0,single nucleotide variant,"criteria provided, multiple submitters, no conflicts",3,Pathogenic,PMS2,1,True
1748751,188.0,single nucleotide variant,"criteria provided, single submitter",1,Pathogenic,MSH2,1,True
1749264,1906.0,single nucleotide variant,"criteria provided, single submitter",1,Pathogenic,APC,1,False
1749795,1935.0,single nucleotide variant,"criteria provided, single submitter",1,Pathogenic,APC,1,False
1750016,195.0,single nucleotide variant,"criteria provided, single submitter",1,Pathogenic,MSH2,1,True
1750060,195.0,single nucleotide variant,"criteria provided, multiple submitters, no conflicts",2,Pathogenic,BRCA2,1,False
1750212,1958.0,single nucleotide variant,"criteria provided, single submitter",1,Pathogenic,BRCA2,1,False
1751127,201.0,single nucleotide variant,"criteria provided, single submitter",1,Pathogenic,MSH6,1,False
1752002,206.0,single nucleotide variant,"criteria provided, single submitter",1,Pathogenic,MSH6,1,False
1752116,207.0,Microsatellite,"criteria provided, single submitter",1,Pathogenic,MSH2,1,True
1752337,208.0,single nucleotide variant,"criteria provided, single submitter",1,Pathogenic,MSH2,1,True
1752456,2085.0,single nucleotide variant,"criteria provided, single submitter",1,Pathogenic,BRCA2,1,False
1752494,209.0,single nucleotide variant,"criteria provided, single submitter",1,Pathogenic,PMS2,1,True
1752886,211.0,single nucleotide variant,"criteria provided, single submitter",1,Pathogenic,MLH1,1,True
1752888,211.0,single nucleotide variant,"criteria provided, multiple submitters, no conflicts",2,Pathogenic,MLH1,1,True
1752989,212.0,single nucleotide variant,"criteria provided, single submitter",1,Pathogenic,MSH2,1,True
1753657,408.0,Duplication,"criteria provided, single submitter",1,Pathogenic,MSH2,1,True
1754185,219.0,single nucleotide variant,"criteria provided, single submitter",1,Pathogenic,MSH2,1,True
1754351,220.0,single nucleotide variant,"criteria provided, single submitter",1,Pathogenic,MSH2,1,True
1754522,221.0,single nucleotide variant,"criteria provided, single submitter",1,Pathogenic,MSH6,1,False
1755044,224.0,single nucleotide variant,"criteria provided, single submitter",1,Pathogenic,MSH6,1,False
1755106,2243.0,Insertion,"criteria provided, single submitter",1,Pathogenic,BRCA2,1,False
1755189,225.0,single nucleotide variant,"criteria provided, multiple submitters, no conflicts",2,Pathogenic,APC,1,False
1755303,225.0,single nucleotide variant,"criteria provided, multiple submitters, no conflicts",2,Pathogenic,PTEN,1,False
1755351,226.0,single nucleotide variant,"criteria provided, single submitter",1,Pathogenic,MSH2,1,True
1755496,227.0,single nucleotide variant,"criteria provided, single submitter",1,Pathogenic,MLH1,1,True
1755666,2277.0,Microsatellite,"criteria provided, multiple submitters, no conflicts",3,Pathogenic,BRCA2,1,False
1756393,412.0,single nucleotide variant,"criteria provided, multiple submitters, no conflicts",2,Pathogenic,MSH6,1,True
1756429,233.0,Indel,"criteria provided, single submitter",1,Pathogenic,MLH1,1,True
1756662,234.0,single nucleotide variant,"criteria provided, single submitter",1,Pathogenic,PMS2,1,True
1756682,234.0,single nucleotide variant,"criteria provided, multiple submitters, no conflicts",2,Pathogenic,MLH1,1,True
1756986,236.0,single nucleotide variant,"criteria provided, single submitter",1,Pathogenic,MLH1,1,True
1757071,2363.0,single nucleotide variant,"criteria provided, single submitter",1,Pathogenic,BRCA2,1,False
1757150,237.0,single nucleotide variant,"criteria provided, single submitter",1,Pathogenic,MSH6,1,False
1757401,2384.0,single nucleotide variant,"criteria provided, single submitter",1,Pathogenic,APC,1,False
1757696,413.0,single nucleotide variant,"criteria provided, multiple submitters, no conflicts",2,Pathogenic,MSH6,1,True
1758308,244.0,single nucleotide variant,"criteria provided, multiple submitters, no conflicts",2,Pathogenic,MSH2,1,True
1758868,248.0,single nucleotide variant,"criteria provided, single submitter",1,Pathogenic,MSH2,1,True
1759418,251.0,single nucleotide variant,"criteria provided, single submitter",1,Pathogenic,MLH1,1,True
1759602,253.0,single nucleotide variant,"criteria provided, single submitter",1,Benign,MSH2,0,True
1759789,254.0,single nucleotide variant,"criteria provided, single submitter",1,Pathogenic,PMS2,1,True
1759844,254.0,single nucleotide variant,reviewed by expert panel,8,Pathogenic,TP53,1,True
1759924,255.0,single nucleotide variant,"criteria provided, single submitter",1,Pathogenic,MLH1,1,True
1759941,416.0,single nucleotide variant,"criteria provided, multiple submitters, no conflicts",3,Pathogenic,APC,1,False
1760004,255.0,single nucleotide variant,"criteria provided, multiple submitters, no conflicts",2,Pathogenic,PMS2,1,True
1760547,259.0,single nucleotide variant,"criteria provided, single submitter",1,Pathogenic,MLH1,1,True
1760894,262.0,single nucleotide variant,"criteria provided, multiple submitters, no conflicts",2,Pathogenic,MSH2,1,True
1761153,421.0,Duplication,"criteria provided, single submitter",1,Pathogenic,MLH1,1,False
1761174,264.0,single nucleotide variant,"criteria provided, multiple submitters, no conflicts",4,Pathogenic,APC,1,False
1761516,267.0,Insertion,"criteria provided, single submitter",1,Pathogenic,PMS2,1,True
1761541,267.0,single nucleotide variant,"criteria provided, multiple submitters, no conflicts",3,Pathogenic,TP53,1,True
1761736,268.0,single nucleotide variant,"criteria provided, multiple submitters, no conflicts",2,Pathogenic,MLH1,1,True
1761739,268.0,Insertion,"criteria provided, single submitter",1,Pathogenic,PMS2,1,True
1761865,269.0,single nucleotide variant,"criteria provided, single submitter",1,Pathogenic,MSH2,1,True
1761872,269.0,single nucleotide variant,"criteria provided, multiple submitters, no conflicts",4,Pathogenic,BRCA1,1,False
1761977,270.0,single nucleotide variant,"criteria provided, multiple submitters, no conflicts",2,Pathogenic,BRCA2,1,False
1761978,270.0,single nucleotide variant,"criteria provided, single submitter",1,Pathogenic,PMS2,1,True
1762096,2708.0,single nucleotide variant,"criteria provided, single submitter",1,Benign,BRCA2,0,False
1762202,2719.0,single nucleotide variant,"criteria provided, single submitter",1,Pathogenic,APC,1,False
1762306,273.0,single nucleotide variant,"criteria provided, multiple submitters, no conflicts",2,Pathogenic,MLH1,1,True
1762409,27.0,single nucleotide variant,"criteria provided, single submitter",1,Pathogenic,PMS2,1,True
1762491,2740.0,single nucleotide variant,"criteria provided, single submitter",1,Benign,BRCA2,0,False
1762504,274.0,single nucleotide variant,"criteria provided, multiple submitters, no conflicts",2,Pathogenic,PMS2,1,True
1762511,274.0,single nucleotide variant,"criteria provided, multiple submitters, no conflicts",3,Pathogenic,PTEN,1,False
1762638,2752.0,single nucleotide variant,"criteria provided, single submitter",1,Benign,BRCA2,0,False
1762806,277.0,single nucleotide variant,"criteria provided, single submitter",1,Pathogenic,MLH1,1,True
1762807,277.0,single nucleotide variant,"criteria provided, multiple submitters, no conflicts",2,Pathogenic,MSH6,1,False
1762828,42.0,single nucleotide variant,"criteria provided, single submitter",1,Pathogenic,PMS2,1,True
1763055,280.0,Duplication,"criteria provided, single submitter",1,Pathogenic,MLH1,1,True
1763227,280.0,single nucleotide variant,"criteria provided, single submitter",1,Pathogenic,MSH2,1,True
1763361,282.0,Insertion,"criteria provided, single submitter",1,Pathogenic,MSH2,1,True
1763614,283.0,single nucleotide variant,"criteria provided, single submitter",1,Pathogenic,MLH1,1,True
1763969,287.0,single nucleotide variant,"criteria provided, single submitter",1,Pathogenic,PMS2,1,True
1764043,2871.0,single nucleotide variant,"criteria provided, single submitter",1,Benign,BRCA2,0,True
1764044,2872.0,single nucleotide variant,"criteria provided, single submitter",1,Pathogenic,BRCA2,1,True
1764138,2881.0,single nucleotide variant,"criteria provided, single submitter",1,Benign,BRCA2,0,True
1764198,2886.0,single nucleotide variant,"criteria provided, single submitter",1,Benign,BRCA2,0,True
1764272,290.0,Duplication,"criteria provided, single submitter",1,Pathogenic,MSH2,1,True
1764425,2905.0,single nucleotide variant,"criteria provided, single submitter",1,Pathogenic,BRCA2,1,True
1764459,2910.0,single nucleotide variant,"criteria provided, single submitter",1,Benign,BRCA2,0,True
1764821,2945.0,single nucleotide variant,"criteria provided, single submitter",1,Benign,BRCA2,0,True
1764964,296.0,single nucleotide variant,"criteria provided, multiple submitters, no conflicts",4,Pathogenic,MLH1,1,True
1765160,2977.0,single nucleotide variant,"criteria provided, single submitter",1,Benign,BRCA2,0,True
1765591,302.0,single nucleotide variant,"criteria provided, single submitter",1,Pathogenic,MSH6,1,False
1765632,3021.0,single nucleotide variant,"criteria provided, single submitter",1,Pathogenic,BRCA2,1,True
1766249,3076.0,single nucleotide variant,"criteria provided, single submitter",1,Pathogenic,BRCA2,1,False
1766465,310.0,single nucleotide variant,"criteria provided, multiple submitters, no conflicts",2,Pathogenic,BRCA2,1,False
1766518,310.0,single nucleotide variant,"criteria provided, single submitter",1,Pathogenic,PMS2,1,True
1766696,426.0,single nucleotide variant,"criteria provided, multiple submitters, no conflicts",3,Pathogenic,MSH2,1,True
1767045,3155.0,Insertion,"criteria provided, single submitter",1,Pathogenic,BRCA2,1,False
1767127,316.0,single nucleotide variant,"criteria provided, multiple submitters, no conflicts",2,Pathogenic,APC,1,False
1767276,427.0,single nucleotide variant,"criteria provided, multiple submitters, no conflicts",3,Pathogenic,MSH2,1,True
1767288,318.0,single nucleotide variant,"criteria provided, multiple submitters, no conflicts",2,Pathogenic,MSH2,1,True
1768454,329.0,single nucleotide variant,"criteria provided, single submitter",1,Pathogenic,MSH2,1,True
1768616,331.0,single nucleotide variant,"criteria provided, multiple submitters, no conflicts",3,Pathogenic,MLH1,1,False
1768958,429.0,single nucleotide variant,"criteria provided, single submitter",1,Pathogenic,MLH1,1,False
1769028,430.0,single nucleotide variant,"criteria provided, multiple submitters, no conflicts",2,Pathogenic,MLH1,1,False
1769083,342.0,single nucleotide variant,"criteria provided, single submitter",1,Pathogenic,PMS2,1,True
1769106,431.0,single nucleotide variant,"criteria provided, single submitter",1,Pathogenic,MSH6,1,True
1769925,441.0,single nucleotide variant,"criteria provided, single submitter",1,Pathogenic,PMS2,1,True
1770361,447.0,single nucleotide variant,"criteria provided, single submitter",1,Pathogenic,MLH1,1,False
1770487,458.0,Duplication,"criteria provided, multiple submitters, no conflicts",3,Pathogenic,MSH6,1,True
1770894,455.0,single nucleotide variant,"criteria provided, multiple submitters, no conflicts",3,Pathogenic,MSH2,1,True
1770948,456.0,single nucleotide variant,"criteria provided, multiple submitters, no conflicts",3,Pathogenic,MLH1,1,False
1770950,456.0,single nucleotide variant,"criteria provided, multiple submitters, no conflicts",2,Pathogenic,MLH1,1,False
1770991,344.0,single nucleotide variant,"criteria provided, single submitter",1,Pathogenic,PTEN,1,False
1771906,469.0,Duplication,"criteria provided, multiple submitters, no conflicts",2,Pathogenic,MSH6,1,True
1772095,486.0,Duplication,"criteria provided, single submitter",1,Pathogenic,MSH6,1,True
1772098,472.0,single nucleotide variant,"criteria provided, single submitter",1,Pathogenic,MLH1,1,False
1773204,488.0,single nucleotide variant,"criteria provided, single submitter",1,Pathogenic,MSH2,1,True
1773302,490.0,single nucleotide variant,"criteria provided, multiple submitters, no conflicts",2,Pathogenic,MSH6,1,True
1773338,60.0,Duplication,"criteria provided, single submitter",1,Pathogenic,MLH1,1,True
1773576,494.0,single nucleotide variant,"criteria provided, single submitter",1,Pathogenic,MSH2,1,True
1774058,502.0,single nucleotide variant,"criteria provided, single submitter",1,Pathogenic,BRCA2,1,False
1774173,50.0,single nucleotide variant,"criteria provided, single submitter",1,Pathogenic,MSH6,1,False
1774395,357.0,Duplication,"criteria provided, single submitter",1,Pathogenic,MSH2,1,True
1774420,507.0,single nucleotide variant,"criteria provided, single submitter",1,Pathogenic,MLH1,1,False
1774661,512.0,Insertion,"criteria provided, single submitter",1,Pathogenic,MSH6,1,True
1774873,515.0,Duplication,"criteria provided, single submitter",1,Pathogenic,MSH6,1,True
1775238,53.0,Duplication,"criteria provided, single submitter",1,Pathogenic,TP53,1,False
1775284,521.0,single nucleotide variant,"criteria provided, multiple submitters, no conflicts",2,Pathogenic,BRCA2,1,False
1775337,522.0,single nucleotide variant,"criteria provided, multiple submitters, no conflicts",2,Pathogenic,MSH6,1,True
1775624,527.0,Duplication,"criteria provided, single submitter",1,Pathogenic,MLH1,1,False
1775634,527.0,single nucleotide variant,"criteria provided, multiple submitters, no conflicts",3,Pathogenic,APC,1,False
1775743,528.0,single nucleotide variant,"criteria provided, multiple submitters, no conflicts",3,Pathogenic,MSH6,1,True
1775794,529.0,single nucleotide variant,"criteria provided, single submitter",1,Pathogenic,MSH2,1,True
1775854,530.0,single nucleotide variant,"criteria provided, multiple submitters, no conflicts",2,Pathogenic,MSH2,1,True
1776199,535.0,Duplication,"criteria provided, single submitter",1,Pathogenic,MSH2,1,True
1776230,335.0,single nucleotide variant,"criteria provided, single submitter",1,Pathogenic,BRCA2,1,False
1776254,535.0,single nucleotide variant,"criteria provided, multiple submitters, no conflicts",2,Pathogenic,MSH6,1,True
1776351,537.0,single nucleotide variant,"criteria provided, single submitter",1,Pathogenic,PMS2,1,True
1776828,544.0,single nucleotide variant,"criteria provided, single submitter",1,Pathogenic,MSH6,1,True
1776943,546.0,single nucleotide variant,"criteria provided, single submitter",1,Pathogenic,MSH6,1,True
1777028,547.0,single nucleotide variant,"criteria provided, single submitter",1,Pathogenic,PMS2,1,True
1777103,548.0,single nucleotide variant,"criteria provided, multiple submitters, no conflicts",2,Pathogenic,MLH1,1,False
1777394,553.0,single nucleotide variant,"criteria provided, single submitter",1,Pathogenic,PMS2,1,True
1777530,555.0,single nucleotide variant,"criteria provided, single submitter",1,Pathogenic,PMS2,1,True
1777992,568.0,Duplication,"criteria provided, single submitter",1,Pathogenic,MLH1,1,False
1778064,564.0,Duplication,"criteria provided, single submitter",1,Pathogenic,BRCA1,1,False
1778287,567.0,single nucleotide variant,"criteria provided, single submitter",1,Pathogenic,MSH6,1,True
1778304,57.0,single nucleotide variant,"criteria provided, multiple submitters, no conflicts",3,Pathogenic,MLH1,1,True
1778438,569.0,single nucleotide variant,"criteria provided, multiple submitters, no conflicts",2,Pathogenic,MSH2,1,True
1778559,570.0,single nucleotide variant,"criteria provided, single submitter",1,Pathogenic,MSH2,1,True
1778576,571.0,single nucleotide variant,"criteria provided, single submitter",1,Pathogenic,MSH2,1,True
1778883,576.0,single nucleotide variant,"criteria provided, single submitter",1,Pathogenic,MLH1,1,False
1778890,583.0,Duplication,"criteria provided, single submitter",1,Pathogenic,MSH2,1,True
1778900,353.0,single nucleotide variant,"criteria provided, single submitter",1,Pathogenic,MSH2,1,True
1779121,580.0,single nucleotide variant,"criteria provided, multiple submitters, no conflicts",2,Pathogenic,APC,1,False
1779311,584.0,Duplication,"criteria provided, single submitter",1,Pathogenic,MLH1,1,False
1779438,585.0,Indel,"criteria provided, single submitter",1,Pathogenic,MSH6,1,True
1779482,744.0,Duplication,"criteria provided, single submitter",1,Pathogenic,MSH6,1,True
1779739,590.0,single nucleotide variant,"criteria provided, multiple submitters, no conflicts",2,Pathogenic,MLH1,1,False
1779897,593.0,single nucleotide variant,"criteria provided, single submitter",1,Pathogenic,PMS2,1,True
1780011,594.0,single nucleotide variant,"criteria provided, single submitter",1,Pathogenic,PMS2,1,True
1780064,596.0,Deletion,"criteria provided, single submitter",1,Pathogenic,MSH2,1,True
1780123,597.0,Duplication,"criteria provided, single submitter",1,Pathogenic,MSH6,1,True
1780270,599.0,single nucleotide variant,"criteria provided, single submitter",1,Pathogenic,MSH2,1,True
1780273,599.0,single nucleotide variant,"criteria provided, multiple submitters, no conflicts",2,Pathogenic,MSH2,1,True
1780342,60.0,single nucleotide variant,"criteria provided, single submitter",1,Pathogenic,MSH6,1,False
1780582,604.0,single nucleotide variant,"criteria provided, multiple submitters, no conflicts",4,Pathogenic,MSH6,1,True
1780635,605.0,single nucleotide variant,"criteria provided, single submitter",1,Pathogenic,MLH1,1,False
1780658,606.0,Duplication,"criteria provided, single submitter",1,Pathogenic,MSH6,1,True
1780877,610.0,single nucleotide variant,"criteria provided, single submitter",1,Pathogenic,MSH6,1,True
1780937,610.0,single nucleotide variant,"criteria provided, single submitter",1,Pathogenic,MLH1,1,False
1780972,613.0,Duplication,"criteria provided, single submitter",1,Pathogenic,MLH1,1,False
1781068,613.0,single nucleotide variant,"criteria provided, single submitter",1,Pathogenic,MLH1,1,False
1781235,615.0,single nucleotide variant,"criteria provided, single submitter",1,Pathogenic,MSH6,1,True
1781315,355.0,single nucleotide variant,"criteria provided, single submitter",1,Pathogenic,PMS2,1,True
1781399,619.0,Insertion,"criteria provided, single submitter",1,Pathogenic,MSH2,1,True
1781400,621.0,Duplication,"criteria provided, single submitter",1,Pathogenic,MLH1,1,False
1781517,621.0,single nucleotide variant,"criteria provided, single submitter",1,Pathogenic,BRCA2,1,False
1781767,625.0,single nucleotide variant,"criteria provided, single submitter",1,Pathogenic,MLH1,1,False
1782125,632.0,single nucleotide variant,"criteria provided, single submitter",1,Pathogenic,MLH1,1,False
1782144,632.0,single nucleotide variant,"criteria provided, multiple submitters, no conflicts",2,Pathogenic,PMS2,1,True
1782779,642.0,single nucleotide variant,"criteria provided, single submitter",1,Pathogenic,MSH6,1,True
1782791,643.0,single nucleotide variant,"criteria provided, single submitter",1,Pathogenic,MSH2,1,True
1782830,357.0,single nucleotide variant,"criteria provided, single submitter",1,Pathogenic,MSH2,1,True
1783003,646.0,single nucleotide variant,"criteria provided, single submitter",1,Pathogenic,MLH1,1,False
1783188,65.0,single nucleotide variant,"criteria provided, multiple submitters, no conflicts",3,Pathogenic,MSH6,1,False
1783284,652.0,single nucleotide variant,"criteria provided, single submitter",1,Pathogenic,MLH1,1,False
1783498,655.0,single nucleotide variant,"criteria provided, single submitter",1,Pathogenic,MSH6,1,True
1783650,658.0,single nucleotide variant,"criteria provided, multiple submitters, no conflicts",2,Pathogenic,MSH2,1,True
1783732,660.0,Duplication,"criteria provided, multiple submitters, no conflicts",2,Pathogenic,MSH6,1,True
1783892,663.0,single nucleotide variant,"criteria provided, single submitter",1,Pathogenic,MLH1,1,False
1783954,358.0,single nucleotide variant,"criteria provided, single submitter",1,Pathogenic,MLH1,1,False
1783959,358.0,single nucleotide variant,"criteria provided, multiple submitters, no conflicts",3,Pathogenic,MSH2,1,True
1784078,666.0,single nucleotide variant,"criteria provided, single submitter",1,Pathogenic,APC,1,False
1784116,667.0,single nucleotide variant,"criteria provided, single submitter",1,Pathogenic,PMS2,1,True
1784272,668.0,single nucleotide variant,"criteria provided, multiple submitters, no conflicts",2,Pathogenic,MLH1,1,False
1784313,669.0,single nucleotide variant,"criteria provided, single submitter",1,Pathogenic,MLH1,1,False
1784484,673.0,single nucleotide variant,"criteria provided, single submitter",1,Pathogenic,MSH2,1,True
1784502,674.0,Duplication,"criteria provided, multiple submitters, no conflicts",2,Pathogenic,MLH1,1,False
1784603,675.0,single nucleotide variant,"criteria provided, multiple submitters, no conflicts",2,Pathogenic,MSH2,1,True
1784614,675.0,single nucleotide variant,"criteria provided, single submitter",1,Pathogenic,MSH6,1,True
1784666,676.0,single nucleotide variant,"criteria provided, multiple submitters, no conflicts",3,Pathogenic,MSH2,1,True
1784729,68.0,single nucleotide variant,"criteria provided, single submitter",2,Pathogenic,MSH6,1,False
1785100,684.0,single nucleotide variant,"criteria provided, single submitter",1,Pathogenic,MLH1,1,False
1785125,686.0,Duplication,"criteria provided, single submitter",1,Pathogenic,BRCA1,1,False
1785248,688.0,single nucleotide variant,"criteria provided, single submitter",1,Pathogenic,MLH1,1,False
1785318,690.0,single nucleotide variant,"criteria provided, single submitter",1,Pathogenic,PMS2,1,True
1785326,690.0,single nucleotide variant,"criteria provided, multiple submitters, no conflicts",2,Pathogenic,MSH2,1,True
1785482,693.0,single nucleotide variant,"criteria provided, single submitter",1,Pathogenic,MLH1,1,False
1785792,700.0,Duplication,"criteria provided, single submitter",1,Pathogenic,BRCA2,1,False
1785976,702.0,single nucleotide variant,"criteria provided, multiple submitters, no conflicts",2,Pathogenic,MSH6,1,True
1786209,707.0,single nucleotide variant,"criteria provided, single submitter",1,Pathogenic,MSH6,1,True
1786232,71.0,single nucleotide variant,"criteria provided, single submitter",1,Pathogenic,MSH2,1,False
1786260,707.0,single nucleotide variant,"criteria provided, single submitter",1,Pathogenic,PMS2,1,True
1786325,709.0,single nucleotide variant,"criteria provided, single submitter",1,Pathogenic,MSH2,1,True
1786350,710.0,single nucleotide variant,"criteria provided, single submitter",1,Pathogenic,PMS2,1,True
1786655,716.0,single nucleotide variant,"criteria provided, multiple submitters, no conflicts",2,Pathogenic,BRCA2,1,False
1786925,721.0,single nucleotide variant,"criteria provided, multiple submitters, no conflicts",2,Pathogenic,APC,1,False
1786958,722.0,single nucleotide variant,"criteria provided, single submitter",1,Pathogenic,MLH1,1,False
1787087,724.0,single nucleotide variant,"criteria provided, multiple submitters, no conflicts",2,Pathogenic,BRCA2,1,False
1787143,753.0,Duplication,"criteria provided, single submitter",1,Pathogenic,BRCA1,1,False
1787195,726.0,single nucleotide variant,"criteria provided, multiple submitters, no conflicts",3,Pathogenic,MLH1,1,False
1787696,736.0,single nucleotide variant,"criteria provided, single submitter",1,Pathogenic,PMS2,1,True
1787783,738.0,single nucleotide variant,"criteria provided, multiple submitters, no conflicts",3,Pathogenic,APC,1,False
1787944,741.0,single nucleotide variant,"criteria provided, single submitter",1,Pathogenic,PMS2,1,True
1788273,747.0,single nucleotide variant,"criteria provided, multiple submitters, no conflicts",2,Pathogenic,APC,1,False
1788358,750.0,Duplication,"criteria provided, single submitter",1,Pathogenic,BRCA2,1,False
1788443,751.0,single nucleotide variant,"criteria provided, single submitter",1,Pathogenic,MSH2,1,True
1788475,752.0,Duplication,"criteria provided, single submitter",1,Pathogenic,BRCA2,1,False
1788779,757.0,Duplication,"criteria provided, single submitter",1,Pathogenic,MSH2,1,True
1788951,761.0,single nucleotide variant,"criteria provided, multiple submitters, no conflicts",2,Pathogenic,BRCA1,1,False
1789005,762.0,single nucleotide variant,"criteria provided, multiple submitters, no conflicts",2,Pathogenic,MSH2,1,True
1789006,762.0,single nucleotide variant,"criteria provided, multiple submitters, no conflicts",2,Pathogenic,MSH2,1,True
1789361,769.0,Duplication,"criteria provided, single submitter",1,Pathogenic,MSH2,1,True
1789366,769.0,single nucleotide variant,"criteria provided, multiple submitters, no conflicts",2,Pathogenic,MSH2,1,True
1789450,771.0,single nucleotide variant,"criteria provided, single submitter",1,Pathogenic,APC,1,False
1789707,78.0,single nucleotide variant,"criteria provided, multiple submitters, no conflicts",2,Pathogenic,PMS2,1,True
1789714,89.0,Duplication,"criteria provided, single submitter",1,Pathogenic,APC,1,False
1789877,781.0,single nucleotide variant,"criteria provided, multiple submitters, no conflicts",3,Pathogenic,BRCA1,1,False
1790106,786.0,single nucleotide variant,"criteria provided, single submitter",1,Pathogenic,MSH6,1,True
1790285,336.0,single nucleotide variant,"criteria provided, multiple submitters, no conflicts",3,Pathogenic,PTEN,1,False
1790641,799.0,single nucleotide variant,"criteria provided, multiple submitters, no conflicts",2,Pathogenic,APC,1,False
1791241,813.0,single nucleotide variant,"criteria provided, single submitter",1,Pathogenic,MSH6,1,True
1791539,819.0,single nucleotide variant,"criteria provided, single submitter",1,Pathogenic,MSH2,1,True
1791715,823.0,single nucleotide variant,"criteria provided, multiple submitters, no conflicts",3,Pathogenic,APC,1,False
1791841,826.0,single nucleotide variant,"criteria provided, single submitter",1,Pathogenic,PMS2,1,True
1791977,829.0,single nucleotide variant,"criteria provided, single submitter",1,Pathogenic,BRCA2,1,False
1792364,84.0,single nucleotide variant,"criteria provided, single submitter",1,Pathogenic,MLH1,1,True
1792566,843.0,Duplication,"criteria provided, single submitter",1,Pathogenic,MSH2,1,True
1792581,842.0,single nucleotide variant,"criteria provided, single submitter",1,Pathogenic,MSH2,1,True
1792641,388.0,Duplication,"criteria provided, single submitter",1,Pathogenic,MSH2,1,True
1792759,845.0,single nucleotide variant,"criteria provided, single submitter",1,Pathogenic,MSH6,1,True
1792792,847.0,single nucleotide variant,"criteria provided, multiple submitters, no conflicts",2,Pathogenic,MSH6,1,True
1792875,368.0,single nucleotide variant,"criteria provided, multiple submitters, no conflicts",2,Pathogenic,MSH6,1,False
1792904,850.0,single nucleotide variant,"criteria provided, multiple submitters, no conflicts",2,Pathogenic,MSH2,1,True
1792990,368.0,single nucleotide variant,"criteria provided, multiple submitters, no conflicts",2,Pathogenic,MLH1,1,False
1792998,852.0,single nucleotide variant,"criteria provided, multiple submitters, no conflicts",2,Pathogenic,MSH2,1,True
1793232,86.0,single nucleotide variant,"criteria provided, multiple submitters, no conflicts",2,Pathogenic,MSH2,1,False
1793449,863.0,Duplication,"criteria provided, multiple submitters, no conflicts",2,Pathogenic,APC,1,False
1793462,863.0,single nucleotide variant,"criteria provided, single submitter",1,Pathogenic,MSH2,1,False
1793521,864.0,single nucleotide variant,"criteria provided, single submitter",1,Pathogenic,MSH6,1,True
1794624,370.0,single nucleotide variant,"criteria provided, single submitter",1,Pathogenic,MSH6,1,False
1795052,91.0,Duplication,"criteria provided, multiple submitters, no conflicts",2,Pathogenic,PMS2,1,True
1796343,938.0,Indel,"criteria provided, single submitter",1,Pathogenic,MSH6,1,True
1796419,94.0,single nucleotide variant,"criteria provided, multiple submitters, no conflicts",2,Pathogenic,TP53,1,False
1796630,373.0,single nucleotide variant,"criteria provided, multiple submitters, no conflicts",3,Pathogenic,MLH1,1,False
1796971,954.0,single nucleotide variant,"criteria provided, multiple submitters, no conflicts",2,Pathogenic,APC,1,False
1797136,960.0,single nucleotide variant,"criteria provided, single submitter",1,Pathogenic,APC,1,True
1797156,96.0,Duplication,"criteria provided, single submitter",1,Pathogenic,APC,1,False
1797324,965.0,Duplication,"criteria provided, multiple submitters, no conflicts",2,Pathogenic,MSH6,1,True
1797432,10.0,single nucleotide variant,"criteria provided, single submitter",1,Pathogenic,PMS2,1,False
1797568,97.0,single nucleotide variant,"criteria provided, multiple submitters, no conflicts",4,Pathogenic,MSH6,1,False
1797834,978.0,single nucleotide variant,"criteria provided, multiple submitters, no conflicts",2,Pathogenic,APC,1,True
1798051,98.0,single nucleotide variant,"criteria provided, multiple submitters, no conflicts",3,Pathogenic,MSH2,1,False
1798332,993.0,Duplication,"criteria provided, multiple submitters, no conflicts",3,Pathogenic,APC,1,True
1798415,994.0,single nucleotide variant,"criteria provided, single submitter",1,Pathogenic,BRCA1,1,False
1798774,1004.0,Duplication,"criteria provided, multiple submitters, no conflicts",2,Pathogenic,BRCA1,1,False
1798879,1007.0,single nucleotide variant,"criteria provided, single submitter",1,Pathogenic,APC,1,True
1799159,1014.0,single nucleotide variant,"criteria provided, multiple submitters, no conflicts",2,Pathogenic,MSH6,1,True
1799447,376.0,single nucleotide variant,"criteria provided, multiple submitters, no conflicts",2,Pathogenic,MSH2,1,True
1801523,538.0,single nucleotide variant,"criteria provided, multiple submitters, no conflicts",3,Pathogenic,APC,1,False
1801524,2749.0,single nucleotide variant,no assertion criteria provided,1,Pathogenic,APC,1,False
1801529,80.0,single nucleotide variant,no assertion criteria provided,1,Pathogenic,MSH6,1,False
1801539,1314.0,single nucleotide variant,no assertion criteria provided,1,Pathogenic,BRCA2,1,False
1801541,2120.0,single nucleotide variant,no assertion criteria provided,1,Pathogenic,BRCA2,1,False
1801551,1527.0,single nucleotide variant,no assertion criteria provided,2,Pathogenic,BRCA1,1,False
1801579,294.0,Insertion,no assertion criteria provided,1,Pathogenic,MLH1,1,True
1801591,103.0,Duplication,no assertion criteria provided,1,Pathogenic,TP53,1,False
1801605,2219.0,single nucleotide variant,no assertion criteria provided,1,Pathogenic,BRCA2,1,False
1801617,2669.0,single nucleotide variant,no assertion criteria provided,1,Pathogenic,BRCA2,1,False
1801680,755.0,single nucleotide variant,no assertion criteria provided,1,Pathogenic,MSH6,1,True
1802458,136.0,single nucleotide variant,"criteria provided, multiple submitters, no conflicts",4,Pathogenic,TP53,1,True
1929269,442.0,Duplication,"criteria provided, multiple submitters, no conflicts",3,Pathogenic,MSH2,1,True
1929271,867.0,single nucleotide variant,"criteria provided, multiple submitters, no conflicts",3,Pathogenic,MSH2,1,False
1929440,1265.0,single nucleotide variant,"criteria provided, multiple submitters, no conflicts",2,Pathogenic,BRCA2,1,False
1929513,1291.0,single nucleotide variant,"criteria provided, single submitter",1,Pathogenic,BRCA1,1,False
1948165,802.0,Duplication,"criteria provided, multiple submitters, no conflicts",4,Pathogenic,MSH6,1,True
1969616,1285.0,single nucleotide variant,"criteria provided, single submitter",1,Pathogenic,BRCA2,1,False
1995008,241.0,single nucleotide variant,"criteria provided, multiple submitters, no conflicts",2,Pathogenic,APC,1,False
1995415,172.0,single nucleotide variant,"criteria provided, multiple submitters, no conflicts",2,Pathogenic,MSH2,1,False
2000621,1466.0,single nucleotide variant,"criteria provided, single submitter",1,Pathogenic,APC,1,False
2000815,2315.0,single nucleotide variant,"criteria provided, single submitter",1,Benign,BRCA2,0,False
2001127,280.0,Deletion,"criteria provided, single submitter",1,Pathogenic,TP53,1,True
2001733,19.0,single nucleotide variant,"criteria provided, single submitter",2,Pathogenic,PTEN,1,False
2002192,153.0,single nucleotide variant,"criteria provided, single submitter",1,Pathogenic,PMS2,1,True
2003210,1196.0,Duplication,"criteria provided, single submitter",1,Pathogenic,MSH6,1,True
2006373,639.0,single nucleotide variant,"criteria provided, single submitter",1,Pathogenic,MLH1,1,False
2008173,183.0,single nucleotide variant,"criteria provided, single submitter",1,Pathogenic,PMS2,1,True
2011698,1521.0,single nucleotide variant,"criteria provided, single submitter",1,Pathogenic,APC,1,False
2011699,132.0,single nucleotide variant,"criteria provided, multiple submitters, no conflicts",3,Pathogenic,TP53,1,True
2017913,2081.0,Insertion,"criteria provided, single submitter",1,Pathogenic,BRCA2,1,False
2019096,154.0,single nucleotide variant,"criteria provided, single submitter",1,Pathogenic,BRCA2,1,False
2020648,167.0,Indel,"criteria provided, single submitter",1,Pathogenic,TP53,1,True
2021346,2013.0,Insertion,"criteria provided, single submitter",1,Pathogenic,BRCA2,1,False
2022368,3254.0,Duplication,"criteria provided, single submitter",1,Pathogenic,BRCA2,1,False
2022810,1603.0,Insertion,"criteria provided, single submitter",1,Pathogenic,BRCA1,1,False
2024556,141.0,single nucleotide variant,"criteria provided, single submitter",1,Pathogenic,BRCA1,1,False
2026676,146.0,Insertion,"criteria provided, single submitter",1,Pathogenic,PTEN,1,True
2030470,380.0,single nucleotide variant,"criteria provided, single submitter",1,Pathogenic,MSH2,1,True
2032848,1074.0,single nucleotide variant,"criteria provided, single submitter",1,Pathogenic,BRCA1,1,False
2033586,1132.0,single nucleotide variant,"criteria provided, multiple submitters, no conflicts",2,Pathogenic,BRCA2,1,False
2033861,134.0,single nucleotide variant,reviewed by expert panel,3,Pathogenic,PTEN,1,True
2034794,374.0,single nucleotide variant,"criteria provided, single submitter",1,Pathogenic,MSH6,1,False
2035518,1219.0,single nucleotide variant,"criteria provided, single submitter",1,Benign,BRCA1,0,False
2038624,1704.0,single nucleotide variant,"criteria provided, single submitter",1,Pathogenic,APC,1,False
2040107,1674.0,single nucleotide variant,"criteria provided, single submitter",1,Pathogenic,APC,1,False
2045211,427.0,Insertion,"criteria provided, single submitter",1,Pathogenic,MSH2,1,True
2046823,953.0,single nucleotide variant,"criteria provided, single submitter",1,Pathogenic,MSH6,1,True
2057327,2121.0,single nucleotide variant,"criteria provided, single submitter",1,Pathogenic,BRCA2,1,False
2059416,1251.0,single nucleotide variant,"criteria provided, multiple submitters, no conflicts",2,Pathogenic,MSH6,1,True
2071927,1829.0,single nucleotide variant,"criteria provided, single submitter",1,Pathogenic,BRCA2,1,False
2077675,1134.0,Indel,"criteria provided, single submitter",1,Pathogenic,BRCA1,1,False
2078398,1042.0,single nucleotide variant,"criteria provided, multiple submitters, no conflicts",3,Pathogenic,BRCA2,1,False
2087225,1396.0,single nucleotide variant,"criteria provided, single submitter",1,Pathogenic,BRCA2,1,False
2092649,507.0,single nucleotide variant,"criteria provided, single submitter",1,Pathogenic,BRCA2,1,False
2094404,1627.0,single nucleotide variant,"criteria provided, multiple submitters, no conflicts",2,Pathogenic,APC,1,False
2096986,360.0,single nucleotide variant,"criteria provided, single submitter",1,Pathogenic,APC,1,False
2098254,1820.0,single nucleotide variant,"criteria provided, single submitter",1,Pathogenic,BRCA2,1,False
2102633,1373.0,Duplication,"criteria provided, single submitter",1,Pathogenic,BRCA1,1,False
2102818,1295.0,single nucleotide variant,"criteria provided, single submitter",1,Pathogenic,APC,1,True
2102986,11.0,single nucleotide variant,"criteria provided, single submitter",1,Pathogenic,APC,1,False
2104902,616.0,single nucleotide variant,"criteria provided, single submitter",1,Pathogenic,MLH1,1,False
2107348,1.0,single nucleotide variant,"criteria provided, single submitter",1,Pathogenic,MSH6,1,False
2108445,531.0,single nucleotide variant,"criteria provided, single submitter",1,Pathogenic,BRCA2,1,False
2119118,990.0,Microsatellite,"criteria provided, single submitter",1,Pathogenic,BRCA2,1,False
2119186,201.0,single nucleotide variant,"criteria provided, single submitter",1,Pathogenic,MSH2,1,True
2121741,2887.0,single nucleotide variant,"criteria provided, multiple submitters, no conflicts",2,Pathogenic,BRCA2,1,True
2127849,789.0,Duplication,"criteria provided, single submitter",1,Pathogenic,MSH6,1,True
2129130,328.0,Duplication,"criteria provided, multiple submitters, no conflicts",2,Pathogenic,MSH6,1,False
2131002,230.0,single nucleotide variant,"criteria provided, multiple submitters, no conflicts",3,Pathogenic,PTEN,1,False
2131509,453.0,single nucleotide variant,"criteria provided, single submitter",1,Pathogenic,BRCA1,1,False
2132469,105.0,single nucleotide variant,"criteria provided, single submitter",1,Pathogenic,MSH6,1,False
2133431,755.0,single nucleotide variant,"criteria provided, single submitter",1,Pathogenic,MLH1,1,False
2134377,1985.0,single nucleotide variant,"criteria provided, single submitter",1,Pathogenic,APC,1,False
2135280,700.0,single nucleotide variant,"criteria provided, single submitter",1,Pathogenic,PMS2,1,True
2135762,201.0,single nucleotide variant,"criteria provided, single submitter",1,Pathogenic,APC,1,False
2136317,1400.0,single nucleotide variant,"criteria provided, multiple submitters, no conflicts",2,Pathogenic,APC,1,False
2136907,53.0,single nucleotide variant,reviewed by expert panel,4,Pathogenic,PTEN,1,True
2136910,180.0,single nucleotide variant,"criteria provided, multiple submitters, no conflicts",3,Pathogenic,PTEN,1,True
2136911,285.0,single nucleotide variant,"criteria provided, multiple submitters, no conflicts",2,Pathogenic,PTEN,1,False
2137478,1577.0,single nucleotide variant,"criteria provided, multiple submitters, no conflicts",2,Pathogenic,BRCA2,1,False
2137484,2530.0,single nucleotide variant,"criteria provided, single submitter",1,Pathogenic,BRCA2,1,False
2137911,103.0,single nucleotide variant,"criteria provided, multiple submitters, no conflicts",3,Pathogenic,TP53,1,False
2152175,51.0,single nucleotide variant,"criteria provided, single submitter",1,Pathogenic,BRCA2,1,False
2159523,2657.0,single nucleotide variant,"criteria provided, multiple submitters, no conflicts",3,Pathogenic,BRCA2,1,False
2181110,721.0,single nucleotide variant,"criteria provided, multiple submitters, no conflicts",2,Pathogenic,PMS2,1,True
2203333,646.0,single nucleotide variant,"criteria provided, multiple submitters, no conflicts",2,Pathogenic,MLH1,1,False
2203670,133.0,single nucleotide variant,"criteria provided, multiple submitters, no conflicts",2,Pathogenic,APC,1,False
2203685,811.0,single nucleotide variant,"criteria provided, single submitter",1,Pathogenic,APC,1,False
2203686,841.0,single nucleotide variant,"criteria provided, multiple submitters, no conflicts",2,Pathogenic,APC,1,False
2203689,1155.0,single nucleotide variant,"criteria provided, single submitter",1,Pathogenic,APC,1,True
2418876,586.0,single nucleotide variant,"criteria provided, multiple submitters, no conflicts",3,Pathogenic,MSH2,1,True
2429326,2047.0,Duplication,"criteria provided, single submitter",1,Pathogenic,BRCA2,1,False
2430173,1332.0,single nucleotide variant,no assertion criteria provided,1,Pathogenic,MSH6,1,True
2431091,351.0,single nucleotide variant,"criteria provided, multiple submitters, no conflicts",2,Pathogenic,TP53,1,False
2431302,1239.0,single nucleotide variant,"criteria provided, single submitter",1,Pathogenic,BRCA2,1,False
2431305,2004.0,single nucleotide variant,"criteria provided, multiple submitters, no conflicts",3,Pathogenic,BRCA2,1,False
2431308,1287.0,single nucleotide variant,"criteria provided, single submitter",1,Pathogenic,MSH6,1,True
2431309,3173.0,single nucleotide variant,"criteria provided, single submitter",1,Pathogenic,BRCA2,1,False
2445263,879.0,single nucleotide variant,"criteria provided, single submitter",1,Benign,MSH6,0,True
2445264,1249.0,single nucleotide variant,"criteria provided, single submitter",1,Benign,APC,0,True
2445291,571.0,single nucleotide variant,"criteria provided, single submitter",1,Benign,MSH2,0,True
2445306,839.0,single nucleotide variant,"criteria provided, single submitter",1,Benign,BRCA1,0,False
2446885,171.0,single nucleotide variant,no assertion criteria provided,1,Pathogenic,TP53,1,True
2447080,34.0,single nucleotide variant,"criteria provided, multiple submitters, no conflicts",4,Pathogenic,MLH1,1,True
2447221,111.0,single nucleotide variant,"criteria provided, multiple submitters, no conflicts",6,Pathogenic,PTEN,1,True
2447294,1249.0,single nucleotide variant,"criteria provided, multiple submitters, no conflicts",2,Pathogenic,MSH6,1,True
2447350,636.0,single nucleotide variant,"criteria provided, single submitter",1,Benign,MSH2,0,True
2450679,1230.0,single nucleotide variant,"criteria provided, single submitter",1,Pathogenic,BRCA1,1,False
2452701,1129.0,single nucleotide variant,"criteria provided, single submitter",1,Pathogenic,APC,1,True
2452724,690.0,single nucleotide variant,"criteria provided, single submitter",1,Pathogenic,APC,1,False
2452980,332.0,single nucleotide variant,"criteria provided, single submitter",1,Pathogenic,PTEN,1,False
2453171,1093.0,single nucleotide variant,"criteria provided, multiple submitters, no conflicts",3,Pathogenic,MSH6,1,True
2453175,97.0,single nucleotide variant,"criteria provided, single submitter",1,Pathogenic,MSH6,1,False
2453194,270.0,Duplication,"criteria provided, multiple submitters, no conflicts",2,Pathogenic,MSH6,1,False
2453458,570.0,single nucleotide variant,"criteria provided, single submitter",1,Pathogenic,MSH2,1,True
2453465,612.0,single nucleotide variant,"criteria provided, single submitter",1,Pathogenic,MSH2,1,True
2498032,326.0,single nucleotide variant,"criteria provided, multiple submitters, no conflicts",3,Pathogenic,PTEN,1,False
2502345,276.0,single nucleotide variant,"criteria provided, multiple submitters, no conflicts",4,Pathogenic,PTEN,1,False
2502858,667.0,Duplication,"criteria provided, single submitter",2,Pathogenic,MSH6,1,True
2502882,240.0,single nucleotide variant,no assertion criteria provided,1,Pathogenic,TP53,1,True
2502898,183.0,single nucleotide variant,no assertion criteria provided,1,Pathogenic,TP53,1,True
2503327,197.0,single nucleotide variant,"criteria provided, single submitter",1,Pathogenic,PTEN,1,False
2504740,776.0,single nucleotide variant,"criteria provided, single submitter",1,Pathogenic,PMS2,1,True
2505496,165.0,single nucleotide variant,no assertion criteria provided,1,Pathogenic,TP53,1,True
2505554,1106.0,Duplication,"criteria provided, single submitter",1,Pathogenic,BRCA2,1,False
2560930,2619.0,single nucleotide variant,"criteria provided, single submitter",1,Pathogenic,BRCA2,1,False
2560953,2626.0,single nucleotide variant,"criteria provided, single submitter",1,Pathogenic,BRCA2,1,False
2561157,90.0,single nucleotide variant,"criteria provided, multiple submitters, no conflicts",3,Pathogenic,APC,1,False
2562404,46.0,single nucleotide variant,"criteria provided, single submitter",2,Pathogenic,PTEN,1,True
2565330,918.0,Duplication,"criteria provided, single submitter",1,Pathogenic,BRCA1,1,False
2565331,988.0,single nucleotide variant,"criteria provided, multiple submitters, no conflicts",2,Pathogenic,BRCA1,1,False
2565954,2046.0,single nucleotide variant,"criteria provided, single submitter",1,Pathogenic,BRCA2,1,False
2565960,3075.0,single nucleotide variant,"criteria provided, single submitter",1,Benign,BRCA2,0,False
2565970,3048.0,single nucleotide variant,"criteria provided, single submitter",1,Benign,BRCA2,0,True
2566016,205.0,Duplication,"criteria provided, single submitter",1,Pathogenic,BRCA2,1,False
2567456,79.0,single nucleotide variant,"criteria provided, multiple submitters, no conflicts",2,Pathogenic,MSH6,1,False
2567469,418.0,Duplication,"criteria provided, multiple submitters, no conflicts",3,Pathogenic,MSH6,1,True
2567470,422.0,Duplication,"criteria provided, single submitter",1,Pathogenic,MSH6,1,True
2573186,635.0,single nucleotide variant,"criteria provided, single submitter",1,Pathogenic,PMS2,1,True
2573239,616.0,single nucleotide variant,"criteria provided, single submitter",1,Pathogenic,BRCA2,1,False
2573262,935.0,Duplication,"criteria provided, single submitter",1,Pathogenic,BRCA2,1,False
2573266,882.0,single nucleotide variant,"criteria provided, single submitter",1,Pathogenic,BRCA1,1,False
2573280,1440.0,Duplication,"criteria provided, single submitter",1,Pathogenic,BRCA1,1,False
2573326,523.0,single nucleotide variant,"criteria provided, multiple submitters, no conflicts",2,Pathogenic,APC,1,False
2574568,221.0,single nucleotide variant,"criteria provided, multiple submitters, no conflicts",2,Pathogenic,PTEN,1,False
2575170,318.0,single nucleotide variant,no assertion criteria provided,1,Benign,TP53,0,False
2575171,318.0,single nucleotide variant,no assertion criteria provided,1,Benign,TP53,0,False
2575177,269.0,single nucleotide variant,no assertion criteria provided,1,Benign,TP53,0,True
2575240,295.0,single nucleotide variant,"criteria provided, single submitter",1,Pathogenic,MSH6,1,False
2578326,2624.0,single nucleotide variant,"criteria provided, single submitter",2,Pathogenic,BRCA2,1,False
2578515,326.0,single nucleotide variant,no assertion criteria provided,1,Benign,TP53,0,False
2578516,324.0,single nucleotide variant,no assertion criteria provided,1,Benign,TP53,0,False
2583188,2452.0,single nucleotide variant,"criteria provided, single submitter",1,Pathogenic,APC,1,False
2583213,1168.0,single nucleotide variant,"criteria provided, single submitter",1,Pathogenic,APC,1,True
2583215,1019.0,single nucleotide variant,"criteria provided, single submitter",1,Pathogenic,APC,1,True
2583226,1376.0,single nucleotide variant,"criteria provided, single submitter",1,Pathogenic,APC,1,False
2583245,1157.0,single nucleotide variant,"criteria provided, single submitter",1,Pathogenic,APC,1,True
2583246,1695.0,single nucleotide variant,"criteria provided, single submitter",1,Pathogenic,APC,1,False
2583262,836.0,single nucleotide variant,"criteria provided, single submitter",1,Pathogenic,APC,1,False
2583278,957.0,single nucleotide variant,"criteria provided, single submitter",1,Pathogenic,APC,1,False
2583325,2072.0,single nucleotide variant,"criteria provided, single submitter",1,Pathogenic,APC,1,False
2583349,2440.0,Indel,"criteria provided, single submitter",1,Pathogenic,APC,1,False
2583360,2589.0,single nucleotide variant,"criteria provided, single submitter",1,Pathogenic,APC,1,False
2583391,2446.0,single nucleotide variant,"criteria provided, single submitter",1,Pathogenic,APC,1,False
2583396,788.0,single nucleotide variant,"criteria provided, single submitter",1,Pathogenic,APC,1,False
2583431,1564.0,single nucleotide variant,"criteria provided, single submitter",1,Pathogenic,APC,1,False
2583439,930.0,single nucleotide variant,"criteria provided, single submitter",1,Pathogenic,MSH6,1,True
2583458,287.0,Duplication,"criteria provided, single submitter",1,Pathogenic,APC,1,False
2583477,1385.0,Duplication,"criteria provided, single submitter",1,Pathogenic,APC,1,False
2583478,1462.0,Duplication,"criteria provided, single submitter",1,Pathogenic,APC,1,False
2583489,2578.0,single nucleotide variant,"criteria provided, single submitter",1,Pathogenic,APC,1,False
2583509,2146.0,single nucleotide variant,"criteria provided, single submitter",1,Pathogenic,APC,1,False
2583524,1224.0,Duplication,"criteria provided, single submitter",1,Pathogenic,APC,1,True
2583539,2096.0,single nucleotide variant,"criteria provided, single submitter",1,Pathogenic,APC,1,False
2583658,1084.0,Insertion,"criteria provided, single submitter",1,Pathogenic,APC,1,True
2583704,1032.0,single nucleotide variant,"criteria provided, multiple submitters, no conflicts",3,Pathogenic,APC,1,True
2583723,1300.0,Duplication,"criteria provided, single submitter",1,Pathogenic,APC,1,True
2583736,1518.0,single nucleotide variant,"criteria provided, single submitter",1,Pathogenic,APC,1,False
2583814,1829.0,Duplication,"criteria provided, multiple submitters, no conflicts",2,Pathogenic,BRCA1,1,True
2583844,1351.0,Duplication,"criteria provided, single submitter",1,Pathogenic,BRCA2,1,False
2583866,1615.0,single nucleotide variant,"criteria provided, single submitter",1,Pathogenic,APC,1,False
2583872,479.0,single nucleotide variant,"criteria provided, single submitter",1,Pathogenic,APC,1,False
2583876,65.0,single nucleotide variant,"criteria provided, single submitter",1,Pathogenic,APC,1,False
2583881,423.0,single nucleotide variant,"criteria provided, multiple submitters, no conflicts",4,Pathogenic,APC,1,False
2583882,471.0,single nucleotide variant,"criteria provided, single submitter",1,Pathogenic,APC,1,False
2583886,2570.0,single nucleotide variant,"criteria provided, multiple submitters, no conflicts",2,Pathogenic,APC,1,False
2583891,688.0,single nucleotide variant,"criteria provided, single submitter",1,Pathogenic,APC,1,False
2583895,398.0,single nucleotide variant,"criteria provided, single submitter",1,Pathogenic,APC,1,False
2583896,480.0,single nucleotide variant,"criteria provided, multiple submitters, no conflicts",3,Pathogenic,APC,1,False
2583905,132.0,single nucleotide variant,"criteria provided, single submitter",1,Pathogenic,APC,1,False
2583909,1577.0,single nucleotide variant,"criteria provided, single submitter",1,Pathogenic,APC,1,False
2583912,1857.0,single nucleotide variant,"criteria provided, single submitter",1,Pathogenic,APC,1,False
2583919,377.0,single nucleotide variant,"criteria provided, single submitter",1,Pathogenic,APC,1,False
2583937,823.0,single nucleotide variant,"criteria provided, single submitter",1,Pathogenic,APC,1,False
2583939,1143.0,single nucleotide variant,"criteria provided, multiple submitters, no conflicts",2,Pathogenic,APC,1,True
2583945,855.0,single nucleotide variant,"criteria provided, multiple submitters, no conflicts",3,Pathogenic,APC,1,False
2583946,1204.0,single nucleotide variant,"criteria provided, single submitter",1,Pathogenic,APC,1,True
2583947,320.0,single nucleotide variant,"criteria provided, multiple submitters, no conflicts",2,Pathogenic,APC,1,False
2583954,525.0,single nucleotide variant,"criteria provided, multiple submitters, no conflicts",2,Pathogenic,APC,1,False
2583956,1356.0,single nucleotide variant,"criteria provided, multiple submitters, no conflicts",4,Pathogenic,APC,1,False
2583965,1031.0,single nucleotide variant,"criteria provided, multiple submitters, no conflicts",2,Pathogenic,APC,1,True
2583966,1552.0,single nucleotide variant,"criteria provided, single submitter",1,Pathogenic,APC,1,False
2583968,1272.0,single nucleotide variant,"criteria provided, single submitter",1,Pathogenic,APC,1,True
2583970,416.0,Duplication,"criteria provided, multiple submitters, no conflicts",2,Pathogenic,APC,1,False
2583973,129.0,single nucleotide variant,"criteria provided, multiple submitters, no conflicts",2,Pathogenic,APC,1,False
2583983,583.0,single nucleotide variant,"criteria provided, single submitter",1,Pathogenic,APC,1,False
2583987,1260.0,single nucleotide variant,"criteria provided, single submitter",1,Pathogenic,APC,1,True
2583991,317.0,single nucleotide variant,"criteria provided, multiple submitters, no conflicts",3,Pathogenic,APC,1,False
2583992,875.0,single nucleotide variant,"criteria provided, single submitter",1,Pathogenic,APC,1,False
2584003,802.0,Duplication,"criteria provided, single submitter",1,Pathogenic,APC,1,False
2584014,477.0,single nucleotide variant,"criteria provided, single submitter",1,Pathogenic,APC,1,False
2584018,1059.0,single nucleotide variant,"criteria provided, single submitter",1,Pathogenic,APC,1,True
2584019,1477.0,single nucleotide variant,"criteria provided, multiple submitters, no conflicts",2,Pathogenic,APC,1,False
2584048,955.0,single nucleotide variant,"criteria provided, single submitter",1,Pathogenic,APC,1,False
2584050,341.0,single nucleotide variant,"criteria provided, single submitter",1,Pathogenic,APC,1,False
2584055,941.0,single nucleotide variant,"criteria provided, multiple submitters, no conflicts",3,Pathogenic,APC,1,False
2584059,493.0,single nucleotide variant,"criteria provided, single submitter",1,Pathogenic,APC,1,False
2584067,1265.0,single nucleotide variant,"criteria provided, single submitter",1,Pathogenic,APC,1,True
2584074,965.0,Insertion,"criteria provided, single submitter",1,Pathogenic,APC,1,True
2584078,1000.0,single nucleotide variant,"criteria provided, multiple submitters, no conflicts",2,Pathogenic,APC,1,True
2584083,947.0,single nucleotide variant,"criteria provided, single submitter",1,Pathogenic,APC,1,False
2584084,960.0,single nucleotide variant,"criteria provided, single submitter",1,Pathogenic,APC,1,True
2584095,460.0,single nucleotide variant,"criteria provided, multiple submitters, no conflicts",2,Pathogenic,APC,1,False
2584104,393.0,single nucleotide variant,"criteria provided, single submitter",1,Pathogenic,APC,1,False
2584114,2192.0,single nucleotide variant,"criteria provided, multiple submitters, no conflicts",2,Pathogenic,APC,1,False
2584116,1426.0,Duplication,"criteria provided, single submitter",1,Pathogenic,APC,1,False
2584117,21.0,single nucleotide variant,"criteria provided, single submitter",1,Pathogenic,APC,1,False
2584124,397.0,Duplication,"criteria provided, single submitter",1,Pathogenic,APC,1,False
2584136,654.0,single nucleotide variant,"criteria provided, multiple submitters, no conflicts",2,Pathogenic,APC,1,False
2584143,2207.0,single nucleotide variant,"criteria provided, single submitter",1,Pathogenic,APC,1,False
2584144,207.0,single nucleotide variant,"criteria provided, single submitter",1,Pathogenic,APC,1,False
2584148,1067.0,Indel,"criteria provided, single submitter",1,Pathogenic,APC,1,True
2584160,2440.0,single nucleotide variant,"criteria provided, single submitter",1,Pathogenic,APC,1,False
2584162,319.0,single nucleotide variant,"criteria provided, single submitter",1,Pathogenic,APC,1,False
2584166,912.0,single nucleotide variant,"criteria provided, single submitter",1,Pathogenic,APC,1,False
2584181,1327.0,single nucleotide variant,"criteria provided, single submitter",1,Pathogenic,APC,1,True
2584198,2196.0,single nucleotide variant,"criteria provided, single submitter",1,Pathogenic,APC,1,False
2584202,540.0,single nucleotide variant,"criteria provided, single submitter",1,Pathogenic,APC,1,False
2584216,757.0,single nucleotide variant,"criteria provided, multiple submitters, no conflicts",4,Pathogenic,APC,1,False
2584220,2328.0,single nucleotide variant,"criteria provided, single submitter",1,Pathogenic,APC,1,False
2584225,2101.0,single nucleotide variant,"criteria provided, single submitter",1,Pathogenic,APC,1,False
2584241,2041.0,single nucleotide variant,"criteria provided, single submitter",1,Pathogenic,APC,1,False
2584242,2463.0,single nucleotide variant,"criteria provided, single submitter",1,Pathogenic,APC,1,False
2584243,770.0,single nucleotide variant,"criteria provided, single submitter",1,Pathogenic,APC,1,False
2584248,918.0,single nucleotide variant,"criteria provided, single submitter",1,Pathogenic,APC,1,False
2584250,1952.0,single nucleotide variant,"criteria provided, single submitter",1,Pathogenic,APC,1,False
2584254,964.0,single nucleotide variant,"criteria provided, single submitter",1,Pathogenic,APC,1,True
2584259,923.0,single nucleotide variant,"criteria provided, single submitter",1,Pathogenic,APC,1,False
2584263,1645.0,single nucleotide variant,"criteria provided, single submitter",1,Pathogenic,APC,1,False
2584275,443.0,single nucleotide variant,"criteria provided, single submitter",1,Pathogenic,APC,1,False
2584278,2140.0,single nucleotide variant,"criteria provided, single submitter",1,Pathogenic,APC,1,False
2584283,1503.0,single nucleotide variant,"criteria provided, single submitter",1,Pathogenic,APC,1,False
2584285,1530.0,single nucleotide variant,"criteria provided, single submitter",1,Pathogenic,APC,1,False
2584286,2317.0,single nucleotide variant,"criteria provided, single submitter",1,Pathogenic,APC,1,False
2584295,2646.0,single nucleotide variant,"criteria provided, single submitter",1,Pathogenic,APC,1,False
2584297,684.0,single nucleotide variant,"criteria provided, multiple submitters, no conflicts",2,Pathogenic,APC,1,False
2584303,97.0,single nucleotide variant,"criteria provided, single submitter",1,Pathogenic,APC,1,False
2584314,469.0,single nucleotide variant,"criteria provided, single submitter",1,Pathogenic,MSH6,1,True
2584325,2057.0,single nucleotide variant,"criteria provided, single submitter",1,Pathogenic,APC,1,False
2584327,6.0,single nucleotide variant,"criteria provided, multiple submitters, no conflicts",2,Pathogenic,APC,1,False
2584332,2314.0,single nucleotide variant,"criteria provided, single submitter",1,Pathogenic,APC,1,False
2585829,1509.0,single nucleotide variant,"criteria provided, single submitter",1,Pathogenic,BRCA1,1,False
2585850,481.0,Duplication,"criteria provided, multiple submitters, no conflicts",2,Pathogenic,BRCA1,1,False
2586262,289.0,Indel,"criteria provided, single submitter",1,Benign,BRCA2,0,False
2586264,801.0,Duplication,"criteria provided, single submitter",1,Pathogenic,BRCA2,1,False
2586266,2979.0,single nucleotide variant,"criteria provided, single submitter",1,Benign,BRCA2,0,True
2586281,2920.0,single nucleotide variant,"criteria provided, single submitter",1,Benign,BRCA2,0,True
2586295,1661.0,single nucleotide variant,"criteria provided, single submitter",1,Pathogenic,BRCA2,1,False
2587320,1233.0,single nucleotide variant,"criteria provided, single submitter",1,Pathogenic,MSH6,1,True
2587344,1149.0,single nucleotide variant,"criteria provided, multiple submitters, no conflicts",2,Pathogenic,MSH6,1,True
2587529,299.0,single nucleotide variant,"criteria provided, multiple submitters, no conflicts",3,Pathogenic,MSH2,1,True
2624675,709.0,Insertion,"criteria provided, multiple submitters, no conflicts",2,Pathogenic,BRCA1,1,False
2624868,254.0,single nucleotide variant,"criteria provided, single submitter",1,Pathogenic,PTEN,1,False
2630813,1502.0,single nucleotide variant,"criteria provided, single submitter",1,Pathogenic,APC,1,False
2630888,219.0,single nucleotide variant,"criteria provided, multiple submitters, no conflicts",4,Pathogenic,PTEN,1,False
2633380,234.0,single nucleotide variant,"criteria provided, multiple submitters, no conflicts",4,Pathogenic,TP53,1,True
2663192,27.0,single nucleotide variant,"criteria provided, single submitter",1,Pathogenic,PTEN,1,True
2671888,259.0,single nucleotide variant,no assertion criteria provided,1,Pathogenic,TP53,1,True
2673301,572.0,single nucleotide variant,"criteria provided, single submitter",1,Pathogenic,MSH2,1,True
2673309,353.0,Insertion,"criteria provided, single submitter",1,Pathogenic,MSH2,1,True
2673310,752.0,single nucleotide variant,"criteria provided, single submitter",1,Pathogenic,MSH2,1,True
2673314,255.0,Duplication,"criteria provided, single submitter",1,Pathogenic,MSH2,1,True
2673317,260.0,single nucleotide variant,"criteria provided, single submitter",1,Pathogenic,MSH2,1,True
2673322,227.0,single nucleotide variant,"criteria provided, single submitter",1,Pathogenic,MSH2,1,True
2673325,699.0,single nucleotide variant,"criteria provided, multiple submitters, no conflicts",2,Pathogenic,MSH2,1,True
2673333,203.0,single nucleotide variant,"criteria provided, multiple submitters, no conflicts",2,Pathogenic,MSH2,1,True
2673350,683.0,single nucleotide variant,"criteria provided, single submitter",1,Pathogenic,MSH2,1,True
2673356,268.0,single nucleotide variant,"criteria provided, multiple submitters, no conflicts",2,Pathogenic,MSH2,1,True
2673359,698.0,Duplication,"criteria provided, single submitter",1,Pathogenic,MSH2,1,True
2673379,372.0,single nucleotide variant,"criteria provided, single submitter",1,Pathogenic,MSH2,1,True
2673380,42.0,Indel,"criteria provided, multiple submitters, no conflicts",3,Pathogenic,MSH2,1,False
2673384,11.0,single nucleotide variant,"criteria provided, single submitter",1,Pathogenic,MSH2,1,False
2673393,199.0,Duplication,"criteria provided, single submitter",1,Pathogenic,MSH2,1,True
2673407,872.0,Indel,"criteria provided, single submitter",1,Pathogenic,MSH2,1,False
2673408,402.0,Insertion,"criteria provided, single submitter",1,Pathogenic,MSH2,1,True
2673414,99.0,single nucleotide variant,"criteria provided, single submitter",1,Pathogenic,MSH2,1,False
2673431,753.0,single nucleotide variant,"criteria provided, single submitter",1,Pathogenic,MSH2,1,True
2673434,757.0,single nucleotide variant,"criteria provided, single submitter",1,Pathogenic,MSH2,1,True
2673444,258.0,single nucleotide variant,"criteria provided, single submitter",1,Pathogenic,MSH2,1,True
2673451,417.0,Duplication,"criteria provided, single submitter",1,Pathogenic,MSH2,1,True
2673453,559.0,single nucleotide variant,"criteria provided, single submitter",1,Pathogenic,MSH2,1,True
2673458,376.0,single nucleotide variant,"criteria provided, multiple submitters, no conflicts",2,Pathogenic,MSH2,1,True
2673463,280.0,single nucleotide variant,"criteria provided, single submitter",1,Pathogenic,MSH2,1,True
2673469,340.0,single nucleotide variant,"criteria provided, single submitter",1,Pathogenic,MSH2,1,True
2673479,854.0,Duplication,"criteria provided, single submitter",1,Pathogenic,MSH2,1,False
2673594,925.0,single nucleotide variant,"criteria provided, multiple submitters, no conflicts",3,Pathogenic,MSH6,1,True
2673602,158.0,single nucleotide variant,"criteria provided, single submitter",1,Pathogenic,MSH6,1,False
2673615,776.0,single nucleotide variant,"criteria provided, single submitter",1,Pathogenic,MSH6,1,True
2673617,1298.0,single nucleotide variant,"criteria provided, single submitter",1,Pathogenic,MSH6,1,True
2673624,1254.0,single nucleotide variant,"criteria provided, multiple submitters, no conflicts",2,Pathogenic,MSH6,1,True
2673637,65.0,single nucleotide variant,"criteria provided, single submitter",1,Pathogenic,MSH6,1,False
2673639,1145.0,single nucleotide variant,"criteria provided, multiple submitters, no conflicts",3,Pathogenic,MSH6,1,True
2673649,281.0,single nucleotide variant,"criteria provided, single submitter",1,Pathogenic,MSH6,1,False
2673650,148.0,single nucleotide variant,"criteria provided, multiple submitters, no conflicts",2,Pathogenic,MSH6,1,False
2673660,814.0,single nucleotide variant,"criteria provided, single submitter",1,Pathogenic,MSH6,1,True
2673661,559.0,single nucleotide variant,"criteria provided, single submitter",1,Pathogenic,MSH6,1,True
2673664,226.0,single nucleotide variant,"criteria provided, single submitter",1,Pathogenic,MSH6,1,False
2673667,125.0,single nucleotide variant,"criteria provided, multiple submitters, no conflicts",3,Pathogenic,MSH6,1,False
2673670,1240.0,Duplication,"criteria provided, single submitter",1,Pathogenic,MSH6,1,True
2673671,537.0,single nucleotide variant,"criteria provided, multiple submitters, no conflicts",2,Pathogenic,MSH6,1,True
2673680,1256.0,Duplication,"criteria provided, single submitter",1,Pathogenic,MSH6,1,True
2673683,438.0,Duplication,"criteria provided, single submitter",1,Pathogenic,MSH6,1,True
2673687,923.0,single nucleotide variant,"criteria provided, multiple submitters, no conflicts",4,Pathogenic,MSH6,1,True
2673695,507.0,Duplication,"criteria provided, single submitter",1,Pathogenic,MSH6,1,True
2673704,504.0,single nucleotide variant,"criteria provided, multiple submitters, no conflicts",2,Pathogenic,MSH6,1,True
2673707,1244.0,single nucleotide variant,"criteria provided, single submitter",1,Pathogenic,MSH6,1,True
2673718,777.0,Insertion,"criteria provided, single submitter",1,Pathogenic,MSH6,1,True
2673719,484.0,Indel,"criteria provided, single submitter",1,Pathogenic,MSH6,1,True
2673721,1240.0,Duplication,"criteria provided, multiple submitters, no conflicts",2,Pathogenic,MSH6,1,True
2673725,229.0,single nucleotide variant,"criteria provided, single submitter",1,Pathogenic,MSH6,1,False
2673751,870.0,single nucleotide variant,"criteria provided, single submitter",1,Pathogenic,MSH6,1,True
2673754,235.0,Duplication,"criteria provided, single submitter",1,Pathogenic,MSH6,1,False
2673758,1288.0,Microsatellite,"criteria provided, multiple submitters, no conflicts",3,Pathogenic,MSH6,1,True
2673763,456.0,Duplication,"criteria provided, single submitter",1,Pathogenic,MSH6,1,True
2673777,321.0,Indel,"criteria provided, single submitter",1,Pathogenic,MSH6,1,False
2673785,1065.0,Duplication,"criteria provided, single submitter",1,Pathogenic,MSH6,1,True
2673788,533.0,single nucleotide variant,"criteria provided, single submitter",1,Pathogenic,MSH6,1,True
2673790,679.0,single nucleotide variant,"criteria provided, single submitter",1,Pathogenic,MSH6,1,True
2673796,692.0,single nucleotide variant,"criteria provided, single submitter",1,Pathogenic,MSH6,1,True
2673797,1185.0,single nucleotide variant,"criteria provided, single submitter",1,Pathogenic,MSH6,1,True
2673890,565.0,single nucleotide variant,"criteria provided, single submitter",1,Pathogenic,PMS2,1,True
2673895,278.0,Indel,"criteria provided, single submitter",1,Pathogenic,PTEN,1,False
2673900,717.0,single nucleotide variant,"criteria provided, multiple submitters, no conflicts",2,Pathogenic,MLH1,1,False
2673922,291.0,single nucleotide variant,"criteria provided, single submitter",1,Pathogenic,PTEN,1,False
2673924,381.0,single nucleotide variant,"criteria provided, single submitter",1,Pathogenic,MSH6,1,False
2673928,331.0,Duplication,"criteria provided, single submitter",1,Pathogenic,PTEN,1,False
2673929,342.0,single nucleotide variant,"criteria provided, single submitter",1,Pathogenic,PTEN,1,False
2673988,906.0,Insertion,"criteria provided, multiple submitters, no conflicts",2,Pathogenic,BRCA2,1,False
2673997,684.0,single nucleotide variant,"criteria provided, single submitter",1,Pathogenic,MLH1,1,False
2674004,182.0,Insertion,"criteria provided, single submitter",1,Pathogenic,TP53,1,True
2674020,123.0,Duplication,"criteria provided, multiple submitters, no conflicts",2,Pathogenic,MSH2,1,False
2674034,515.0,single nucleotide variant,"criteria provided, multiple submitters, no conflicts",2,Pathogenic,MLH1,1,False
2674076,483.0,single nucleotide variant,"criteria provided, single submitter",1,Pathogenic,MLH1,1,False
2674104,620.0,Duplication,"criteria provided, single submitter",1,Pathogenic,MLH1,1,False
2674147,121.0,Duplication,"criteria provided, single submitter",1,Pathogenic,MLH1,1,True
2674163,674.0,single nucleotide variant,"criteria provided, single submitter",1,Pathogenic,MLH1,1,False
2674204,208.0,single nucleotide variant,"criteria provided, multiple submitters, no conflicts",3,Pathogenic,PMS2,1,True
2674207,225.0,Duplication,"criteria provided, multiple submitters, no conflicts",3,Pathogenic,MLH1,1,True
2674210,406.0,single nucleotide variant,"criteria provided, multiple submitters, no conflicts",2,Pathogenic,PMS2,1,True
2674212,573.0,Indel,"criteria provided, single submitter",1,Pathogenic,PMS2,1,True
2674213,779.0,single nucleotide variant,"criteria provided, single submitter",1,Pathogenic,PMS2,1,True
2674220,303.0,single nucleotide variant,"criteria provided, single submitter",1,Pathogenic,PMS2,1,True
2674221,78.0,single nucleotide variant,"criteria provided, single submitter",1,Pathogenic,MLH1,1,True
2674223,195.0,single nucleotide variant,"criteria provided, multiple submitters, no conflicts",3,Pathogenic,PMS2,1,True
2674234,515.0,single nucleotide variant,"criteria provided, single submitter",1,Pathogenic,PMS2,1,True
2674236,473.0,single nucleotide variant,"criteria provided, single submitter",1,Pathogenic,PMS2,1,True
2674237,149.0,single nucleotide variant,"criteria provided, single submitter",1,Pathogenic,PMS2,1,True
2674245,253.0,single nucleotide variant,"criteria provided, single submitter",1,Pathogenic,PMS2,1,True
2674248,7.0,single nucleotide variant,"criteria provided, multiple submitters, no conflicts",2,Pathogenic,PMS2,1,False
2674257,100.0,single nucleotide variant,"criteria provided, multiple submitters, no conflicts",2,Pathogenic,PMS2,1,True
2674268,645.0,Duplication,"criteria provided, multiple submitters, no conflicts",2,Pathogenic,PMS2,1,True
2674273,470.0,Indel,"criteria provided, single submitter",1,Pathogenic,PMS2,1,True
2674303,112.0,single nucleotide variant,"criteria provided, multiple submitters, no conflicts",3,Pathogenic,PTEN,1,True
2674308,88.0,single nucleotide variant,"criteria provided, multiple submitters, no conflicts",3,Pathogenic,PTEN,1,True
2674312,91.0,single nucleotide variant,"criteria provided, single submitter",1,Pathogenic,PTEN,1,True
2674319,214.0,Indel,"criteria provided, single submitter",1,Pathogenic,PTEN,1,False
2674322,11.0,single nucleotide variant,"criteria provided, single submitter",1,Pathogenic,PTEN,1,False
2674336,114.0,single nucleotide variant,"criteria provided, single submitter",2,Pathogenic,PTEN,1,True
2674344,242.0,single nucleotide variant,"criteria provided, single submitter",1,Pathogenic,PTEN,1,False
2674347,164.0,single nucleotide variant,"criteria provided, multiple submitters, no conflicts",2,Pathogenic,PTEN,1,True
2674354,149.0,Duplication,"criteria provided, multiple submitters, no conflicts",2,Pathogenic,PTEN,1,True
2674361,229.0,single nucleotide variant,"criteria provided, single submitter",1,Pathogenic,PTEN,1,False
2674368,140.0,single nucleotide variant,"criteria provided, single submitter",1,Pathogenic,PTEN,1,True
2674372,41.0,single nucleotide variant,"criteria provided, single submitter",1,Pathogenic,PTEN,1,True
2674374,240.0,single nucleotide variant,"criteria provided, single submitter",1,Pathogenic,PTEN,1,False
2674382,27.0,single nucleotide variant,"criteria provided, single submitter",1,Pathogenic,PTEN,1,True
2674387,183.0,Insertion,"criteria provided, single submitter",1,Pathogenic,PTEN,1,False
2674439,283.0,single nucleotide variant,"criteria provided, single submitter",1,Pathogenic,MLH1,1,True
2674448,348.0,single nucleotide variant,"criteria provided, multiple submitters, no conflicts",4,Pathogenic,MLH1,1,False
2674458,537.0,Duplication,"criteria provided, single submitter",1,Pathogenic,MLH1,1,False
2674461,116.0,Duplication,"criteria provided, single submitter",1,Pathogenic,BRCA1,1,False
2674467,89.0,Duplication,"criteria provided, multiple submitters, no conflicts",2,Pathogenic,MLH1,1,True
2674475,161.0,single nucleotide variant,"criteria provided, single submitter",1,Pathogenic,BRCA2,1,False
2674476,157.0,single nucleotide variant,"criteria provided, single submitter",1,Pathogenic,MLH1,1,True
2674477,126.0,single nucleotide variant,"criteria provided, single submitter",1,Pathogenic,MLH1,1,True
2674479,2498.0,single nucleotide variant,"criteria provided, single submitter",1,Pathogenic,BRCA2,1,False
2674487,245.0,Duplication,"criteria provided, single submitter",1,Pathogenic,MLH1,1,True
2674493,327.0,Indel,"criteria provided, single submitter",1,Pathogenic,MLH1,1,False
2674502,1688.0,Microsatellite,"criteria provided, single submitter",1,Pathogenic,BRCA2,1,False
2674506,690.0,Duplication,"criteria provided, multiple submitters, no conflicts",2,Pathogenic,MLH1,1,False
2674507,140.0,single nucleotide variant,"criteria provided, single submitter",1,Pathogenic,MLH1,1,True
2674510,751.0,single nucleotide variant,"criteria provided, multiple submitters, no conflicts",2,Pathogenic,MLH1,1,False
2674522,651.0,single nucleotide variant,"criteria provided, single submitter",1,Pathogenic,MLH1,1,False
2674539,173.0,single nucleotide variant,"criteria provided, single submitter",1,Pathogenic,MLH1,1,True
2674553,475.0,single nucleotide variant,"criteria provided, single submitter",1,Pathogenic,MLH1,1,False
2674560,754.0,Duplication,"criteria provided, single submitter",1,Pathogenic,MLH1,1,False
2678177,1194.0,single nucleotide variant,"criteria provided, single submitter",1,Pathogenic,APC,1,True
2681828,1507.0,single nucleotide variant,"criteria provided, multiple submitters, no conflicts",3,Pathogenic,BRCA2,1,False
2682095,236.0,single nucleotide variant,"criteria provided, single submitter",1,Pathogenic,TP53,1,True
2682150,736.0,single nucleotide variant,"criteria provided, single submitter",1,Pathogenic,BRCA1,1,False
2687617,132.0,single nucleotide variant,"criteria provided, single submitter",2,Pathogenic,PTEN,1,True
2687634,179.0,Microsatellite,"criteria provided, single submitter",3,Pathogenic,TP53,1,True
2687642,151.0,single nucleotide variant,"criteria provided, single submitter",2,Benign,TP53,0,True
2690994,2430.0,single nucleotide variant,"criteria provided, single submitter",2,Pathogenic,BRCA2,1,False
2691998,693.0,Duplication,"criteria provided, multiple submitters, no conflicts",2,Pathogenic,BRCA1,1,False
2692235,1391.0,single nucleotide variant,"criteria provided, single submitter",2,Pathogenic,BRCA2,1,False
2692237,1800.0,single nucleotide variant,"criteria provided, multiple submitters, no conflicts",3,Pathogenic,BRCA2,1,False
2692244,2378.0,single nucleotide variant,no assertion criteria provided,1,Pathogenic,BRCA2,1,False
2692719,1042.0,single nucleotide variant,"criteria provided, single submitter",1,Pathogenic,BRCA2,1,False
2695347,1175.0,Insertion,"criteria provided, single submitter",1,Pathogenic,MSH6,1,True
2695707,1726.0,single nucleotide variant,"criteria provided, single submitter",1,Pathogenic,BRCA2,1,False
2698505,889.0,single nucleotide variant,"criteria provided, single submitter",1,Benign,MSH6,0,True
2699051,1522.0,single nucleotide variant,"criteria provided, single submitter",1,Pathogenic,BRCA2,1,False
2700032,3256.0,single nucleotide variant,"criteria provided, single submitter",1,Pathogenic,BRCA2,1,False
2700111,151.0,Indel,"criteria provided, single submitter",1,Pathogenic,TP53,1,True
2702402,113.0,single nucleotide variant,"criteria provided, single submitter",1,Pathogenic,TP53,1,True
2703491,1739.0,Insertion,"criteria provided, single submitter",1,Pathogenic,BRCA2,1,False
2703546,396.0,single nucleotide variant,"criteria provided, single submitter",1,Pathogenic,MSH2,1,True
2703693,30.0,Insertion,"criteria provided, single submitter",1,Pathogenic,BRCA2,1,False
2707429,1187.0,Duplication,"criteria provided, single submitter",1,Pathogenic,BRCA1,1,False
2708474,545.0,single nucleotide variant,"criteria provided, multiple submitters, no conflicts",2,Pathogenic,MSH6,1,True
2713865,810.0,single nucleotide variant,"criteria provided, single submitter",1,Pathogenic,MSH6,1,True
2718740,161.0,single nucleotide variant,"criteria provided, multiple submitters, no conflicts",2,Pathogenic,PMS2,1,True
2734757,422.0,single nucleotide variant,"criteria provided, single submitter",1,Pathogenic,APC,1,False
2734769,1346.0,single nucleotide variant,"criteria provided, single submitter",1,Pathogenic,APC,1,False
2736417,236.0,Deletion,"criteria provided, single submitter",1,Pathogenic,TP53,1,True
2738389,122.0,single nucleotide variant,"criteria provided, single submitter",1,Pathogenic,MSH2,1,False
2743918,174.0,Microsatellite,"criteria provided, single submitter",1,Pathogenic,APC,1,False
2746091,1244.0,single nucleotide variant,"criteria provided, single submitter",1,Pathogenic,MSH6,1,True
2747562,47.0,single nucleotide variant,"criteria provided, single submitter",1,Benign,PMS2,0,True
2752670,261.0,Duplication,"criteria provided, single submitter",1,Pathogenic,PTEN,1,False
2752691,476.0,single nucleotide variant,"criteria provided, multiple submitters, no conflicts",2,Pathogenic,MSH6,1,True
2754121,707.0,Duplication,"criteria provided, single submitter",1,Pathogenic,PMS2,1,True
2754323,604.0,single nucleotide variant,"criteria provided, single submitter",1,Pathogenic,BRCA2,1,False
2757181,365.0,single nucleotide variant,"criteria provided, single submitter",1,Pathogenic,MSH6,1,False
2757937,878.0,single nucleotide variant,"criteria provided, single submitter",1,Pathogenic,MSH2,1,False
2761286,2414.0,single nucleotide variant,"criteria provided, single submitter",1,Pathogenic,BRCA2,1,False
2761442,434.0,single nucleotide variant,"criteria provided, single submitter",1,Pathogenic,MSH6,1,True
2762198,180.0,Indel,"criteria provided, single submitter",1,Pathogenic,PTEN,1,True
2763042,885.0,Duplication,"criteria provided, single submitter",1,Pathogenic,MSH6,1,True
2766336,285.0,single nucleotide variant,"criteria provided, single submitter",2,Pathogenic,TP53,1,True
2771592,1338.0,Indel,"criteria provided, single submitter",1,Pathogenic,APC,1,False
2773580,592.0,Duplication,"criteria provided, multiple submitters, no conflicts",2,Pathogenic,MLH1,1,False
2773639,487.0,Duplication,"criteria provided, multiple submitters, no conflicts",2,Pathogenic,MSH6,1,True
2774098,192.0,single nucleotide variant,"criteria provided, single submitter",1,Pathogenic,APC,1,False
2774841,1346.0,single nucleotide variant,"criteria provided, single submitter",1,Pathogenic,BRCA1,1,False
2774869,34.0,Insertion,"criteria provided, multiple submitters, no conflicts",2,Pathogenic,BRCA2,1,False
2774896,1113.0,single nucleotide variant,"criteria provided, multiple submitters, no conflicts",3,Pathogenic,BRCA2,1,False
2774966,3133.0,single nucleotide variant,"criteria provided, multiple submitters, no conflicts",3,Pathogenic,BRCA2,1,False
2780063,1550.0,single nucleotide variant,"criteria provided, single submitter",1,Pathogenic,APC,1,False
2811091,592.0,single nucleotide variant,"criteria provided, single submitter",1,Pathogenic,PMS2,1,True
2811182,2355.0,single nucleotide variant,"criteria provided, single submitter",1,Pathogenic,APC,1,False
2811747,728.0,single nucleotide variant,"criteria provided, multiple submitters, no conflicts",2,Pathogenic,BRCA1,1,False
2814198,544.0,single nucleotide variant,"criteria provided, single submitter",1,Pathogenic,MLH1,1,False
2816065,3084.0,single nucleotide variant,"criteria provided, single submitter",1,Pathogenic,BRCA2,1,False
2816712,670.0,Duplication,"criteria provided, single submitter",1,Pathogenic,PMS2,1,True
2817584,254.0,Indel,"criteria provided, single submitter",1,Pathogenic,TP53,1,True
2823140,547.0,single nucleotide variant,"criteria provided, single submitter",1,Pathogenic,BRCA2,1,False
2823788,2222.0,single nucleotide variant,"criteria provided, single submitter",1,Pathogenic,BRCA2,1,False
2824347,3115.0,single nucleotide variant,"criteria provided, multiple submitters, no conflicts",2,Pathogenic,BRCA2,1,False
2824395,1261.0,Duplication,"criteria provided, single submitter",1,Pathogenic,BRCA1,1,False
2824923,1799.0,single nucleotide variant,"criteria provided, single submitter",1,Pathogenic,APC,1,False
2825595,2263.0,Duplication,"criteria provided, single submitter",1,Pathogenic,APC,1,False
2825624,995.0,Insertion,"criteria provided, single submitter",1,Pathogenic,BRCA1,1,False
2826597,771.0,single nucleotide variant,"criteria provided, multiple submitters, no conflicts",2,Pathogenic,BRCA1,1,False
2828310,596.0,single nucleotide variant,"criteria provided, single submitter",1,Pathogenic,APC,1,False
2830638,12.0,single nucleotide variant,"criteria provided, single submitter",1,Pathogenic,APC,1,False
2836793,322.0,single nucleotide variant,"criteria provided, single submitter",1,Pathogenic,BRCA2,1,False
2840867,947.0,single nucleotide variant,"criteria provided, single submitter",1,Pathogenic,BRCA2,1,False
2842766,573.0,single nucleotide variant,"criteria provided, multiple submitters, no conflicts",2,Pathogenic,BRCA1,1,False
2845510,2918.0,single nucleotide variant,"criteria provided, single submitter",1,Pathogenic,BRCA2,1,True
2848722,1026.0,Duplication,"criteria provided, single submitter",1,Pathogenic,BRCA1,1,False
2854985,2359.0,single nucleotide variant,"criteria provided, single submitter",1,Pathogenic,BRCA2,1,False
2857286,1944.0,single nucleotide variant,"criteria provided, single submitter",1,Pathogenic,BRCA2,1,False
2858099,106.0,single nucleotide variant,"criteria provided, single submitter",1,Pathogenic,MSH6,1,False
2864171,1246.0,single nucleotide variant,"criteria provided, multiple submitters, no conflicts",2,Pathogenic,MSH6,1,True
2865905,518.0,Microsatellite,"criteria provided, single submitter",1,Pathogenic,BRCA1,1,False
2884029,194.0,single nucleotide variant,"criteria provided, multiple submitters, no conflicts",3,Pathogenic,PTEN,1,False
2884071,1254.0,single nucleotide variant,"criteria provided, multiple submitters, no conflicts",2,Pathogenic,BRCA1,1,False
2907438,1919.0,Duplication,"criteria provided, single submitter",1,Pathogenic,BRCA2,1,False
2907440,2065.0,single nucleotide variant,"criteria provided, multiple submitters, no conflicts",2,Pathogenic,BRCA2,1,False
2910428,1552.0,single nucleotide variant,"criteria provided, single submitter",1,Pathogenic,BRCA1,1,False
2912371,2215.0,single nucleotide variant,"criteria provided, single submitter",1,Pathogenic,BRCA2,1,False
2982191,1894.0,Insertion,"criteria provided, single submitter",1,Pathogenic,BRCA2,1,False
2982228,1005.0,single nucleotide variant,"criteria provided, single submitter",1,Pathogenic,BRCA1,1,False
2994101,754.0,single nucleotide variant,"criteria provided, multiple submitters, no conflicts",2,Pathogenic,BRCA2,1,False
3053781,2017.0,single nucleotide variant,"criteria provided, single submitter",2,Benign,APC,0,False
3061924,37.0,Duplication,"criteria provided, single submitter",1,Pathogenic,MLH1,1,True
3063864,248.0,Insertion,"criteria provided, single submitter",1,Pathogenic,PMS2,1,True
3068678,74.0,Duplication,"criteria provided, single submitter",1,Pathogenic,PTEN,1,True
3073658,2363.0,single nucleotide variant,"criteria provided, multiple submitters, no conflicts",2,Pathogenic,BRCA2,1,False
3075796,803.0,Duplication,"criteria provided, multiple submitters, no conflicts",2,Pathogenic,BRCA2,1,False
3076013,113.0,single nucleotide variant,"criteria provided, single submitter",1,Pathogenic,PMS2,1,True
3147980,1544.0,single nucleotide variant,"criteria provided, single submitter",1,Benign,APC,0,False
3147983,175.0,single nucleotide variant,"criteria provided, single submitter",1,Benign,APC,0,False
3147985,77.0,single nucleotide variant,"criteria provided, single submitter",1,Benign,APC,0,False
3147987,928.0,single nucleotide variant,"criteria provided, single submitter",1,Benign,APC,0,False
3147988,1553.0,single nucleotide variant,"criteria provided, single submitter",1,Benign,APC,0,False
3147992,1365.0,single nucleotide variant,"criteria provided, single submitter",1,Benign,APC,0,False
3147996,780.0,single nucleotide variant,"criteria provided, single submitter",1,Benign,APC,0,False
3147997,1554.0,single nucleotide variant,"criteria provided, single submitter",1,Benign,APC,0,False
3147998,371.0,single nucleotide variant,"criteria provided, single submitter",1,Benign,APC,0,False
3147999,1059.0,single nucleotide variant,"criteria provided, single submitter",1,Benign,APC,0,True
3148000,1519.0,single nucleotide variant,"criteria provided, single submitter",1,Benign,APC,0,False
3148001,1191.0,single nucleotide variant,"criteria provided, single submitter",1,Benign,APC,0,True
3148004,282.0,single nucleotide variant,"criteria provided, single submitter",1,Benign,APC,0,False
3148006,59.0,single nucleotide variant,"criteria provided, single submitter",1,Benign,APC,0,False
3148008,1687.0,single nucleotide variant,"criteria provided, single submitter",1,Benign,APC,0,False
3148012,1545.0,single nucleotide variant,"criteria provided, single submitter",1,Benign,APC,0,False
3148013,905.0,single nucleotide variant,"criteria provided, single submitter",1,Benign,APC,0,False
3148014,1482.0,single nucleotide variant,"criteria provided, single submitter",1,Benign,APC,0,False
3148018,273.0,single nucleotide variant,"criteria provided, single submitter",1,Benign,APC,0,False
3148019,429.0,single nucleotide variant,"criteria provided, single submitter",1,Benign,APC,0,False
3148021,817.0,single nucleotide variant,"criteria provided, single submitter",1,Benign,APC,0,False
3148023,79.0,single nucleotide variant,"criteria provided, single submitter",1,Benign,APC,0,False
3148024,1079.0,single nucleotide variant,"criteria provided, single submitter",1,Benign,APC,0,True
3148030,694.0,single nucleotide variant,"criteria provided, single submitter",1,Benign,APC,0,False
3148035,62.0,single nucleotide variant,"criteria provided, single submitter",1,Benign,APC,0,False
3148044,1692.0,single nucleotide variant,"criteria provided, single submitter",1,Benign,APC,0,False
3148047,190.0,single nucleotide variant,"criteria provided, single submitter",1,Benign,APC,0,False
3148048,794.0,single nucleotide variant,"criteria provided, single submitter",1,Benign,APC,0,False
3148055,634.0,single nucleotide variant,"criteria provided, single submitter",1,Benign,APC,0,False
3148057,1571.0,single nucleotide variant,"criteria provided, single submitter",1,Benign,APC,0,False
3148063,299.0,single nucleotide variant,"criteria provided, single submitter",1,Benign,APC,0,False
3148065,107.0,single nucleotide variant,"criteria provided, single submitter",1,Benign,APC,0,False
3148066,114.0,single nucleotide variant,"criteria provided, single submitter",1,Benign,APC,0,False
3148069,829.0,single nucleotide variant,"criteria provided, single submitter",1,Benign,APC,0,False
3148070,1242.0,single nucleotide variant,"criteria provided, single submitter",1,Benign,APC,0,True
3148073,1691.0,single nucleotide variant,"criteria provided, single submitter",1,Benign,APC,0,False
3148074,1280.0,single nucleotide variant,"criteria provided, single submitter",1,Benign,APC,0,True
3148076,1230.0,single nucleotide variant,"criteria provided, single submitter",1,Benign,APC,0,True
3148077,1497.0,single nucleotide variant,"criteria provided, single submitter",1,Benign,APC,0,False
3148082,219.0,single nucleotide variant,"criteria provided, single submitter",1,Benign,APC,0,False
3148087,484.0,single nucleotide variant,"criteria provided, single submitter",1,Benign,APC,0,False
3148089,1504.0,single nucleotide variant,"criteria provided, single submitter",1,Benign,APC,0,False
3148094,1457.0,single nucleotide variant,"criteria provided, single submitter",1,Benign,APC,0,False
3148096,867.0,single nucleotide variant,"criteria provided, single submitter",1,Benign,APC,0,False
3148099,596.0,single nucleotide variant,"criteria provided, single submitter",1,Benign,APC,0,False
3148103,1158.0,single nucleotide variant,"criteria provided, single submitter",1,Benign,APC,0,True
3148110,407.0,single nucleotide variant,"criteria provided, single submitter",1,Benign,APC,0,False
3148114,1577.0,single nucleotide variant,"criteria provided, single submitter",1,Benign,APC,0,False
3148119,1325.0,single nucleotide variant,"criteria provided, single submitter",1,Benign,APC,0,True
3148121,38.0,single nucleotide variant,"criteria provided, multiple submitters, no conflicts",3,Pathogenic,TP53,1,False
3148128,1288.0,single nucleotide variant,"criteria provided, single submitter",1,Benign,APC,0,True
3148129,368.0,single nucleotide variant,"criteria provided, single submitter",1,Benign,APC,0,False
3148130,1529.0,single nucleotide variant,"criteria provided, single submitter",1,Benign,APC,0,False
3148131,1662.0,single nucleotide variant,"criteria provided, single submitter",1,Benign,APC,0,False
3148139,572.0,single nucleotide variant,"criteria provided, single submitter",1,Benign,APC,0,False
3148150,2040.0,single nucleotide variant,"criteria provided, single submitter",1,Pathogenic,APC,1,False
3148154,656.0,single nucleotide variant,"criteria provided, single submitter",1,Benign,APC,0,False
3148163,1520.0,single nucleotide variant,"criteria provided, single submitter",1,Benign,APC,0,False
3148174,1186.0,single nucleotide variant,"criteria provided, single submitter",1,Benign,APC,0,True
3148175,113.0,single nucleotide variant,"criteria provided, single submitter",1,Benign,APC,0,False
3148176,836.0,single nucleotide variant,"criteria provided, single submitter",1,Benign,APC,0,False
3148179,39.0,single nucleotide variant,"criteria provided, single submitter",1,Benign,APC,0,False
3148181,1522.0,single nucleotide variant,"criteria provided, single submitter",1,Benign,APC,0,False
3148186,410.0,single nucleotide variant,"criteria provided, single submitter",1,Benign,APC,0,False
3148188,567.0,single nucleotide variant,"criteria provided, single submitter",1,Benign,APC,0,False
3148189,655.0,single nucleotide variant,"criteria provided, single submitter",1,Benign,APC,0,False
3148190,752.0,single nucleotide variant,"criteria provided, single submitter",1,Benign,APC,0,False
3148192,1319.0,single nucleotide variant,"criteria provided, single submitter",1,Benign,APC,0,True
3148193,1446.0,single nucleotide variant,"criteria provided, single submitter",1,Benign,APC,0,False
3148194,1453.0,single nucleotide variant,"criteria provided, single submitter",1,Benign,APC,0,False
3148197,1379.0,single nucleotide variant,"criteria provided, single submitter",1,Benign,APC,0,False
3148199,456.0,single nucleotide variant,"criteria provided, single submitter",1,Benign,APC,0,False
3148200,409.0,single nucleotide variant,"criteria provided, single submitter",1,Benign,APC,0,False
3148205,1219.0,single nucleotide variant,"criteria provided, single submitter",1,Benign,APC,0,True
3148206,760.0,single nucleotide variant,"criteria provided, single submitter",1,Benign,APC,0,False
3148208,907.0,single nucleotide variant,"criteria provided, single submitter",1,Benign,APC,0,False
3148211,981.0,single nucleotide variant,"criteria provided, single submitter",1,Benign,APC,0,True
3148216,121.0,single nucleotide variant,"criteria provided, single submitter",1,Benign,APC,0,False
3148219,659.0,single nucleotide variant,"criteria provided, single submitter",1,Benign,APC,0,False
3148221,1534.0,single nucleotide variant,"criteria provided, single submitter",1,Benign,APC,0,False
3148227,960.0,single nucleotide variant,"criteria provided, single submitter",1,Benign,APC,0,True
3148238,1296.0,single nucleotide variant,"criteria provided, single submitter",1,Benign,APC,0,True
3148241,1509.0,single nucleotide variant,"criteria provided, single submitter",1,Benign,APC,0,False
3148242,273.0,single nucleotide variant,"criteria provided, single submitter",1,Benign,APC,0,False
3148248,214.0,single nucleotide variant,"criteria provided, single submitter",1,Benign,APC,0,False
3148251,185.0,single nucleotide variant,"criteria provided, single submitter",1,Benign,APC,0,False
3148265,400.0,single nucleotide variant,"criteria provided, single submitter",1,Benign,APC,0,False
3148272,1420.0,single nucleotide variant,"criteria provided, single submitter",1,Benign,APC,0,False
3148277,457.0,single nucleotide variant,"criteria provided, single submitter",1,Benign,APC,0,False
3148278,1165.0,single nucleotide variant,"criteria provided, single submitter",1,Benign,APC,0,True
3148279,369.0,single nucleotide variant,"criteria provided, single submitter",1,Benign,APC,0,False
3148288,721.0,single nucleotide variant,"criteria provided, single submitter",1,Benign,APC,0,False
3148292,1326.0,single nucleotide variant,"criteria provided, single submitter",1,Benign,APC,0,True
3148295,1539.0,single nucleotide variant,"criteria provided, single submitter",1,Benign,APC,0,False
3148297,232.0,single nucleotide variant,"criteria provided, single submitter",1,Benign,APC,0,False
3148298,1514.0,single nucleotide variant,"criteria provided, single submitter",1,Benign,APC,0,False
3148305,1598.0,single nucleotide variant,"criteria provided, single submitter",1,Benign,APC,0,False
3148306,1004.0,single nucleotide variant,"criteria provided, single submitter",1,Benign,APC,0,True
3148308,1487.0,single nucleotide variant,"criteria provided, single submitter",1,Benign,APC,0,False
3148309,1697.0,single nucleotide variant,"criteria provided, single submitter",1,Benign,APC,0,False
3148312,348.0,single nucleotide variant,"criteria provided, single submitter",1,Benign,APC,0,False
3148327,206.0,single nucleotide variant,"criteria provided, single submitter",1,Pathogenic,TP53,1,True
3148329,1188.0,single nucleotide variant,"criteria provided, single submitter",1,Benign,APC,0,True
3148332,201.0,single nucleotide variant,"criteria provided, single submitter",1,Benign,APC,0,False
3148338,254.0,single nucleotide variant,"criteria provided, single submitter",1,Pathogenic,BRCA2,1,False
3148339,277.0,single nucleotide variant,"criteria provided, single submitter",1,Benign,APC,0,False
3148340,47.0,single nucleotide variant,"criteria provided, single submitter",1,Benign,APC,0,False
3148365,1542.0,single nucleotide variant,"criteria provided, single submitter",1,Benign,APC,0,False
3148378,675.0,single nucleotide variant,"criteria provided, single submitter",1,Benign,APC,0,False
3148412,122.0,single nucleotide variant,"criteria provided, single submitter",1,Benign,APC,0,False
3148420,945.0,single nucleotide variant,"criteria provided, single submitter",1,Benign,APC,0,False
3148425,1682.0,single nucleotide variant,"criteria provided, single submitter",1,Benign,APC,0,False
3148434,506.0,single nucleotide variant,"criteria provided, single submitter",1,Benign,APC,0,False
3148438,1404.0,single nucleotide variant,"criteria provided, single submitter",1,Benign,APC,0,False
3148440,1582.0,single nucleotide variant,"criteria provided, single submitter",1,Benign,APC,0,False
3148456,1118.0,single nucleotide variant,"criteria provided, single submitter",1,Benign,APC,0,True
3148471,832.0,single nucleotide variant,"criteria provided, single submitter",1,Benign,APC,0,False
3148472,439.0,single nucleotide variant,"criteria provided, single submitter",1,Benign,APC,0,False
3148474,436.0,single nucleotide variant,"criteria provided, single submitter",1,Benign,APC,0,False
3148480,687.0,single nucleotide variant,"criteria provided, single submitter",1,Benign,APC,0,False
3148495,371.0,single nucleotide variant,"criteria provided, single submitter",1,Benign,APC,0,False
3148506,219.0,single nucleotide variant,"criteria provided, single submitter",1,Benign,APC,0,False
3148507,710.0,single nucleotide variant,"criteria provided, single submitter",1,Benign,APC,0,False
3148532,1279.0,single nucleotide variant,"criteria provided, single submitter",1,Benign,APC,0,True
3148543,1602.0,single nucleotide variant,"criteria provided, single submitter",1,Benign,APC,0,False
3148650,1581.0,Duplication,"criteria provided, single submitter",1,Pathogenic,BRCA2,1,False
3148654,383.0,single nucleotide variant,"criteria provided, single submitter",1,Benign,APC,0,False
3148661,927.0,single nucleotide variant,"criteria provided, single submitter",1,Benign,APC,0,False
3148712,254.0,Indel,"criteria provided, single submitter",1,Pathogenic,BRCA2,1,False
3148725,1231.0,single nucleotide variant,"criteria provided, single submitter",1,Benign,APC,0,True
3148734,476.0,single nucleotide variant,"criteria provided, single submitter",1,Benign,APC,0,False
3148735,467.0,single nucleotide variant,"criteria provided, single submitter",1,Benign,APC,0,False
3148738,566.0,single nucleotide variant,"criteria provided, single submitter",1,Benign,APC,0,False
3148739,1209.0,single nucleotide variant,"criteria provided, single submitter",1,Benign,APC,0,True
3148743,369.0,single nucleotide variant,"criteria provided, single submitter",1,Benign,APC,0,False
3148744,887.0,single nucleotide variant,"criteria provided, single submitter",1,Benign,APC,0,False
3148745,1252.0,single nucleotide variant,"criteria provided, single submitter",1,Benign,APC,0,True
3148747,1108.0,single nucleotide variant,"criteria provided, single submitter",1,Benign,APC,0,True
3148754,293.0,single nucleotide variant,"criteria provided, single submitter",1,Benign,APC,0,False
3148755,303.0,single nucleotide variant,"criteria provided, single submitter",1,Benign,APC,0,False
3148759,750.0,single nucleotide variant,"criteria provided, single submitter",1,Benign,APC,0,False
3148760,883.0,single nucleotide variant,"criteria provided, single submitter",1,Benign,APC,0,False
3148761,1135.0,single nucleotide variant,"criteria provided, single submitter",1,Benign,APC,0,True
3148762,1137.0,single nucleotide variant,"criteria provided, single submitter",1,Benign,APC,0,True
3148773,272.0,single nucleotide variant,"criteria provided, single submitter",1,Benign,APC,0,False
3148775,151.0,single nucleotide variant,"criteria provided, single submitter",1,Benign,APC,0,False
3148781,982.0,single nucleotide variant,"criteria provided, single submitter",1,Benign,APC,0,True
3148784,1285.0,single nucleotide variant,"criteria provided, single submitter",1,Benign,APC,0,True
3148787,733.0,single nucleotide variant,"criteria provided, single submitter",1,Benign,APC,0,False
3148794,674.0,single nucleotide variant,"criteria provided, single submitter",1,Benign,APC,0,False
3148808,1057.0,single nucleotide variant,"criteria provided, single submitter",1,Benign,APC,0,True
3148819,21.0,single nucleotide variant,"criteria provided, single submitter",1,Benign,APC,0,False
3148822,489.0,single nucleotide variant,"criteria provided, single submitter",1,Benign,APC,0,False
3148824,682.0,single nucleotide variant,"criteria provided, single submitter",1,Benign,APC,0,False
3148825,678.0,single nucleotide variant,"criteria provided, single submitter",1,Benign,APC,0,False
3148829,415.0,single nucleotide variant,"criteria provided, single submitter",1,Benign,APC,0,False
3148830,31.0,single nucleotide variant,"criteria provided, single submitter",1,Benign,APC,0,False
3222705,653.0,single nucleotide variant,"criteria provided, single submitter",1,Pathogenic,APC,1,False
3225815,76.0,single nucleotide variant,"criteria provided, single submitter",1,Pathogenic,BRCA2,1,False
3226083,930.0,single nucleotide variant,"criteria provided, single submitter",1,Pathogenic,BRCA2,1,False
3226118,829.0,Insertion,"criteria provided, multiple submitters, no conflicts",2,Pathogenic,BRCA1,1,False
3226129,1015.0,single nucleotide variant,"criteria provided, single submitter",1,Pathogenic,BRCA1,1,False
3226144,103.0,single nucleotide variant,"criteria provided, single submitter",1,Pathogenic,BRCA2,1,False
3226302,1180.0,single nucleotide variant,"criteria provided, single submitter",1,Pathogenic,BRCA2,1,False
3226657,956.0,single nucleotide variant,"criteria provided, single submitter",1,Pathogenic,APC,1,False
3226779,1465.0,single nucleotide variant,"criteria provided, single submitter",1,Pathogenic,BRCA2,1,False
3228080,2271.0,Insertion,"criteria provided, single submitter",1,Pathogenic,BRCA2,1,False
3228082,2272.0,single nucleotide variant,"criteria provided, multiple submitters, no conflicts",2,Pathogenic,BRCA2,1,False
3230217,3238.0,single nucleotide variant,"criteria provided, multiple submitters, no conflicts",2,Pathogenic,BRCA2,1,False
3230592,264.0,single nucleotide variant,"criteria provided, single submitter",1,Pathogenic,MSH6,1,False
3230596,331.0,single nucleotide variant,"criteria provided, multiple submitters, no conflicts",2,Pathogenic,MSH6,1,False
3230823,656.0,single nucleotide variant,"criteria provided, single submitter",1,Benign,MSH2,0,True
3230842,903.0,single nucleotide variant,"criteria provided, single submitter",1,Benign,MSH2,0,False
3231090,351.0,single nucleotide variant,"criteria provided, single submitter",1,Pathogenic,APC,1,False
3231160,168.0,Duplication,"criteria provided, single submitter",1,Pathogenic,PTEN,1,True
3231990,630.0,single nucleotide variant,"criteria provided, single submitter",1,Pathogenic,PMS2,1,True
3232047,354.0,single nucleotide variant,"criteria provided, single submitter",1,Benign,TP53,0,False
3232062,238.0,single nucleotide variant,"criteria provided, single submitter",1,Pathogenic,TP53,1,True
3235765,1967.0,Duplication,"criteria provided, single submitter",1,Pathogenic,BRCA2,1,False
3236915,2389.0,single nucleotide variant,"criteria provided, single submitter",1,Pathogenic,BRCA2,1,False
3236921,710.0,single nucleotide variant,"criteria provided, multiple submitters, no conflicts",2,Pathogenic,BRCA2,1,False
3239719,1065.0,single nucleotide variant,"criteria provided, single submitter",1,Pathogenic,APC,1,True
3253746,2466.0,single nucleotide variant,"criteria provided, single submitter",1,Benign,APC,0,False
3253747,2815.0,single nucleotide variant,"criteria provided, single submitter",1,Benign,APC,0,False
3253748,2113.0,single nucleotide variant,"criteria provided, single submitter",1,Benign,APC,0,False
3253765,1896.0,single nucleotide variant,"criteria provided, single submitter",1,Benign,APC,0,False
3253766,1885.0,single nucleotide variant,"criteria provided, single submitter",1,Benign,APC,0,False
3253770,2741.0,single nucleotide variant,"criteria provided, single submitter",1,Benign,APC,0,False
3253783,1969.0,single nucleotide variant,"criteria provided, single submitter",1,Benign,APC,0,False
3253805,2790.0,single nucleotide variant,"criteria provided, single submitter",1,Benign,APC,0,False
3253814,2692.0,single nucleotide variant,"criteria provided, single submitter",1,Benign,APC,0,False
3253816,2747.0,single nucleotide variant,"criteria provided, single submitter",1,Benign,APC,0,False
3253837,2757.0,single nucleotide variant,"criteria provided, single submitter",1,Benign,APC,0,False
3253841,2570.0,single nucleotide variant,"criteria provided, single submitter",1,Benign,APC,0,False
3253843,1740.0,single nucleotide variant,"criteria provided, single submitter",1,Benign,APC,0,False
3253847,1996.0,single nucleotide variant,"criteria provided, single submitter",1,Benign,APC,0,False
3253851,2590.0,single nucleotide variant,"criteria provided, single submitter",1,Benign,APC,0,False
3253852,1857.0,single nucleotide variant,"criteria provided, single submitter",1,Benign,APC,0,False
3253859,1875.0,single nucleotide variant,"criteria provided, single submitter",1,Benign,APC,0,False
3253860,2144.0,single nucleotide variant,"criteria provided, single submitter",1,Benign,APC,0,False
3253868,2540.0,single nucleotide variant,"criteria provided, single submitter",1,Benign,APC,0,False
3253869,1731.0,single nucleotide variant,"criteria provided, single submitter",1,Benign,APC,0,False
3253878,2118.0,single nucleotide variant,"criteria provided, single submitter",1,Benign,APC,0,False
3253883,2676.0,single nucleotide variant,"criteria provided, single submitter",1,Benign,APC,0,False
3253884,2310.0,single nucleotide variant,"criteria provided, single submitter",1,Benign,APC,0,False
3253889,2138.0,single nucleotide variant,"criteria provided, single submitter",1,Benign,APC,0,False
3253893,2820.0,single nucleotide variant,"criteria provided, single submitter",1,Benign,APC,0,False
3253901,2744.0,single nucleotide variant,"criteria provided, single submitter",1,Benign,APC,0,False
3253914,2349.0,single nucleotide variant,"criteria provided, single submitter",1,Benign,APC,0,False
3253918,2529.0,single nucleotide variant,"criteria provided, single submitter",1,Benign,APC,0,False
3253919,2508.0,single nucleotide variant,"criteria provided, single submitter",1,Benign,APC,0,False
3253920,1895.0,single nucleotide variant,"criteria provided, single submitter",1,Benign,APC,0,False
3253941,2611.0,single nucleotide variant,"criteria provided, single submitter",1,Benign,APC,0,False
3253963,2678.0,single nucleotide variant,"criteria provided, single submitter",1,Benign,APC,0,False
3253970,2482.0,single nucleotide variant,"criteria provided, single submitter",1,Benign,APC,0,False
3253972,2838.0,single nucleotide variant,"criteria provided, single submitter",1,Benign,APC,0,False
3253974,2055.0,single nucleotide variant,"criteria provided, single submitter",1,Benign,APC,0,False
3253975,1948.0,single nucleotide variant,"criteria provided, single submitter",1,Benign,APC,0,False
3253980,1760.0,single nucleotide variant,"criteria provided, single submitter",1,Benign,APC,0,False
3253998,1921.0,single nucleotide variant,"criteria provided, single submitter",1,Benign,APC,0,False
3254004,2743.0,single nucleotide variant,"criteria provided, single submitter",1,Benign,APC,0,False
3254015,1724.0,single nucleotide variant,"criteria provided, single submitter",1,Benign,APC,0,False
3254016,2254.0,single nucleotide variant,"criteria provided, single submitter",1,Benign,APC,0,False
3254047,2729.0,single nucleotide variant,"criteria provided, single submitter",1,Pathogenic,BRCA2,1,False
3254052,1999.0,single nucleotide variant,"criteria provided, single submitter",1,Benign,APC,0,False
3254054,2302.0,single nucleotide variant,"criteria provided, single submitter",1,Benign,APC,0,False
3254060,2460.0,single nucleotide variant,"criteria provided, single submitter",1,Benign,APC,0,False
3254061,2454.0,single nucleotide variant,"criteria provided, single submitter",1,Benign,APC,0,False
3254082,2166.0,single nucleotide variant,"criteria provided, single submitter",1,Benign,APC,0,False
3254085,1740.0,single nucleotide variant,"criteria provided, single submitter",1,Benign,APC,0,False
3254087,2294.0,single nucleotide variant,"criteria provided, single submitter",1,Benign,APC,0,False
3254088,2194.0,single nucleotide variant,"criteria provided, single submitter",1,Benign,APC,0,False
3254089,2152.0,single nucleotide variant,"criteria provided, single submitter",1,Benign,APC,0,False
3254091,2309.0,single nucleotide variant,"criteria provided, single submitter",1,Benign,APC,0,False
3254092,2420.0,single nucleotide variant,"criteria provided, single submitter",1,Benign,APC,0,False
3254093,2469.0,single nucleotide variant,"criteria provided, single submitter",1,Benign,APC,0,False
3254094,2650.0,single nucleotide variant,"criteria provided, single submitter",1,Benign,APC,0,False
3254097,2677.0,single nucleotide variant,"criteria provided, single submitter",1,Benign,APC,0,False
3254115,2649.0,single nucleotide variant,"criteria provided, single submitter",1,Benign,APC,0,False
3254124,2679.0,single nucleotide variant,"criteria provided, single submitter",1,Benign,APC,0,False
3254133,2252.0,single nucleotide variant,"criteria provided, single submitter",1,Benign,APC,0,False
3254144,1780.0,single nucleotide variant,"criteria provided, single submitter",1,Benign,APC,0,False
3254145,2735.0,single nucleotide variant,"criteria provided, single submitter",1,Benign,APC,0,False
3254146,2503.0,single nucleotide variant,"criteria provided, single submitter",1,Benign,APC,0,False
3254149,2785.0,single nucleotide variant,"criteria provided, single submitter",1,Benign,APC,0,False
3254156,2219.0,single nucleotide variant,"criteria provided, single submitter",1,Benign,APC,0,False
3254166,2842.0,single nucleotide variant,"criteria provided, single submitter",1,Benign,APC,0,False
3254175,1801.0,single nucleotide variant,"criteria provided, single submitter",1,Benign,APC,0,False
3254181,2835.0,single nucleotide variant,"criteria provided, single submitter",1,Benign,APC,0,False
3254206,1789.0,single nucleotide variant,"criteria provided, single submitter",1,Benign,APC,0,False
3254208,2167.0,single nucleotide variant,"criteria provided, single submitter",1,Benign,APC,0,False
3254217,2775.0,single nucleotide variant,"criteria provided, single submitter",1,Benign,APC,0,False
3254228,2843.0,single nucleotide variant,"criteria provided, single submitter",1,Benign,APC,0,False
3254232,2632.0,single nucleotide variant,"criteria provided, single submitter",1,Benign,APC,0,False
3254233,2029.0,single nucleotide variant,"criteria provided, single submitter",1,Benign,APC,0,False
3254258,2697.0,single nucleotide variant,"criteria provided, single submitter",1,Benign,APC,0,False
3254314,2250.0,single nucleotide variant,"criteria provided, single submitter",1,Benign,APC,0,False
3254346,2274.0,single nucleotide variant,"criteria provided, single submitter",1,Benign,APC,0,False
3254353,2332.0,single nucleotide variant,"criteria provided, single submitter",1,Benign,APC,0,False
3254426,2072.0,single nucleotide variant,"criteria provided, single submitter",1,Benign,APC,0,False
3254436,2308.0,single nucleotide variant,"criteria provided, single submitter",1,Benign,APC,0,False
3254441,2290.0,single nucleotide variant,"criteria provided, single submitter",1,Benign,APC,0,False
3254446,2008.0,single nucleotide variant,"criteria provided, single submitter",1,Benign,APC,0,False
3254448,2619.0,single nucleotide variant,"criteria provided, single submitter",1,Benign,APC,0,False
3254452,2596.0,single nucleotide variant,"criteria provided, single submitter",1,Benign,APC,0,False
3254459,1722.0,single nucleotide variant,"criteria provided, single submitter",1,Benign,APC,0,False
3254462,1909.0,single nucleotide variant,"criteria provided, single submitter",1,Benign,APC,0,False
3254463,1963.0,single nucleotide variant,"criteria provided, single submitter",1,Benign,APC,0,False
3254464,1967.0,single nucleotide variant,"criteria provided, single submitter",1,Benign,APC,0,False
3254466,2071.0,single nucleotide variant,"criteria provided, single submitter",1,Benign,APC,0,False
3254467,2130.0,single nucleotide variant,"criteria provided, single submitter",1,Benign,APC,0,False
3254468,2124.0,single nucleotide variant,"criteria provided, single submitter",1,Benign,APC,0,False
3254469,2228.0,single nucleotide variant,"criteria provided, single submitter",1,Benign,APC,0,False
3254470,2234.0,single nucleotide variant,"criteria provided, single submitter",1,Benign,APC,0,False
3254471,2235.0,single nucleotide variant,"criteria provided, single submitter",1,Benign,APC,0,False
3254472,2386.0,single nucleotide variant,"criteria provided, single submitter",1,Benign,APC,0,False
3254474,2493.0,single nucleotide variant,"criteria provided, single submitter",1,Benign,APC,0,False
3254475,2546.0,single nucleotide variant,"criteria provided, single submitter",1,Benign,APC,0,False
3254476,2625.0,single nucleotide variant,"criteria provided, single submitter",1,Benign,APC,0,False
3254477,2674.0,single nucleotide variant,"criteria provided, single submitter",1,Benign,APC,0,False
3254478,2714.0,single nucleotide variant,"criteria provided, single submitter",1,Benign,APC,0,False
3254479,2724.0,single nucleotide variant,"criteria provided, single submitter",1,Benign,APC,0,False
3254480,2788.0,single nucleotide variant,"criteria provided, single submitter",1,Benign,APC,0,False
3254481,2737.0,single nucleotide variant,"criteria provided, single submitter",1,Benign,APC,0,False
3254514,1986.0,single nucleotide variant,"criteria provided, single submitter",1,Benign,APC,0,False
3254515,1752.0,single nucleotide variant,"criteria provided, single submitter",1,Benign,APC,0,False
3254523,1788.0,single nucleotide variant,"criteria provided, single submitter",1,Benign,APC,0,False
3254526,1864.0,single nucleotide variant,"criteria provided, single submitter",1,Benign,APC,0,False
3254533,2833.0,single nucleotide variant,"criteria provided, single submitter",1,Benign,APC,0,False
3261455,880.0,single nucleotide variant,"criteria provided, single submitter",1,Pathogenic,BRCA1,1,False
3261503,2855.0,single nucleotide variant,"criteria provided, single submitter",1,Benign,BRCA2,0,True
3261555,1688.0,single nucleotide variant,"criteria provided, single submitter",1,Pathogenic,BRCA2,1,False
3261570,2943.0,single nucleotide variant,"criteria provided, single submitter",1,Benign,BRCA2,0,True
3261572,839.0,single nucleotide variant,"criteria provided, single submitter",1,Pathogenic,BRCA2,1,False
3261589,2741.0,single nucleotide variant,"criteria provided, single submitter",1,Pathogenic,BRCA2,1,False
3261609,2936.0,single nucleotide variant,"criteria provided, single submitter",1,Benign,BRCA2,0,True
3261637,2937.0,single nucleotide variant,"criteria provided, single submitter",1,Benign,BRCA2,0,True
3296219,375.0,single nucleotide variant,"criteria provided, single submitter",1,Benign,MSH2,0,True
3304139,1357.0,single nucleotide variant,"criteria provided, single submitter",1,Pathogenic,APC,1,False
3304266,1822.0,Indel,"criteria provided, single submitter",1,Benign,APC,0,False
3336068,3007.0,single nucleotide variant,"criteria provided, multiple submitters, no conflicts",2,Pathogenic,BRCA2,1,True
3338761,21.0,single nucleotide variant,"criteria provided, single submitter",1,Pathogenic,PTEN,1,False
3339084,705.0,single nucleotide variant,"criteria provided, single submitter",1,Pathogenic,BRCA2,1,False
3339631,578.0,Insertion,"criteria provided, single submitter",1,Pathogenic,PMS2,1,True
3340046,292.0,single nucleotide variant,"criteria provided, single submitter",1,Pathogenic,TP53,1,False
3340277,1.0,single nucleotide variant,"criteria provided, single submitter",1,Pathogenic,PTEN,1,False
3372541,740.0,single nucleotide variant,"criteria provided, single submitter",1,Pathogenic,MSH6,1,True
3378835,197.0,single nucleotide variant,"criteria provided, single submitter",1,Pathogenic,MSH2,1,True
3379108,708.0,single nucleotide variant,"criteria provided, single submitter",1,Pathogenic,APC,1,False
3379156,1616.0,single nucleotide variant,"criteria provided, single submitter",1,Pathogenic,BRCA2,1,False
3379246,3126.0,Indel,"criteria provided, single submitter",1,Pathogenic,BRCA2,1,False
3379268,2555.0,single nucleotide variant,"criteria provided, multiple submitters, no conflicts",2,Pathogenic,APC,1,False
3387040,2275.0,single nucleotide variant,"criteria provided, multiple submitters, no conflicts",2,Pathogenic,APC,1,False
3398622,67.0,single nucleotide variant,"criteria provided, single submitter",1,Benign,MSH2,0,False
3410322,1150.0,single nucleotide variant,"criteria provided, single submitter",1,Pathogenic,APC,1,True
3410382,976.0,single nucleotide variant,"criteria provided, single submitter",1,Pathogenic,APC,1,True
3421434,236.0,single nucleotide variant,"criteria provided, single submitter",1,Pathogenic,PMS2,1,True
3421513,359.0,single nucleotide variant,"criteria provided, single submitter",1,Pathogenic,PMS2,1,True
3427432,14.0,Insertion,"criteria provided, single submitter",1,Pathogenic,PTEN,1,False
3460311,72.0,Indel,"criteria provided, multiple submitters, no conflicts",2,Benign,TP53,0,False
3460325,274.0,single nucleotide variant,"criteria provided, single submitter",1,Benign,TP53,0,True
3460327,343.0,single nucleotide variant,"criteria provided, single submitter",1,Benign,TP53,0,False
3460333,76.0,single nucleotide variant,"criteria provided, single submitter",1,Benign,TP53,0,False
3481944,3060.0,single nucleotide variant,"criteria provided, single submitter",1,Benign,BRCA2,0,False
3482004,1181.0,single nucleotide variant,"criteria provided, single submitter",1,Pathogenic,BRCA2,1,False
3482036,3250.0,single nucleotide variant,"criteria provided, single submitter",1,Pathogenic,BRCA2,1,False
3482039,648.0,single nucleotide variant,"criteria provided, single submitter",1,Pathogenic,BRCA2,1,False
3482092,1776.0,single nucleotide variant,"criteria provided, single submitter",1,Pathogenic,BRCA2,1,False
3482110,1673.0,Duplication,"criteria provided, single submitter",1,Pathogenic,BRCA2,1,False
3482112,2708.0,single nucleotide variant,"criteria provided, single submitter",1,Benign,BRCA2,0,False
3482204,2892.0,single nucleotide variant,"criteria provided, single submitter",1,Pathogenic,BRCA2,1,True
3572341,437.0,single nucleotide variant,"criteria provided, multiple submitters, no conflicts",3,Pathogenic,BRCA2,1,False
3572907,912.0,single nucleotide variant,"criteria provided, multiple submitters, no conflicts",2,Pathogenic,APC,1,False
3582082,1487.0,single nucleotide variant,"criteria provided, single submitter",1,Pathogenic,BRCA1,1,False
3633451,223.0,Insertion,"criteria provided, single submitter",1,Pathogenic,MSH6,1,False
3634432,113.0,single nucleotide variant,"criteria provided, single submitter",1,Pathogenic,TP53,1,True
3638054,429.0,single nucleotide variant,"criteria provided, single submitter",1,Pathogenic,BRCA2,1,False
3638400,479.0,single nucleotide variant,"criteria provided, single submitter",1,Pathogenic,MSH6,1,True
3638909,2136.0,Duplication,"criteria provided, single submitter",1,Pathogenic,BRCA2,1,False
3641029,644.0,Duplication,"criteria provided, single submitter",1,Pathogenic,MLH1,1,False
3641951,193.0,single nucleotide variant,"criteria provided, single submitter",1,Pathogenic,MSH6,1,False
3643518,2612.0,single nucleotide variant,"criteria provided, single submitter",1,Pathogenic,APC,1,False
3643555,1919.0,Duplication,"criteria provided, single submitter",1,Pathogenic,BRCA2,1,False
3646696,501.0,single nucleotide variant,"criteria provided, single submitter",1,Pathogenic,BRCA1,1,False
3647538,761.0,single nucleotide variant,"criteria provided, single submitter",1,Pathogenic,BRCA2,1,False
3648007,310.0,single nucleotide variant,"criteria provided, multiple submitters, no conflicts",2,Pathogenic,BRCA2,1,False
3648147,179.0,Microsatellite,"criteria provided, single submitter",1,Pathogenic,PTEN,1,True
3648605,135.0,single nucleotide variant,"criteria provided, single submitter",1,Pathogenic,TP53,1,True
3649129,817.0,single nucleotide variant,"criteria provided, single submitter",1,Pathogenic,BRCA2,1,False
3649289,1143.0,single nucleotide variant,"criteria provided, single submitter",1,Pathogenic,BRCA2,1,False
3650080,18.0,single nucleotide variant,"criteria provided, single submitter",1,Pathogenic,PTEN,1,False
3650320,2231.0,Insertion,"criteria provided, single submitter",1,Pathogenic,BRCA2,1,False
3653024,1132.0,single nucleotide variant,"criteria provided, single submitter",1,Pathogenic,APC,1,True
3653461,610.0,single nucleotide variant,"criteria provided, single submitter",1,Pathogenic,PMS2,1,True
3654598,125.0,single nucleotide variant,"criteria provided, multiple submitters, no conflicts",2,Pathogenic,PTEN,1,True
3655971,2639.0,single nucleotide variant,"criteria provided, multiple submitters, no conflicts",3,Pathogenic,APC,1,False
3656544,414.0,single nucleotide variant,"criteria provided, single submitter",1,Pathogenic,MLH1,1,False
3658934,166.0,single nucleotide variant,"criteria provided, single submitter",1,Pathogenic,TP53,1,True
3659881,461.0,Insertion,"criteria provided, single submitter",1,Pathogenic,MLH1,1,False
3660046,1318.0,Duplication,"criteria provided, single submitter",1,Pathogenic,MSH6,1,True
3660442,1596.0,single nucleotide variant,"criteria provided, single submitter",1,Pathogenic,APC,1,False
3662688,3027.0,single nucleotide variant,"criteria provided, single submitter",1,Pathogenic,BRCA2,1,True
3663152,993.0,single nucleotide variant,"criteria provided, single submitter",1,Pathogenic,BRCA1,1,False
3664304,176.0,single nucleotide variant,"criteria provided, single submitter",1,Pathogenic,APC,1,False
3667044,159.0,single nucleotide variant,"criteria provided, single submitter",1,Pathogenic,PTEN,1,True
3668579,1749.0,Duplication,"criteria provided, multiple submitters, no conflicts",2,Pathogenic,BRCA2,1,False
3673025,23.0,single nucleotide variant,"criteria provided, multiple submitters, no conflicts",2,Pathogenic,TP53,1,False
3677894,244.0,single nucleotide variant,"criteria provided, single submitter",1,Benign,MSH6,0,False
3695293,42.0,single nucleotide variant,"criteria provided, single submitter",1,Pathogenic,BRCA2,1,False
3701546,1375.0,single nucleotide variant,"criteria provided, multiple submitters, no conflicts",2,Pathogenic,BRCA2,1,False
3713342,949.0,single nucleotide variant,"criteria provided, single submitter",1,Benign,APC,0,False
3718641,2740.0,single nucleotide variant,"criteria provided, single submitter",1,Pathogenic,BRCA2,1,False
3720639,586.0,single nucleotide variant,"criteria provided, single submitter",1,Pathogenic,APC,1,False
3720646,1397.0,single nucleotide variant,"criteria provided, single submitter",2,Pathogenic,APC,1,False
3721242,953.0,single nucleotide variant,"criteria provided, single submitter",1,Pathogenic,BRCA2,1,False
3722916,2994.0,single nucleotide variant,"criteria provided, single submitter",1,Pathogenic,BRCA2,1,True
3723463,28.0,single nucleotide variant,"criteria provided, single submitter",1,Pathogenic,MSH6,1,False
3723536,2644.0,Duplication,"criteria provided, single submitter",1,Pathogenic,BRCA2,1,False
3724188,142.0,single nucleotide variant,"criteria provided, single submitter",1,Pathogenic,MSH6,1,False
3724295,1626.0,Microsatellite,"criteria provided, single submitter",1,Pathogenic,BRCA1,1,False
3725168,1356.0,single nucleotide variant,"criteria provided, single submitter",1,Pathogenic,BRCA2,1,False
3726278,565.0,Microsatellite,"criteria provided, single submitter",1,Pathogenic,PMS2,1,True
3726453,851.0,Duplication,"criteria provided, single submitter",1,Pathogenic,BRCA1,1,False
3726581,129.0,single nucleotide variant,"criteria provided, single submitter",1,Pathogenic,PTEN,1,True
3727564,857.0,single nucleotide variant,"criteria provided, single submitter",1,Pathogenic,APC,1,False
3728675,2208.0,single nucleotide variant,"criteria provided, single submitter",1,Pathogenic,APC,1,False
3729156,1783.0,single nucleotide variant,"criteria provided, single submitter",1,Pathogenic,BRCA2,1,False
3764883,235.0,single nucleotide variant,"criteria provided, single submitter",2,Pathogenic,PTEN,1,False
3765268,848.0,single nucleotide variant,"criteria provided, multiple submitters, no conflicts",2,Pathogenic,BRCA2,1,False
3768829,104.0,single nucleotide variant,"criteria provided, single submitter",1,Pathogenic,MLH1,1,True
3769634,211.0,Indel,"criteria provided, single submitter",1,Pathogenic,PTEN,1,False
3772696,859.0,single nucleotide variant,"criteria provided, single submitter",1,Benign,MSH2,0,False
3772698,8.0,single nucleotide variant,"criteria provided, single submitter",1,Benign,MSH2,0,False
3772705,507.0,single nucleotide variant,"criteria provided, single submitter",1,Benign,MLH1,0,False
3772716,736.0,single nucleotide variant,"criteria provided, single submitter",1,Benign,MLH1,0,False
3772717,556.0,single nucleotide variant,"criteria provided, single submitter",1,Benign,MSH2,0,True
3772720,868.0,single nucleotide variant,"criteria provided, single submitter",1,Benign,MSH2,0,False
3772722,161.0,single nucleotide variant,"criteria provided, single submitter",1,Benign,MSH2,0,False
3772723,203.0,single nucleotide variant,"criteria provided, single submitter",1,Benign,MLH1,0,True
3772731,448.0,single nucleotide variant,"criteria provided, single submitter",1,Benign,MLH1,0,False
3772732,392.0,single nucleotide variant,"criteria provided, single submitter",1,Benign,MLH1,0,False
3772733,734.0,single nucleotide variant,"criteria provided, single submitter",1,Benign,MSH2,0,True
3772735,550.0,single nucleotide variant,"criteria provided, single submitter",1,Benign,MSH2,0,True
3772744,541.0,single nucleotide variant,"criteria provided, single submitter",1,Benign,MLH1,0,False
3772745,190.0,single nucleotide variant,"criteria provided, single submitter",1,Benign,MSH2,0,True
3772753,806.0,single nucleotide variant,"criteria provided, single submitter",1,Benign,MSH2,0,True
3772754,727.0,single nucleotide variant,"criteria provided, single submitter",1,Benign,MLH1,0,False
3772755,34.0,single nucleotide variant,"criteria provided, single submitter",1,Benign,MSH2,0,False
3772756,36.0,single nucleotide variant,"criteria provided, single submitter",1,Benign,MSH2,0,False
3772757,46.0,single nucleotide variant,"criteria provided, single submitter",1,Benign,MSH2,0,False
3772761,114.0,single nucleotide variant,"criteria provided, single submitter",1,Benign,MSH2,0,False
3772762,788.0,single nucleotide variant,"criteria provided, single submitter",1,Benign,MSH2,0,True
3772771,56.0,single nucleotide variant,"criteria provided, single submitter",1,Benign,MLH1,0,True
3772772,396.0,single nucleotide variant,"criteria provided, single submitter",1,Benign,MLH1,0,False
3772775,574.0,single nucleotide variant,"criteria provided, single submitter",1,Benign,MLH1,0,False
3772788,233.0,single nucleotide variant,"criteria provided, single submitter",1,Benign,MSH2,0,True
3772790,723.0,single nucleotide variant,"criteria provided, single submitter",1,Benign,MSH2,0,True
3772796,238.0,single nucleotide variant,"criteria provided, single submitter",1,Benign,MLH1,0,True
3772799,390.0,single nucleotide variant,"criteria provided, single submitter",1,Benign,MSH2,0,True
3772808,571.0,single nucleotide variant,"criteria provided, single submitter",1,Benign,MLH1,0,False
3772813,705.0,single nucleotide variant,"criteria provided, single submitter",1,Benign,MSH2,0,True
3772815,294.0,single nucleotide variant,"criteria provided, single submitter",1,Benign,MSH2,0,True
3772819,709.0,single nucleotide variant,"criteria provided, single submitter",1,Benign,MLH1,0,False
3772822,56.0,single nucleotide variant,"criteria provided, single submitter",1,Benign,MLH1,0,True
3772826,76.0,single nucleotide variant,"criteria provided, single submitter",1,Benign,MSH2,0,False
3772827,75.0,single nucleotide variant,"criteria provided, single submitter",1,Benign,MSH2,0,False
3772828,454.0,single nucleotide variant,"criteria provided, single submitter",1,Benign,MLH1,0,False
3772837,667.0,single nucleotide variant,"criteria provided, single submitter",1,Benign,MSH2,0,True
3772844,548.0,single nucleotide variant,"criteria provided, single submitter",1,Benign,MSH2,0,True
3772846,293.0,single nucleotide variant,"criteria provided, single submitter",1,Benign,MSH2,0,True
3772847,323.0,single nucleotide variant,"criteria provided, single submitter",1,Benign,MSH2,0,True
3772849,727.0,single nucleotide variant,"criteria provided, single submitter",1,Benign,MSH2,0,True
3772854,372.0,single nucleotide variant,"criteria provided, single submitter",1,Benign,MLH1,0,False
3772855,563.0,single nucleotide variant,"criteria provided, single submitter",1,Benign,MLH1,0,False
3772860,71.0,single nucleotide variant,"criteria provided, single submitter",1,Benign,MSH2,0,False
3772862,869.0,single nucleotide variant,"criteria provided, single submitter",1,Benign,MSH2,0,False
3772868,68.0,single nucleotide variant,"criteria provided, single submitter",1,Benign,MSH2,0,False
3772874,29.0,single nucleotide variant,"criteria provided, single submitter",1,Benign,MSH2,0,False
3772877,495.0,single nucleotide variant,"criteria provided, single submitter",1,Benign,MLH1,0,False
3772882,127.0,Indel,"criteria provided, single submitter",1,Benign,MSH2,0,False
3772884,248.0,single nucleotide variant,"criteria provided, single submitter",1,Benign,MLH1,0,True
3772891,810.0,single nucleotide variant,"criteria provided, single submitter",1,Benign,MSH2,0,True
3772894,649.0,single nucleotide variant,"criteria provided, single submitter",1,Benign,MSH2,0,True
3772897,268.0,single nucleotide variant,"criteria provided, single submitter",1,Benign,MSH2,0,True
3772899,143.0,single nucleotide variant,"criteria provided, single submitter",1,Benign,MLH1,0,True
3772900,24.0,single nucleotide variant,"criteria provided, single submitter",1,Benign,MLH1,0,True
3772907,322.0,single nucleotide variant,"criteria provided, single submitter",1,Benign,MSH2,0,True
3772908,719.0,single nucleotide variant,"criteria provided, single submitter",1,Benign,MLH1,0,False
3772909,573.0,single nucleotide variant,"criteria provided, single submitter",1,Benign,MSH2,0,True
3772919,130.0,single nucleotide variant,"criteria provided, single submitter",1,Benign,MSH2,0,False
3772920,1693.0,single nucleotide variant,"criteria provided, single submitter",1,Pathogenic,APC,1,False
3772922,689.0,single nucleotide variant,"criteria provided, single submitter",1,Benign,MLH1,0,False
3772925,410.0,single nucleotide variant,"criteria provided, single submitter",1,Benign,MLH1,0,False
3772926,469.0,single nucleotide variant,"criteria provided, single submitter",1,Benign,MSH2,0,True
3772934,216.0,single nucleotide variant,"criteria provided, single submitter",1,Benign,MSH2,0,True
3772936,71.0,single nucleotide variant,"criteria provided, single submitter",1,Benign,MSH2,0,False
3772937,144.0,single nucleotide variant,"criteria provided, single submitter",1,Benign,MLH1,0,True
3772939,331.0,single nucleotide variant,"criteria provided, single submitter",1,Benign,MLH1,0,False
3772947,317.0,single nucleotide variant,"criteria provided, single submitter",1,Benign,MLH1,0,False
3772953,312.0,single nucleotide variant,"criteria provided, single submitter",1,Benign,MSH2,0,True
3772959,40.0,single nucleotide variant,"criteria provided, single submitter",1,Benign,MSH2,0,False
3772964,406.0,single nucleotide variant,"criteria provided, single submitter",1,Benign,MSH2,0,True
3772965,19.0,single nucleotide variant,"criteria provided, single submitter",1,Benign,MSH2,0,False
3772966,791.0,single nucleotide variant,"criteria provided, single submitter",1,Benign,MSH2,0,True
3772971,162.0,single nucleotide variant,"criteria provided, single submitter",1,Benign,MSH2,0,False
3772973,359.0,single nucleotide variant,"criteria provided, single submitter",1,Benign,MSH2,0,True
3772974,347.0,single nucleotide variant,"criteria provided, single submitter",1,Benign,MLH1,0,False
3772975,494.0,single nucleotide variant,"criteria provided, single submitter",1,Benign,MSH2,0,True
3772982,440.0,single nucleotide variant,"criteria provided, single submitter",1,Benign,MLH1,0,False
3772987,260.0,single nucleotide variant,"criteria provided, single submitter",1,Benign,MLH1,0,True
3772989,287.0,single nucleotide variant,"criteria provided, single submitter",1,Benign,MSH2,0,True
3772993,709.0,single nucleotide variant,"criteria provided, single submitter",1,Benign,MLH1,0,False
3773001,595.0,single nucleotide variant,"criteria provided, single submitter",1,Benign,MSH2,0,True
3773015,439.0,single nucleotide variant,"criteria provided, single submitter",1,Benign,MSH2,0,True
3773021,450.0,single nucleotide variant,"criteria provided, single submitter",1,Benign,MSH2,0,True
3773024,179.0,single nucleotide variant,"criteria provided, single submitter",1,Benign,MSH2,0,True
3773077,322.0,Indel,"criteria provided, single submitter",1,Benign,MSH2,0,True
3773089,153.0,single nucleotide variant,"criteria provided, single submitter",1,Benign,MSH2,0,False
3773091,320.0,single nucleotide variant,"criteria provided, single submitter",1,Pathogenic,APC,1,False
3773097,574.0,single nucleotide variant,"criteria provided, single submitter",1,Benign,MLH1,0,False
3773106,157.0,single nucleotide variant,"criteria provided, single submitter",1,Benign,MLH1,0,True
3773107,692.0,single nucleotide variant,"criteria provided, single submitter",1,Benign,MSH2,0,True
3773108,746.0,single nucleotide variant,"criteria provided, single submitter",1,Benign,MLH1,0,False
3773144,606.0,single nucleotide variant,"criteria provided, single submitter",1,Benign,MSH2,0,True
3773160,615.0,single nucleotide variant,"criteria provided, single submitter",1,Benign,MLH1,0,False
3773163,364.0,single nucleotide variant,"criteria provided, single submitter",1,Benign,MLH1,0,False
3773165,43.0,single nucleotide variant,"criteria provided, single submitter",1,Benign,MLH1,0,True
3773179,797.0,single nucleotide variant,"criteria provided, single submitter",1,Benign,MSH2,0,True
3773199,7.0,single nucleotide variant,"criteria provided, single submitter",1,Benign,MLH1,0,True
3773203,176.0,single nucleotide variant,"criteria provided, single submitter",1,Benign,MSH2,0,True
3773267,370.0,single nucleotide variant,"criteria provided, single submitter",1,Benign,MSH2,0,True
3773282,439.0,single nucleotide variant,"criteria provided, single submitter",1,Benign,MLH1,0,False
3773292,213.0,single nucleotide variant,"criteria provided, single submitter",1,Benign,MLH1,0,True
3773333,367.0,single nucleotide variant,"criteria provided, single submitter",1,Benign,MLH1,0,False
3773441,517.0,single nucleotide variant,"criteria provided, single submitter",1,Benign,MLH1,0,False
3773446,337.0,single nucleotide variant,"criteria provided, single submitter",1,Benign,MLH1,0,False
3773517,883.0,Duplication,"criteria provided, multiple submitters, no conflicts",2,Pathogenic,MSH6,1,True
3773519,331.0,single nucleotide variant,"criteria provided, single submitter",1,Benign,MSH2,0,True
3773523,266.0,single nucleotide variant,"criteria provided, single submitter",1,Pathogenic,MSH6,1,False
3773524,332.0,Duplication,"criteria provided, single submitter",1,Pathogenic,MSH2,1,True
3773530,238.0,Indel,"criteria provided, single submitter",1,Pathogenic,BRCA2,1,False
3773538,1298.0,Duplication,"criteria provided, multiple submitters, no conflicts",2,Pathogenic,MSH6,1,True
3773539,2898.0,single nucleotide variant,"criteria provided, single submitter",1,Pathogenic,BRCA2,1,True
3773546,87.0,single nucleotide variant,"criteria provided, single submitter",1,Benign,MLH1,0,True
3773547,679.0,single nucleotide variant,"criteria provided, single submitter",1,Benign,MLH1,0,False
3773554,347.0,single nucleotide variant,"criteria provided, single submitter",1,Benign,MLH1,0,False
3773564,336.0,single nucleotide variant,"criteria provided, single submitter",1,Benign,MSH2,0,True
3773565,426.0,single nucleotide variant,"criteria provided, single submitter",1,Benign,MSH2,0,True
3773569,746.0,single nucleotide variant,"criteria provided, single submitter",1,Benign,MLH1,0,False
3773570,41.0,single nucleotide variant,"criteria provided, single submitter",1,Benign,MLH1,0,True
3773575,342.0,single nucleotide variant,"criteria provided, single submitter",1,Benign,MSH2,0,True
3773576,606.0,single nucleotide variant,"criteria provided, single submitter",1,Benign,MSH2,0,True
3773577,161.0,single nucleotide variant,"criteria provided, single submitter",1,Benign,MSH2,0,False
3773579,488.0,single nucleotide variant,"criteria provided, single submitter",1,Benign,MSH2,0,True
3773581,27.0,single nucleotide variant,"criteria provided, single submitter",1,Benign,MLH1,0,True
3773586,300.0,single nucleotide variant,"criteria provided, single submitter",1,Benign,MLH1,0,True
3773587,228.0,single nucleotide variant,"criteria provided, single submitter",1,Benign,MLH1,0,True
3773591,624.0,single nucleotide variant,"criteria provided, single submitter",1,Benign,MSH2,0,True
3773596,382.0,single nucleotide variant,"criteria provided, single submitter",1,Benign,MSH2,0,True
3773598,243.0,single nucleotide variant,"criteria provided, single submitter",1,Benign,MSH2,0,True
3773601,137.0,single nucleotide variant,"criteria provided, single submitter",1,Benign,MSH2,0,False
3773602,102.0,single nucleotide variant,"criteria provided, single submitter",1,Benign,MSH2,0,False
3773604,834.0,single nucleotide variant,"criteria provided, single submitter",1,Benign,MSH2,0,True
3773606,330.0,single nucleotide variant,"criteria provided, single submitter",1,Benign,MSH2,0,True
3773607,507.0,single nucleotide variant,"criteria provided, single submitter",1,Benign,MSH2,0,True
3773610,120.0,single nucleotide variant,"criteria provided, single submitter",1,Benign,MLH1,0,True
3773613,569.0,single nucleotide variant,"criteria provided, single submitter",1,Benign,MLH1,0,False
3773620,721.0,single nucleotide variant,"criteria provided, single submitter",1,Benign,MSH2,0,True
3773631,165.0,single nucleotide variant,"criteria provided, single submitter",1,Benign,MLH1,0,True
3773637,705.0,single nucleotide variant,"criteria provided, single submitter",1,Benign,MLH1,0,False
3774439,421.0,Indel,"criteria provided, single submitter",1,Pathogenic,APC,1,False
3779340,425.0,single nucleotide variant,"criteria provided, single submitter",1,Pathogenic,APC,1,False
3779347,331.0,single nucleotide variant,"criteria provided, single submitter",1,Pathogenic,APC,1,False
3779681,1196.0,single nucleotide variant,"criteria provided, single submitter",1,Pathogenic,APC,1,True
3779861,30.0,Duplication,"criteria provided, multiple submitters, no conflicts",3,Pathogenic,MLH1,1,True
3779940,854.0,single nucleotide variant,"criteria provided, single submitter",1,Pathogenic,MSH6,1,True
3779947,1187.0,single nucleotide variant,"criteria provided, single submitter",1,Pathogenic,MSH6,1,True
3779957,1030.0,Duplication,"criteria provided, single submitter",1,Pathogenic,MSH6,1,True
3809672,182.0,single nucleotide variant,"criteria provided, single submitter",1,Pathogenic,TP53,1,True
3809677,72.0,Indel,"criteria provided, single submitter",1,Benign,TP53,0,False
3825315,105.0,single nucleotide variant,"criteria provided, multiple submitters, no conflicts",2,Pathogenic,BRCA1,1,False
3825353,2511.0,single nucleotide variant,"criteria provided, single submitter",1,Pathogenic,BRCA2,1,False
3825431,1543.0,single nucleotide variant,"criteria provided, single submitter",1,Pathogenic,BRCA2,1,False
3825475,2753.0,single nucleotide variant,"criteria provided, single submitter",1,Benign,BRCA2,0,False
3874891,302.0,Insertion,"criteria provided, single submitter",1,Pathogenic,MSH2,1,True
3875065,1296.0,Duplication,"criteria provided, single submitter",1,Pathogenic,MSH6,1,True
3875069,969.0,single nucleotide variant,"criteria provided, single submitter",1,Pathogenic,MSH6,1,True
3875080,919.0,single nucleotide variant,"criteria provided, single submitter",1,Pathogenic,MSH6,1,True
3881072,2844.0,single nucleotide variant,"criteria provided, single submitter",1,Pathogenic,APC,1,False
3890982,583.0,single nucleotide variant,"criteria provided, single submitter",1,Pathogenic,PMS2,1,True
3891740,1328.0,Duplication,"criteria provided, single submitter",1,Pathogenic,MSH6,1,True
3892133,470.0,Duplication,"criteria provided, single submitter",1,Pathogenic,PMS2,1,True
3893340,585.0,single nucleotide variant,"criteria provided, single submitter",1,Pathogenic,BRCA1,1,False
3893832,318.0,Indel,"criteria provided, single submitter",1,Pathogenic,MSH6,1,False
3894136,2236.0,Insertion,"criteria provided, single submitter",1,Pathogenic,APC,1,False
3894479,1053.0,single nucleotide variant,"criteria provided, single submitter",1,Pathogenic,BRCA2,1,False
3895922,43.0,Duplication,"criteria provided, single submitter",1,Pathogenic,BRCA2,1,False
3895933,167.0,single nucleotide variant,"criteria provided, single submitter",1,Pathogenic,APC,1,False
3903434,92.0,single nucleotide variant,"criteria provided, single submitter",1,Benign,PTEN,0,True
3903436,656.0,single nucleotide variant,"criteria provided, single submitter",1,Benign,PMS2,0,True
3903437,759.0,single nucleotide variant,"criteria provided, single submitter",1,Benign,PMS2,0,True
3903439,269.0,single nucleotide variant,"criteria provided, single submitter",1,Benign,PTEN,0,False
3903440,133.0,single nucleotide variant,"criteria provided, single submitter",1,Benign,PMS2,0,True
3903441,606.0,single nucleotide variant,"criteria provided, single submitter",1,Benign,PMS2,0,True
3903443,57.0,single nucleotide variant,"criteria provided, single submitter",1,Benign,PTEN,0,True
3903444,495.0,single nucleotide variant,"criteria provided, single submitter",1,Benign,PMS2,0,True
3903450,515.0,single nucleotide variant,"criteria provided, single submitter",1,Benign,MSH6,0,True
3903455,1200.0,single nucleotide variant,"criteria provided, single submitter",1,Benign,MSH6,0,True
3903457,559.0,single nucleotide variant,"criteria provided, single submitter",1,Benign,PMS2,0,True
3903464,350.0,single nucleotide variant,"criteria provided, single submitter",1,Benign,PMS2,0,True
3903466,112.0,single nucleotide variant,"criteria provided, single submitter",1,Benign,PTEN,0,True
3903467,259.0,single nucleotide variant,"criteria provided, single submitter",1,Benign,PMS2,0,True
3903469,1196.0,single nucleotide variant,"criteria provided, single submitter",1,Benign,MSH6,0,True
3903472,584.0,single nucleotide variant,"criteria provided, single submitter",1,Benign,PMS2,0,True
3903473,608.0,single nucleotide variant,"criteria provided, single submitter",1,Benign,PMS2,0,True
3903475,96.0,single nucleotide variant,"criteria provided, single submitter",1,Benign,PMS2,0,True
3903478,47.0,single nucleotide variant,"criteria provided, single submitter",1,Benign,PMS2,0,True
3903480,59.0,single nucleotide variant,"criteria provided, multiple submitters, no conflicts",2,Benign,PMS2,0,True
3903484,904.0,single nucleotide variant,"criteria provided, single submitter",1,Benign,MSH2,0,False
3903488,1219.0,single nucleotide variant,"criteria provided, single submitter",1,Benign,MSH6,0,True
3903497,1078.0,single nucleotide variant,"criteria provided, single submitter",1,Benign,MSH6,0,True
3903499,24.0,single nucleotide variant,"criteria provided, single submitter",1,Benign,MSH6,0,False
3903500,56.0,single nucleotide variant,"criteria provided, single submitter",1,Benign,MSH6,0,False
3903506,154.0,single nucleotide variant,"criteria provided, single submitter",1,Benign,MSH6,0,False
3903510,165.0,single nucleotide variant,"criteria provided, single submitter",1,Benign,PTEN,0,True
3903522,355.0,single nucleotide variant,"criteria provided, single submitter",1,Benign,PMS2,0,True
3903525,336.0,single nucleotide variant,"criteria provided, single submitter",1,Benign,PMS2,0,True
3903527,143.0,single nucleotide variant,"criteria provided, single submitter",1,Benign,MSH6,0,False
3903531,278.0,single nucleotide variant,"criteria provided, single submitter",1,Benign,PMS2,0,True
3903535,305.0,single nucleotide variant,"criteria provided, single submitter",1,Benign,PTEN,0,False
3903546,302.0,single nucleotide variant,"criteria provided, single submitter",1,Benign,PTEN,0,False
3903549,153.0,single nucleotide variant,"criteria provided, single submitter",1,Benign,MSH6,0,False
3903551,859.0,single nucleotide variant,"criteria provided, single submitter",1,Benign,PMS2,0,False
3903556,931.0,single nucleotide variant,"criteria provided, single submitter",1,Benign,MSH2,0,False
3903559,779.0,single nucleotide variant,"criteria provided, single submitter",1,Benign,PMS2,0,True
3903561,817.0,single nucleotide variant,"criteria provided, single submitter",1,Benign,MSH6,0,True
3903566,421.0,single nucleotide variant,"criteria provided, single submitter",1,Benign,PMS2,0,True
3903567,147.0,single nucleotide variant,"criteria provided, single submitter",1,Benign,PMS2,0,True
3903568,540.0,single nucleotide variant,"criteria provided, single submitter",1,Benign,PMS2,0,True
3903569,569.0,single nucleotide variant,"criteria provided, single submitter",1,Benign,PMS2,0,True
3903571,579.0,single nucleotide variant,"criteria provided, single submitter",1,Benign,PMS2,0,True
3903575,42.0,single nucleotide variant,"criteria provided, single submitter",1,Benign,PMS2,0,True
3903576,52.0,single nucleotide variant,"criteria provided, single submitter",1,Benign,PMS2,0,True
3903579,74.0,single nucleotide variant,"criteria provided, single submitter",1,Benign,MSH6,0,False
3903580,131.0,single nucleotide variant,"criteria provided, single submitter",1,Benign,PMS2,0,True
3903584,842.0,single nucleotide variant,"criteria provided, single submitter",1,Benign,PMS2,0,True
3903590,828.0,single nucleotide variant,"criteria provided, single submitter",1,Benign,MSH6,0,True
3903591,612.0,single nucleotide variant,"criteria provided, single submitter",1,Benign,PMS2,0,True
3903604,111.0,single nucleotide variant,"criteria provided, single submitter",1,Benign,PMS2,0,True
3903605,625.0,single nucleotide variant,"criteria provided, single submitter",1,Benign,PMS2,0,True
3903612,72.0,single nucleotide variant,"criteria provided, single submitter",1,Benign,PMS2,0,True
3903615,838.0,single nucleotide variant,"criteria provided, single submitter",1,Benign,PMS2,0,True
3903616,422.0,single nucleotide variant,"criteria provided, single submitter",1,Benign,MSH6,0,True
3903620,82.0,single nucleotide variant,"criteria provided, single submitter",1,Benign,PMS2,0,True
3903622,952.0,single nucleotide variant,"criteria provided, single submitter",1,Benign,MSH6,0,True
3903624,277.0,single nucleotide variant,"criteria provided, single submitter",1,Benign,MSH6,0,False
3903638,170.0,single nucleotide variant,"criteria provided, single submitter",1,Benign,PTEN,0,True
3903640,821.0,single nucleotide variant,"criteria provided, single submitter",1,Benign,MSH6,0,True
3903641,937.0,single nucleotide variant,"criteria provided, single submitter",1,Benign,MSH6,0,True
3903645,177.0,single nucleotide variant,"criteria provided, single submitter",1,Benign,PTEN,0,True
3903646,216.0,single nucleotide variant,"criteria provided, single submitter",1,Benign,MSH6,0,False
3903654,250.0,single nucleotide variant,"criteria provided, single submitter",1,Benign,PMS2,0,True
3903661,705.0,single nucleotide variant,"criteria provided, single submitter",1,Benign,MSH6,0,True
3903664,44.0,single nucleotide variant,"criteria provided, single submitter",1,Benign,PTEN,0,True
3903665,116.0,single nucleotide variant,"criteria provided, single submitter",1,Benign,MSH6,0,False
3903666,30.0,single nucleotide variant,"criteria provided, single submitter",1,Benign,PTEN,0,True
3903671,888.0,single nucleotide variant,"criteria provided, single submitter",1,Benign,MSH2,0,False
3903678,298.0,single nucleotide variant,"criteria provided, single submitter",1,Benign,MSH6,0,False
3903683,823.0,single nucleotide variant,"criteria provided, single submitter",1,Benign,MSH6,0,True
3903688,972.0,single nucleotide variant,"criteria provided, single submitter",1,Benign,MSH6,0,True
3903690,394.0,single nucleotide variant,"criteria provided, single submitter",1,Benign,PTEN,0,False
3903695,68.0,single nucleotide variant,"criteria provided, single submitter",1,Benign,PMS2,0,True
3903700,391.0,single nucleotide variant,"criteria provided, single submitter",1,Benign,MSH6,0,False
3903711,652.0,single nucleotide variant,"criteria provided, single submitter",1,Pathogenic,BRCA1,1,False
3903719,210.0,single nucleotide variant,"criteria provided, single submitter",1,Benign,PTEN,0,False
3903722,699.0,single nucleotide variant,"criteria provided, single submitter",1,Benign,MSH6,0,True
3903735,759.0,single nucleotide variant,"criteria provided, single submitter",1,Benign,MSH6,0,True
3903737,866.0,single nucleotide variant,"criteria provided, single submitter",1,Benign,MSH6,0,True
3903741,300.0,single nucleotide variant,"criteria provided, single submitter",1,Benign,MSH6,0,False
3903744,226.0,single nucleotide variant,"criteria provided, single submitter",1,Benign,PTEN,0,False
3903745,1260.0,single nucleotide variant,"criteria provided, single submitter",1,Benign,MSH6,0,True
3903749,603.0,single nucleotide variant,"criteria provided, single submitter",1,Benign,PMS2,0,True
3903751,324.0,single nucleotide variant,"criteria provided, single submitter",1,Benign,PTEN,0,False
3903754,420.0,single nucleotide variant,"criteria provided, single submitter",1,Benign,PMS2,0,True
3903755,415.0,single nucleotide variant,"criteria provided, single submitter",1,Benign,PMS2,0,True
3903756,402.0,single nucleotide variant,"criteria provided, single submitter",1,Benign,PTEN,0,False
3903760,54.0,single nucleotide variant,"criteria provided, single submitter",1,Benign,MSH6,0,False
3903762,306.0,single nucleotide variant,"criteria provided, single submitter",1,Benign,MSH6,0,False
3903767,564.0,single nucleotide variant,"criteria provided, single submitter",1,Benign,MSH6,0,True
3903769,271.0,single nucleotide variant,"criteria provided, single submitter",1,Benign,PMS2,0,True
3903780,816.0,single nucleotide variant,"criteria provided, single submitter",1,Benign,MSH6,0,True
3903784,1299.0,single nucleotide variant,"criteria provided, single submitter",1,Benign,MSH6,0,True
3903786,1261.0,single nucleotide variant,"criteria provided, single submitter",1,Benign,MSH6,0,True
3903796,555.0,single nucleotide variant,"criteria provided, single submitter",1,Benign,MSH6,0,True
3903801,238.0,single nucleotide variant,"criteria provided, single submitter",1,Benign,PMS2,0,True
3903810,340.0,single nucleotide variant,"criteria provided, single submitter",1,Benign,MSH6,0,False
3903822,292.0,single nucleotide variant,"criteria provided, single submitter",1,Benign,MSH6,0,False
3903823,882.0,single nucleotide variant,"criteria provided, single submitter",1,Benign,MSH2,0,False
3903837,108.0,single nucleotide variant,"criteria provided, single submitter",1,Benign,PTEN,0,True
3903846,82.0,single nucleotide variant,"criteria provided, single submitter",1,Benign,MSH6,0,False
3903847,15.0,single nucleotide variant,"criteria provided, single submitter",1,Benign,PTEN,0,False
3903849,983.0,single nucleotide variant,"criteria provided, single submitter",1,Benign,MSH6,0,True
3903859,266.0,single nucleotide variant,"criteria provided, single submitter",1,Benign,PMS2,0,True
3903872,175.0,single nucleotide variant,"criteria provided, single submitter",1,Benign,MSH6,0,False
3903874,1028.0,single nucleotide variant,"criteria provided, single submitter",1,Benign,MSH6,0,True
3903875,206.0,single nucleotide variant,"criteria provided, single submitter",1,Benign,PMS2,0,True
3903878,380.0,single nucleotide variant,"criteria provided, single submitter",1,Benign,PTEN,0,False
3903886,317.0,single nucleotide variant,"criteria provided, single submitter",1,Benign,PTEN,0,False
3903889,855.0,single nucleotide variant,"criteria provided, single submitter",1,Benign,MSH6,0,True
3903898,246.0,single nucleotide variant,"criteria provided, single submitter",1,Benign,PTEN,0,False
3903903,89.0,single nucleotide variant,"criteria provided, single submitter",1,Benign,PMS2,0,True
3903917,849.0,single nucleotide variant,"criteria provided, single submitter",1,Benign,PMS2,0,True
3903919,407.0,single nucleotide variant,"criteria provided, single submitter",1,Benign,PMS2,0,True
3903922,240.0,single nucleotide variant,"criteria provided, single submitter",1,Benign,MSH6,0,False
3903925,145.0,single nucleotide variant,"criteria provided, single submitter",1,Benign,MSH6,0,False
3903927,475.0,single nucleotide variant,"criteria provided, single submitter",1,Benign,MSH6,0,True
3903932,1105.0,single nucleotide variant,"criteria provided, single submitter",1,Benign,MSH6,0,True
3903933,848.0,single nucleotide variant,"criteria provided, single submitter",1,Benign,MSH6,0,True
3903934,164.0,single nucleotide variant,"criteria provided, single submitter",1,Benign,PMS2,0,True
3903949,269.0,single nucleotide variant,"criteria provided, single submitter",1,Benign,PMS2,0,True
3903950,1141.0,single nucleotide variant,"criteria provided, single submitter",1,Benign,MSH6,0,True
3903956,169.0,single nucleotide variant,"criteria provided, single submitter",1,Benign,PMS2,0,True
3903958,390.0,single nucleotide variant,"criteria provided, single submitter",1,Benign,PMS2,0,True
3903960,117.0,single nucleotide variant,"criteria provided, single submitter",1,Benign,MSH6,0,False
3903961,343.0,single nucleotide variant,"criteria provided, single submitter",1,Benign,MSH6,0,False
3903963,722.0,single nucleotide variant,"criteria provided, single submitter",1,Benign,MSH6,0,True
3903965,1180.0,single nucleotide variant,"criteria provided, single submitter",1,Benign,MSH6,0,True
3903967,342.0,single nucleotide variant,"criteria provided, single submitter",1,Benign,MSH6,0,False
3903968,880.0,single nucleotide variant,"criteria provided, single submitter",1,Benign,MSH2,0,False
3903969,398.0,single nucleotide variant,"criteria provided, single submitter",1,Benign,PTEN,0,False
3903971,46.0,single nucleotide variant,"criteria provided, single submitter",1,Benign,MSH6,0,False
3903972,559.0,single nucleotide variant,"criteria provided, single submitter",1,Benign,PMS2,0,True
3903974,624.0,single nucleotide variant,"criteria provided, single submitter",1,Benign,MSH6,0,True
3903983,907.0,single nucleotide variant,"criteria provided, single submitter",1,Benign,MSH6,0,True
3903984,800.0,single nucleotide variant,"criteria provided, single submitter",1,Benign,PMS2,0,True
3903987,300.0,single nucleotide variant,"criteria provided, single submitter",1,Benign,MSH6,0,False
3903989,262.0,single nucleotide variant,"criteria provided, single submitter",1,Benign,PMS2,0,True
3903998,519.0,single nucleotide variant,"criteria provided, single submitter",1,Benign,MSH6,0,True
3904000,135.0,single nucleotide variant,"criteria provided, single submitter",1,Benign,MSH6,0,False
3904004,1132.0,single nucleotide variant,"criteria provided, single submitter",1,Benign,MSH6,0,True
3904016,448.0,single nucleotide variant,"criteria provided, single submitter",1,Benign,PMS2,0,True
3904025,672.0,single nucleotide variant,"criteria provided, single submitter",1,Benign,MSH6,0,True
3904026,245.0,single nucleotide variant,"criteria provided, single submitter",1,Benign,MSH6,0,False
3904045,1154.0,single nucleotide variant,"criteria provided, single submitter",1,Benign,MSH6,0,True
3904047,1449.0,single nucleotide variant,"criteria provided, single submitter",1,Pathogenic,APC,1,False
3904050,377.0,single nucleotide variant,"criteria provided, single submitter",1,Benign,PMS2,0,True
3904054,189.0,single nucleotide variant,"criteria provided, single submitter",1,Benign,PTEN,0,False
3904064,38.0,single nucleotide variant,"criteria provided, single submitter",1,Benign,MSH6,0,False
3904070,146.0,single nucleotide variant,"criteria provided, single submitter",1,Benign,MSH6,0,False
3904072,550.0,single nucleotide variant,"criteria provided, single submitter",1,Benign,MSH6,0,True
3904094,384.0,single nucleotide variant,"criteria provided, single submitter",1,Benign,MSH6,0,False
3904109,1209.0,single nucleotide variant,"criteria provided, single submitter",1,Benign,MSH6,0,True
3904123,41.0,single nucleotide variant,"criteria provided, single submitter",1,Benign,MSH6,0,False
3904126,670.0,single nucleotide variant,"criteria provided, single submitter",1,Benign,MSH6,0,True
3904145,794.0,single nucleotide variant,"criteria provided, single submitter",1,Benign,MSH6,0,True
3904156,858.0,single nucleotide variant,"criteria provided, single submitter",1,Pathogenic,BRCA2,1,False
3904160,209.0,single nucleotide variant,"criteria provided, single submitter",1,Benign,PTEN,0,False
3904161,760.0,single nucleotide variant,"criteria provided, single submitter",1,Benign,MSH6,0,True
3904166,1198.0,single nucleotide variant,"criteria provided, single submitter",1,Benign,MSH6,0,True
3904188,93.0,single nucleotide variant,"criteria provided, single submitter",1,Benign,MSH6,0,False
3904193,96.0,single nucleotide variant,"criteria provided, single submitter",1,Benign,PTEN,0,True
3904195,1253.0,single nucleotide variant,"criteria provided, single submitter",1,Benign,MSH6,0,True
3904197,498.0,single nucleotide variant,"criteria provided, single submitter",1,Benign,MSH6,0,True
3904198,39.0,single nucleotide variant,"criteria provided, single submitter",1,Benign,MSH6,0,False
3904211,357.0,single nucleotide variant,"criteria provided, single submitter",1,Benign,PMS2,0,True
3904212,590.0,single nucleotide variant,"criteria provided, single submitter",1,Benign,PMS2,0,True
3904217,567.0,single nucleotide variant,"criteria provided, single submitter",1,Benign,MSH6,0,True
3904220,624.0,single nucleotide variant,"criteria provided, single submitter",1,Benign,PMS2,0,True
3904225,1077.0,single nucleotide variant,"criteria provided, single submitter",1,Benign,MSH6,0,True
3904239,509.0,single nucleotide variant,"criteria provided, single submitter",1,Benign,PMS2,0,True
3904244,511.0,single nucleotide variant,"criteria provided, single submitter",1,Benign,MSH6,0,True
3904248,871.0,single nucleotide variant,"criteria provided, single submitter",1,Benign,MSH6,0,True
3904251,74.0,single nucleotide variant,"criteria provided, single submitter",1,Benign,MSH6,0,False
3904257,547.0,single nucleotide variant,"criteria provided, single submitter",1,Benign,PMS2,0,True
3904263,24.0,single nucleotide variant,"criteria provided, single submitter",1,Benign,MSH6,0,False
3904272,129.0,single nucleotide variant,"criteria provided, single submitter",1,Benign,MSH6,0,False
3904291,1343.0,single nucleotide variant,"criteria provided, single submitter",1,Benign,MSH6,0,True
3904296,249.0,single nucleotide variant,"criteria provided, single submitter",1,Benign,PTEN,0,False
3904304,584.0,single nucleotide variant,"criteria provided, single submitter",1,Benign,MSH6,0,True
3904305,39.0,Indel,"criteria provided, single submitter",1,Benign,MSH6,0,False
3904308,664.0,single nucleotide variant,"criteria provided, single submitter",1,Benign,MSH6,0,True
3904314,878.0,single nucleotide variant,"criteria provided, single submitter",1,Benign,MSH6,0,True
3904315,1019.0,single nucleotide variant,"criteria provided, single submitter",1,Benign,MSH6,0,True
3904323,101.0,single nucleotide variant,"criteria provided, single submitter",1,Benign,PTEN,0,True
3904329,38.0,single nucleotide variant,"criteria provided, single submitter",1,Benign,PMS2,0,True
3904342,333.0,single nucleotide variant,"criteria provided, single submitter",1,Benign,MSH6,0,False
3904343,1290.0,single nucleotide variant,"criteria provided, single submitter",1,Benign,MSH6,0,True
3904347,398.0,single nucleotide variant,"criteria provided, single submitter",1,Benign,MSH6,0,False
3904351,341.0,single nucleotide variant,"criteria provided, single submitter",1,Benign,MSH6,0,False
3904358,140.0,single nucleotide variant,"criteria provided, single submitter",1,Benign,PMS2,0,True
3904407,872.0,single nucleotide variant,"criteria provided, single submitter",1,Benign,MSH6,0,True
3904414,521.0,single nucleotide variant,"criteria provided, single submitter",1,Benign,MSH6,0,True
3904419,112.0,single nucleotide variant,"criteria provided, single submitter",1,Benign,PTEN,0,True
3904442,691.0,single nucleotide variant,"criteria provided, single submitter",1,Benign,MSH6,0,True
3904462,370.0,single nucleotide variant,"criteria provided, single submitter",1,Benign,PMS2,0,True
3904506,309.0,single nucleotide variant,"criteria provided, single submitter",1,Benign,PMS2,0,True
3904520,443.0,single nucleotide variant,"criteria provided, single submitter",1,Benign,MSH6,0,True
3904561,39.0,Indel,"criteria provided, single submitter",1,Benign,MSH6,0,False
3904616,277.0,single nucleotide variant,"criteria provided, single submitter",1,Benign,PMS2,0,True
3904653,479.0,single nucleotide variant,"criteria provided, single submitter",1,Benign,MSH6,0,True
3904666,20.0,Indel,"criteria provided, single submitter",1,Benign,PMS2,0,True
3904678,597.0,single nucleotide variant,"criteria provided, single submitter",1,Benign,MSH6,0,True
3904682,329.0,Indel,"criteria provided, single submitter",1,Pathogenic,PMS2,1,True
3904684,1065.0,single nucleotide variant,"criteria provided, single submitter",1,Benign,MSH6,0,True
3904709,477.0,single nucleotide variant,"criteria provided, single submitter",1,Benign,MSH6,0,True
3904748,308.0,Microsatellite,"criteria provided, single submitter",1,Pathogenic,BRCA1,1,False
3904758,658.0,single nucleotide variant,"criteria provided, single submitter",1,Benign,PMS2,0,True
3904759,13.0,single nucleotide variant,"criteria provided, single submitter",1,Benign,MSH6,0,False
3904764,1176.0,single nucleotide variant,"criteria provided, single submitter",1,Benign,MSH6,0,True
3904770,425.0,single nucleotide variant,"criteria provided, single submitter",1,Benign,PMS2,0,True
3913583,154.0,Indel,"criteria provided, single submitter",1,Pathogenic,MSH2,1,False
3913743,954.0,Insertion,"criteria provided, single submitter",1,Pathogenic,MSH6,1,True
3913748,1032.0,Indel,"criteria provided, single submitter",1,Pathogenic,MSH6,1,True
3913771,1296.0,single nucleotide variant,"criteria provided, single submitter",1,Pathogenic,MSH6,1,True
3927967,318.0,single nucleotide variant,"criteria provided, single submitter",1,Pathogenic,APC,1,False
3928773,1588.0,single nucleotide variant,"criteria provided, single submitter",1,Pathogenic,APC,1,False
3992625,1278.0,Insertion,"criteria provided, single submitter",1,Pathogenic,BRCA1,1,False
3992675,612.0,single nucleotide variant,"criteria provided, single submitter",1,Pathogenic,BRCA2,1,False
3992743,3167.0,single nucleotide variant,"criteria provided, single submitter",1,Pathogenic,BRCA2,1,False
3992765,1324.0,Duplication,"criteria provided, single submitter",1,Pathogenic,BRCA2,1,False
3992775,2551.0,single nucleotide variant,"criteria provided, single submitter",1,Benign,BRCA2,0,False
3992781,1137.0,single nucleotide variant,"criteria provided, single submitter",1,Pathogenic,BRCA2,1,False
3992784,2883.0,single nucleotide variant,"criteria provided, single submitter",1,Benign,BRCA2,0,True
3992855,2548.0,single nucleotide variant,"criteria provided, single submitter",1,Benign,BRCA2,0,False
4056227,426.0,single nucleotide variant,"criteria provided, single submitter",1,Pathogenic,BRCA2,1,False
4056229,220.0,single nucleotide variant,"criteria provided, single submitter",1,Pathogenic,APC,1,False
4056257,178.0,single nucleotide variant,"criteria provided, single submitter",1,Pathogenic,PTEN,1,True
4071013,93.0,single nucleotide variant,"criteria provided, single submitter",1,Benign,TP53,0,False
4071020,51.0,single nucleotide variant,"criteria provided, single submitter",1,Benign,TP53,0,False
4071030,280.0,single nucleotide variant,"criteria provided, single submitter",1,Benign,TP53,0,True
4071032,390.0,single nucleotide variant,"criteria provided, single submitter",1,Benign,TP53,0,False
4071041,195.0,single nucleotide variant,"criteria provided, single submitter",1,Benign,TP53,0,True
4071042,153.0,single nucleotide variant,"criteria provided, single submitter",1,Benign,TP53,0,True
4071052,259.0,single nucleotide variant,"criteria provided, single submitter",1,Benign,TP53,0,True
4071082,349.0,single nucleotide variant,"criteria provided, single submitter",1,Benign,TP53,0,False
4071119,22.0,single nucleotide variant,"criteria provided, single submitter",1,Benign,TP53,0,False
4071142,162.0,single nucleotide variant,"criteria provided, single submitter",1,Benign,TP53,0,True
4071149,1381.0,single nucleotide variant,"criteria provided, single submitter",1,Pathogenic,BRCA2,1,False
4071176,119.0,single nucleotide variant,"criteria provided, single submitter",1,Benign,TP53,0,True
4071191,274.0,single nucleotide variant,"criteria provided, single submitter",1,Benign,TP53,0,True
4071194,114.0,single nucleotide variant,"criteria provided, single submitter",1,Benign,TP53,0,True
4071201,1267.0,single nucleotide variant,"criteria provided, single submitter",1,Pathogenic,BRCA1,1,False
4071207,154.0,single nucleotide variant,"criteria provided, single submitter",1,Benign,TP53,0,True
4071218,379.0,single nucleotide variant,"criteria provided, multiple submitters, no conflicts",2,Pathogenic,BRCA2,1,False
4071227,80.0,single nucleotide variant,"criteria provided, single submitter",1,Benign,TP53,0,False
4071253,213.0,single nucleotide variant,"criteria provided, single submitter",1,Benign,TP53,0,True
4071266,47.0,single nucleotide variant,"criteria provided, single submitter",1,Benign,TP53,0,False
4071288,63.0,single nucleotide variant,"criteria provided, single submitter",1,Benign,TP53,0,False
4071305,163.0,single nucleotide variant,"criteria provided, single submitter",1,Benign,TP53,0,True
4071321,157.0,single nucleotide variant,"criteria provided, single submitter",1,Benign,TP53,0,True
4071329,147.0,single nucleotide variant,"criteria provided, single submitter",1,Benign,TP53,0,True
4071362,1029.0,single nucleotide variant,"criteria provided, single submitter",1,Pathogenic,MSH6,1,True
4071367,964.0,single nucleotide variant,"criteria provided, single submitter",1,Pathogenic,APC,1,True
4071420,83.0,single nucleotide variant,"criteria provided, single submitter",1,Benign,TP53,0,False
4071424,72.0,Indel,"criteria provided, single submitter",1,Benign,TP53,0,False
4071425,313.0,single nucleotide variant,"criteria provided, single submitter",1,Benign,TP53,0,False
4071427,371.0,single nucleotide variant,"criteria provided, single submitter",1,Benign,TP53,0,False
4071437,304.0,single nucleotide variant,"criteria provided, single submitter",1,Benign,TP53,0,False
4071438,376.0,single nucleotide variant,"criteria provided, single submitter",1,Benign,TP53,0,False
4071446,211.0,single nucleotide variant,"criteria provided, single submitter",1,Benign,TP53,0,True
4071448,81.0,single nucleotide variant,"criteria provided, single submitter",1,Benign,TP53,0,False
4082310,108.0,single nucleotide variant,"criteria provided, single submitter",1,Pathogenic,MSH6,1,False
4111029,459.0,Duplication,"criteria provided, single submitter",1,Pathogenic,MSH2,1,True
4121142,1098.0,single nucleotide variant,"criteria provided, single submitter",1,Pathogenic,APC,1,True
4121347,1239.0,Duplication,"criteria provided, single submitter",1,Pathogenic,APC,1,True
4147000,43.0,Duplication,"criteria provided, multiple submitters, no conflicts",2,Pathogenic,PTEN,1,True
4189258,239.0,single nucleotide variant,"criteria provided, single submitter",1,Pathogenic,TP53,1,True
4215072,636.0,single nucleotide variant,"criteria provided, single submitter",1,Pathogenic,BRCA1,1,False
4215086,1559.0,single nucleotide variant,"criteria provided, single submitter",1,Pathogenic,BRCA1,1,False
4215278,1046.0,single nucleotide variant,"criteria provided, single submitter",1,Pathogenic,BRCA2,1,False
4215923,3019.0,single nucleotide variant,"criteria provided, single submitter",1,Benign,BRCA2,0,True
4215927,2931.0,single nucleotide variant,"criteria provided, single submitter",1,Benign,BRCA2,0,True
4294155,50.0,single nucleotide variant,"criteria provided, single submitter",1,Pathogenic,MSH6,1,False
4294271,1208.0,Insertion,"criteria provided, single submitter",1,Pathogenic,MSH6,1,True
4531275,730.0,single nucleotide variant,"criteria provided, single submitter",1,Pathogenic,BRCA2,1,False
4532232,2497.0,single nucleotide variant,"criteria provided, single submitter",1,Pathogenic,BRCA2,1,False
4532265,1327.0,Duplication,"criteria provided, single submitter",1,Pathogenic,MSH6,1,True
4538586,174.0,single nucleotide variant,"criteria provided, single submitter",1,Pathogenic,PTEN,1,True
4539187,1332.0,single nucleotide variant,"criteria provided, single submitter",1,Pathogenic,BRCA1,1,False
4540629,1392.0,single nucleotide variant,"criteria provided, single submitter",1,Pathogenic,APC,1,False
4542159,80.0,Duplication,"criteria provided, single submitter",1,Pathogenic,BRCA1,1,False
4625385,902.0,single nucleotide variant,"criteria provided, single submitter",1,Pathogenic,BRCA1,1,False
4625576,1029.0,Duplication,"criteria provided, single submitter",1,Pathogenic,BRCA1,1,False
4625641,503.0,single nucleotide variant,"criteria provided, single submitter",1,Pathogenic,BRCA1,1,False
4626202,2856.0,single nucleotide variant,"criteria provided, single submitter",1,Benign,BRCA2,0,True
4628235,2665.0,Duplication,"criteria provided, single submitter",1,Pathogenic,BRCA2,1,False
4628906,1387.0,single nucleotide variant,"criteria provided, single submitter",1,Pathogenic,BRCA2,1,False
4628973,2006.0,Duplication,"criteria provided, multiple submitters, no conflicts",3,Pathogenic,BRCA2,1,False
4629423,2910.0,single nucleotide variant,"criteria provided, single submitter",1,Benign,BRCA2,0,True
4629600,2585.0,single nucleotide variant,"criteria provided, single submitter",1,Pathogenic,BRCA2,1,False
4657788,220.0,single nucleotide variant,"criteria provided, single submitter",1,Pathogenic,MSH6,1,False
4667309,642.0,single nucleotide variant,"criteria provided, single submitter",1,Pathogenic,PMS2,1,True
4667424,62.0,single nucleotide variant,"criteria provided, single submitter",1,Pathogenic,PMS2,1,True
4676743,330.0,Duplication,"criteria provided, single submitter",1,Pathogenic,PTEN,1,False
4682110,3132.0,single nucleotide variant,"criteria provided, single submitter",1,Pathogenic,BRCA2,1,False
4689213,1212.0,single nucleotide variant,"criteria provided, single submitter",1,Pathogenic,BRCA1,1,False
4698335,725.0,Insertion,"criteria provided, single submitter",1,Pathogenic,BRCA1,1,False
4712214,123.0,single nucleotide variant,"criteria provided, single submitter",1,Pathogenic,MSH6,1,False
4713082,393.0,single nucleotide variant,"criteria provided, single submitter",1,Pathogenic,BRCA1,1,False
4713780,301.0,single nucleotide variant,"criteria provided, single submitter",1,Pathogenic,PMS2,1,True
4714018,1472.0,single nucleotide variant,"criteria provided, single submitter",1,Pathogenic,BRCA2,1,False
4714249,2125.0,Duplication,"criteria provided, single submitter",1,Pathogenic,BRCA2,1,False
4714674,333.0,single nucleotide variant,"criteria provided, single submitter",1,Pathogenic,MSH2,1,True
4716857,78.0,single nucleotide variant,"criteria provided, single submitter",1,Pathogenic,MSH6,1,False
4718794,2212.0,single nucleotide variant,"criteria provided, single submitter",1,Pathogenic,APC,1,False
4720000,1154.0,single nucleotide variant,"criteria provided, single submitter",1,Pathogenic,BRCA1,1,False
4720638,196.0,single nucleotide variant,"criteria provided, single submitter",1,Pathogenic,MSH6,1,False
4721654,1456.0,single nucleotide variant,"criteria provided, single submitter",1,Pathogenic,APC,1,False
4722010,116.0,Duplication,"criteria provided, single submitter",1,Pathogenic,MSH6,1,False
4722609,1.0,single nucleotide variant,"criteria provided, single submitter",1,Pathogenic,MSH6,1,False
4723256,476.0,Indel,"criteria provided, single submitter",1,Pathogenic,MSH6,1,True
4724011,1631.0,single nucleotide variant,"criteria provided, single submitter",1,Pathogenic,BRCA2,1,False
4724838,1636.0,single nucleotide variant,"criteria provided, single submitter",1,Pathogenic,BRCA2,1,False
4725248,194.0,Insertion,"criteria provided, single submitter",1,Pathogenic,BRCA2,1,False
4725750,2438.0,Duplication,"criteria provided, single submitter",1,Pathogenic,BRCA2,1,False
4727051,1233.0,Insertion,"criteria provided, single submitter",1,Pathogenic,MSH6,1,True
4729705,2298.0,single nucleotide variant,"criteria provided, multiple submitters, no conflicts",2,Pathogenic,BRCA2,1,False
4730322,1075.0,Duplication,"criteria provided, single submitter",1,Pathogenic,BRCA1,1,False
4731155,419.0,single nucleotide variant,"criteria provided, single submitter",1,Pathogenic,BRCA2,1,False
4731841,1183.0,single nucleotide variant,"criteria provided, single submitter",1,Pathogenic,BRCA2,1,False
4731868,695.0,single nucleotide variant,"criteria provided, multiple submitters, no conflicts",2,Pathogenic,BRCA2,1,False
4733486,278.0,Duplication,"criteria provided, single submitter",1,Pathogenic,BRCA2,1,False
4734945,622.0,Insertion,"criteria provided, single submitter",1,Pathogenic,PMS2,1,True
4736292,1251.0,single nucleotide variant,"criteria provided, single submitter",1,Pathogenic,MSH6,1,True
4737642,2844.0,single nucleotide variant,"criteria provided, single submitter",1,Pathogenic,BRCA2,1,True
4756171,964.0,single nucleotide variant,"criteria provided, single submitter",1,Pathogenic,BRCA2,1,False
4757016,1487.0,single nucleotide variant,"criteria provided, single submitter",1,Pathogenic,BRCA2,1,False
4758837,1021.0,single nucleotide variant,"criteria provided, single submitter",1,Pathogenic,BRCA2,1,False
4759038,800.0,Duplication,"criteria provided, single submitter",1,Pathogenic,BRCA1,1,False
4763861,2558.0,single nucleotide variant,"criteria provided, single submitter",1,Pathogenic,BRCA2,1,False
4771574,917.0,single nucleotide variant,"criteria provided, single submitter",1,Benign,MSH2,0,False
4772255,1150.0,single nucleotide variant,"criteria provided, single submitter",1,Pathogenic,MSH6,1,True
4775511,1175.0,Indel,"criteria provided, single submitter",1,Pathogenic,MSH6,1,True
4795881,1094.0,single nucleotide variant,"criteria provided, single submitter",1,Pathogenic,BRCA1,1,False
4799755,256.0,single nucleotide variant,"criteria provided, single submitter",1,Benign,MSH2,0,True
4799784,479.0,single nucleotide variant,"criteria provided, single submitter",1,Benign,PMS2,0,True
4813014,192.0,single nucleotide variant,"criteria provided, single submitter",1,Pathogenic,MSH6,1,False
4813024,1318.0,Duplication,"criteria provided, single submitter",1,Pathogenic,MSH6,1,True
4813430,2172.0,single nucleotide variant,"criteria provided, single submitter",1,Pathogenic,BRCA2,1,False
4819111,269.0,single nucleotide variant,"criteria provided, single submitter",1,Pathogenic,MLH1,1,True
4824519,2503.0,single nucleotide variant,"criteria provided, single submitter",1,Benign,BRCA2,0,False
4824536,2110.0,Duplication,"criteria provided, multiple submitters, no conflicts",2,Pathogenic,BRCA2,1,False
4824556,2885.0,single nucleotide variant,"criteria provided, single submitter",1,Benign,BRCA2,0,True
4825253,1291.0,Duplication,"criteria provided, single submitter",1,Pathogenic,MSH6,1,True
4826889,2530.0,single nucleotide variant,"criteria provided, single submitter",1,Benign,BRCA2,0,False
4827080,703.0,single nucleotide variant,"criteria provided, single submitter",1,Pathogenic,MLH1,1,False
4841103,124.0,single nucleotide variant,"criteria provided, single submitter",1,Pathogenic,PTEN,1,True
4842959,2886.0,single nucleotide variant,"criteria provided, single submitter",1,Benign,BRCA2,0,True
4842986,770.0,single nucleotide variant,"criteria provided, single submitter",1,Pathogenic,PMS2,1,True
4843517,713.0,single nucleotide variant,"criteria provided, single submitter",1,Pathogenic,APC,1,False
4843691,996.0,single nucleotide variant,"criteria provided, single submitter",1,Pathogenic,MSH6,1,True
4850076,352.0,single nucleotide variant,"criteria provided, single submitter",1,Pathogenic,BRCA2,1,False
4851982,232.0,single nucleotide variant,"criteria provided, single submitter",1,Pathogenic,BRCA2,1,False
4851990,1183.0,single nucleotide variant,"criteria provided, single submitter",1,Pathogenic,BRCA1,1,False
4852013,2224.0,Duplication,"criteria provided, single submitter",1,Pathogenic,BRCA2,1,False
4853800,1955.0,Indel,"criteria provided, single submitter",1,Pathogenic,BRCA2,1,False
4856476,1984.0,single nucleotide variant,"criteria provided, single submitter",1,Benign,BRCA2,0,False
4856526,299.0,single nucleotide variant,"criteria provided, single submitter",1,Benign,BRCA1,0,False
4856533,881.0,single nucleotide variant,"criteria provided, single submitter",1,Benign,BRCA1,0,False
4856713,232.0,Duplication,"criteria provided, single submitter",1,Pathogenic,BRCA2,1,False
4856723,814.0,single nucleotide variant,"criteria provided, single submitter",1,Pathogenic,PMS2,1,True
4856772,2315.0,single nucleotide variant,"criteria provided, single submitter",1,Pathogenic,APC,1,False
4856779,1.0,single nucleotide variant,"criteria provided, single submitter",1,Pathogenic,MLH1,1,False
4857010,1051.0,single nucleotide variant,"criteria provided, single submitter",1,Pathogenic,BRCA2,1,False
4860118,407.0,Duplication,"criteria provided, single submitter",1,Pathogenic,MLH1,1,False
4860388,1090.0,single nucleotide variant,"criteria provided, single submitter",1,Pathogenic,MSH6,1,True
4860397,1240.0,Duplication,"criteria provided, single submitter",1,Pathogenic,MSH6,1,True
4860408,1012.0,single nucleotide variant,"criteria provided, single submitter",1,Pathogenic,MSH6,1,True
4860420,850.0,Duplication,"criteria provided, single submitter",1,Pathogenic,MSH6,1,True
4860861,202.0,single nucleotide variant,"criteria provided, single submitter",1,Pathogenic,APC,1,False
4861083,399.0,single nucleotide variant,"criteria provided, single submitter",1,Pathogenic,APC,1,False
4861226,1855.0,single nucleotide variant,"criteria provided, single submitter",1,Pathogenic,APC,1,False
4865867,51.0,single nucleotide variant,"criteria provided, single submitter",1,Benign,TP53,0,False
4867720,793.0,Insertion,"criteria provided, single submitter",1,Pathogenic,BRCA1,1,False
4867744,752.0,single nucleotide variant,"criteria provided, single submitter",1,Pathogenic,BRCA1,1,False
4867778,2853.0,single nucleotide variant,"criteria provided, single submitter",1,Benign,BRCA2,0,True
4867807,748.0,single nucleotide variant,"criteria provided, single submitter",1,Pathogenic,BRCA2,1,False
4867809,2920.0,single nucleotide variant,"criteria provided, single submitter",1,Benign,BRCA2,0,True
4867813,887.0,single nucleotide variant,"criteria provided, single submitter",1,Pathogenic,BRCA2,1,False
4871826,1169.0,Duplication,"criteria provided, single submitter",1,Pathogenic,BRCA1,1,False
4875765,1665.0,single nucleotide variant,"criteria provided, single submitter",1,Pathogenic,BRCA2,1,False
4876123,2022.0,single nucleotide variant,"criteria provided, single submitter",1,Pathogenic,BRCA2,1,False
4876165,2193.0,single nucleotide variant,"criteria provided, single submitter",1,Pathogenic,BRCA2,1,False
4879828,125.0,single nucleotide variant,"criteria provided, single submitter",1,Pathogenic,PTEN,1,True
4880004,155.0,Insertion,"criteria provided, single submitter",1,Pathogenic,PTEN,1,True
4890763,1502.0,single nucleotide variant,"criteria provided, single submitter",1,Pathogenic,BRCA2,1,False
